entity_id,n_events,n_unique_customers,top3_customer_concentration,cancellation_rate,source,log_n_events,rule_flag_single_customer_all_cancelled,anomaly_score,anomaly_score_raw
160194,98,1,1.0,0.0,instacart_grocery,4.59511985013459,False,-1,-0.08723045218360304
99955,98,1,1.0,0.0,instacart_grocery,4.59511985013459,False,-1,-0.08723045218360304
189025,98,1,1.0,0.0,instacart_grocery,4.59511985013459,False,-1,-0.08723045218360304
52904,98,1,1.0,0.0,instacart_grocery,4.59511985013459,False,-1,-0.08723045218360304
101580,98,1,1.0,0.0,instacart_grocery,4.59511985013459,False,-1,-0.08723045218360304
2604,98,1,1.0,0.0,instacart_grocery,4.59511985013459,False,-1,-0.08723045218360304
65807,98,1,1.0,0.0,instacart_grocery,4.59511985013459,False,-1,-0.08723045218360304
138433,98,1,1.0,0.0,instacart_grocery,4.59511985013459,False,-1,-0.08723045218360304
5253,98,1,1.0,0.0,instacart_grocery,4.59511985013459,False,-1,-0.08723045218360304
191004,98,1,1.0,0.0,instacart_grocery,4.59511985013459,False,-1,-0.08723045218360304
179667,98,1,1.0,0.0,instacart_grocery,4.59511985013459,False,-1,-0.08723045218360304
187524,98,1,1.0,0.0,instacart_grocery,4.59511985013459,False,-1,-0.08723045218360304
117944,98,1,1.0,0.0,instacart_grocery,4.59511985013459,False,-1,-0.08723045218360304
128687,98,1,1.0,0.0,instacart_grocery,4.59511985013459,False,-1,-0.08723045218360304
147788,98,1,1.0,0.0,instacart_grocery,4.59511985013459,False,-1,-0.08723045218360304
178872,98,1,1.0,0.0,instacart_grocery,4.59511985013459,False,-1,-0.08723045218360304
200156,98,1,1.0,0.0,instacart_grocery,4.59511985013459,False,-1,-0.08723045218360304
1866,98,1,1.0,0.0,instacart_grocery,4.59511985013459,False,-1,-0.08723045218360304
18191,98,1,1.0,0.0,instacart_grocery,4.59511985013459,False,-1,-0.08723045218360304
185371,98,1,1.0,0.0,instacart_grocery,4.59511985013459,False,-1,-0.08723045218360304
111936,98,1,1.0,0.0,instacart_grocery,4.59511985013459,False,-1,-0.08723045218360304
190056,98,1,1.0,0.0,instacart_grocery,4.59511985013459,False,-1,-0.08723045218360304
95296,98,1,1.0,0.0,instacart_grocery,4.59511985013459,False,-1,-0.08723045218360304
179262,98,1,1.0,0.0,instacart_grocery,4.59511985013459,False,-1,-0.08723045218360304
22986,98,1,1.0,0.0,instacart_grocery,4.59511985013459,False,-1,-0.08723045218360304
128710,98,1,1.0,0.0,instacart_grocery,4.59511985013459,False,-1,-0.08723045218360304
192287,98,1,1.0,0.0,instacart_grocery,4.59511985013459,False,-1,-0.08723045218360304
165274,98,1,1.0,0.0,instacart_grocery,4.59511985013459,False,-1,-0.08723045218360304
2307,98,1,1.0,0.0,instacart_grocery,4.59511985013459,False,-1,-0.08723045218360304
162224,98,1,1.0,0.0,instacart_grocery,4.59511985013459,False,-1,-0.08723045218360304
140440,98,1,1.0,0.0,instacart_grocery,4.59511985013459,False,-1,-0.08723045218360304
144415,98,1,1.0,0.0,instacart_grocery,4.59511985013459,False,-1,-0.08723045218360304
183871,98,1,1.0,0.0,instacart_grocery,4.59511985013459,False,-1,-0.08723045218360304
126715,98,1,1.0,0.0,instacart_grocery,4.59511985013459,False,-1,-0.08723045218360304
108363,98,1,1.0,0.0,instacart_grocery,4.59511985013459,False,-1,-0.08723045218360304
175519,98,1,1.0,0.0,instacart_grocery,4.59511985013459,False,-1,-0.08723045218360304
88008,98,1,1.0,0.0,instacart_grocery,4.59511985013459,False,-1,-0.08723045218360304
86454,98,1,1.0,0.0,instacart_grocery,4.59511985013459,False,-1,-0.08723045218360304
76205,98,1,1.0,0.0,instacart_grocery,4.59511985013459,False,-1,-0.08723045218360304
163102,98,1,1.0,0.0,instacart_grocery,4.59511985013459,False,-1,-0.08723045218360304
89581,98,1,1.0,0.0,instacart_grocery,4.59511985013459,False,-1,-0.08723045218360304
63885,98,1,1.0,0.0,instacart_grocery,4.59511985013459,False,-1,-0.08723045218360304
103835,98,1,1.0,0.0,instacart_grocery,4.59511985013459,False,-1,-0.08723045218360304
29374,98,1,1.0,0.0,instacart_grocery,4.59511985013459,False,-1,-0.08723045218360304
182430,98,1,1.0,0.0,instacart_grocery,4.59511985013459,False,-1,-0.08723045218360304
53928,98,1,1.0,0.0,instacart_grocery,4.59511985013459,False,-1,-0.08723045218360304
87481,98,1,1.0,0.0,instacart_grocery,4.59511985013459,False,-1,-0.08723045218360304
86802,98,1,1.0,0.0,instacart_grocery,4.59511985013459,False,-1,-0.08723045218360304
176828,98,1,1.0,0.0,instacart_grocery,4.59511985013459,False,-1,-0.08723045218360304
154645,98,1,1.0,0.0,instacart_grocery,4.59511985013459,False,-1,-0.08723045218360304
109904,97,1,1.0,0.0,instacart_grocery,4.584967478670572,False,-1,-0.08689591913703587
77293,97,1,1.0,0.0,instacart_grocery,4.584967478670572,False,-1,-0.08689591913703587
179548,97,1,1.0,0.0,instacart_grocery,4.584967478670572,False,-1,-0.08689591913703587
97401,97,1,1.0,0.0,instacart_grocery,4.584967478670572,False,-1,-0.08689591913703587
110314,97,1,1.0,0.0,instacart_grocery,4.584967478670572,False,-1,-0.08689591913703587
202371,97,1,1.0,0.0,instacart_grocery,4.584967478670572,False,-1,-0.08689591913703587
110986,97,1,1.0,0.0,instacart_grocery,4.584967478670572,False,-1,-0.08689591913703587
63023,97,1,1.0,0.0,instacart_grocery,4.584967478670572,False,-1,-0.08689591913703587
171132,97,1,1.0,0.0,instacart_grocery,4.584967478670572,False,-1,-0.08689591913703587
111608,97,1,1.0,0.0,instacart_grocery,4.584967478670572,False,-1,-0.08689591913703587
134177,97,1,1.0,0.0,instacart_grocery,4.584967478670572,False,-1,-0.08689591913703587
60807,97,1,1.0,0.0,instacart_grocery,4.584967478670572,False,-1,-0.08689591913703587
79046,97,1,1.0,0.0,instacart_grocery,4.584967478670572,False,-1,-0.08689591913703587
36370,97,1,1.0,0.0,instacart_grocery,4.584967478670572,False,-1,-0.08689591913703587
36944,97,1,1.0,0.0,instacart_grocery,4.584967478670572,False,-1,-0.08689591913703587
123751,97,1,1.0,0.0,instacart_grocery,4.584967478670572,False,-1,-0.08689591913703587
88236,97,1,1.0,0.0,instacart_grocery,4.584967478670572,False,-1,-0.08689591913703587
37007,97,1,1.0,0.0,instacart_grocery,4.584967478670572,False,-1,-0.08689591913703587
37056,97,1,1.0,0.0,instacart_grocery,4.584967478670572,False,-1,-0.08689591913703587
194051,97,1,1.0,0.0,instacart_grocery,4.584967478670572,False,-1,-0.08689591913703587
173968,97,1,1.0,0.0,instacart_grocery,4.584967478670572,False,-1,-0.08689591913703587
120538,97,1,1.0,0.0,instacart_grocery,4.584967478670572,False,-1,-0.08689591913703587
89251,97,1,1.0,0.0,instacart_grocery,4.584967478670572,False,-1,-0.08689591913703587
84210,97,1,1.0,0.0,instacart_grocery,4.584967478670572,False,-1,-0.08689591913703587
89934,97,1,1.0,0.0,instacart_grocery,4.584967478670572,False,-1,-0.08689591913703587
83608,97,1,1.0,0.0,instacart_grocery,4.584967478670572,False,-1,-0.08689591913703587
38495,97,1,1.0,0.0,instacart_grocery,4.584967478670572,False,-1,-0.08689591913703587
91351,97,1,1.0,0.0,instacart_grocery,4.584967478670572,False,-1,-0.08689591913703587
127081,97,1,1.0,0.0,instacart_grocery,4.584967478670572,False,-1,-0.08689591913703587
82925,97,1,1.0,0.0,instacart_grocery,4.584967478670572,False,-1,-0.08689591913703587
198496,97,1,1.0,0.0,instacart_grocery,4.584967478670572,False,-1,-0.08689591913703587
59180,97,1,1.0,0.0,instacart_grocery,4.584967478670572,False,-1,-0.08689591913703587
127506,97,1,1.0,0.0,instacart_grocery,4.584967478670572,False,-1,-0.08689591913703587
80883,97,1,1.0,0.0,instacart_grocery,4.584967478670572,False,-1,-0.08689591913703587
129168,97,1,1.0,0.0,instacart_grocery,4.584967478670572,False,-1,-0.08689591913703587
129605,97,1,1.0,0.0,instacart_grocery,4.584967478670572,False,-1,-0.08689591913703587
18631,97,1,1.0,0.0,instacart_grocery,4.584967478670572,False,-1,-0.08689591913703587
187431,97,1,1.0,0.0,instacart_grocery,4.584967478670572,False,-1,-0.08689591913703587
55626,97,1,1.0,0.0,instacart_grocery,4.584967478670572,False,-1,-0.08689591913703587
43448,97,1,1.0,0.0,instacart_grocery,4.584967478670572,False,-1,-0.08689591913703587
105168,97,1,1.0,0.0,instacart_grocery,4.584967478670572,False,-1,-0.08689591913703587
47676,97,1,1.0,0.0,instacart_grocery,4.584967478670572,False,-1,-0.08689591913703587
136966,97,1,1.0,0.0,instacart_grocery,4.584967478670572,False,-1,-0.08689591913703587
137453,97,1,1.0,0.0,instacart_grocery,4.584967478670572,False,-1,-0.08689591913703587
100612,97,1,1.0,0.0,instacart_grocery,4.584967478670572,False,-1,-0.08689591913703587
205417,97,1,1.0,0.0,instacart_grocery,4.584967478670572,False,-1,-0.08689591913703587
165820,97,1,1.0,0.0,instacart_grocery,4.584967478670572,False,-1,-0.08689591913703587
46202,97,1,1.0,0.0,instacart_grocery,4.584967478670572,False,-1,-0.08689591913703587
66411,97,1,1.0,0.0,instacart_grocery,4.584967478670572,False,-1,-0.08689591913703587
74575,97,1,1.0,0.0,instacart_grocery,4.584967478670572,False,-1,-0.08689591913703587
182873,97,1,1.0,0.0,instacart_grocery,4.584967478670572,False,-1,-0.08689591913703587
72156,97,1,1.0,0.0,instacart_grocery,4.584967478670572,False,-1,-0.08689591913703587
74740,97,1,1.0,0.0,instacart_grocery,4.584967478670572,False,-1,-0.08689591913703587
46518,97,1,1.0,0.0,instacart_grocery,4.584967478670572,False,-1,-0.08689591913703587
116255,99,1,1.0,0.0,instacart_grocery,4.605170185988092,False,-1,-0.08652919366342648
192754,99,1,1.0,0.0,instacart_grocery,4.605170185988092,False,-1,-0.08652919366342648
182425,99,1,1.0,0.0,instacart_grocery,4.605170185988092,False,-1,-0.08652919366342648
178506,99,1,1.0,0.0,instacart_grocery,4.605170185988092,False,-1,-0.08652919366342648
172985,99,1,1.0,0.0,instacart_grocery,4.605170185988092,False,-1,-0.08652919366342648
143774,99,1,1.0,0.0,instacart_grocery,4.605170185988092,False,-1,-0.08652919366342648
127577,99,1,1.0,0.0,instacart_grocery,4.605170185988092,False,-1,-0.08652919366342648
38171,99,1,1.0,0.0,instacart_grocery,4.605170185988092,False,-1,-0.08652919366342648
9158,99,1,1.0,0.0,instacart_grocery,4.605170185988092,False,-1,-0.08652919366342648
95802,99,1,1.0,0.0,instacart_grocery,4.605170185988092,False,-1,-0.08652919366342648
106638,99,1,1.0,0.0,instacart_grocery,4.605170185988092,False,-1,-0.08652919366342648
118609,99,1,1.0,0.0,instacart_grocery,4.605170185988092,False,-1,-0.08652919366342648
111814,99,1,1.0,0.0,instacart_grocery,4.605170185988092,False,-1,-0.08652919366342648
66806,99,1,1.0,0.0,instacart_grocery,4.605170185988092,False,-1,-0.08652919366342648
137642,99,1,1.0,0.0,instacart_grocery,4.605170185988092,False,-1,-0.08652919366342648
165704,99,1,1.0,0.0,instacart_grocery,4.605170185988092,False,-1,-0.08652919366342648
204368,99,1,1.0,0.0,instacart_grocery,4.605170185988092,False,-1,-0.08652919366342648
164542,99,1,1.0,0.0,instacart_grocery,4.605170185988092,False,-1,-0.08652919366342648
16538,99,1,1.0,0.0,instacart_grocery,4.605170185988092,False,-1,-0.08652919366342648
24389,99,1,1.0,0.0,instacart_grocery,4.605170185988092,False,-1,-0.08652919366342648
79357,99,1,1.0,0.0,instacart_grocery,4.605170185988092,False,-1,-0.08652919366342648
165062,99,1,1.0,0.0,instacart_grocery,4.605170185988092,False,-1,-0.08652919366342648
184414,99,1,1.0,0.0,instacart_grocery,4.605170185988092,False,-1,-0.08652919366342648
129429,99,1,1.0,0.0,instacart_grocery,4.605170185988092,False,-1,-0.08652919366342648
172621,99,1,1.0,0.0,instacart_grocery,4.605170185988092,False,-1,-0.08652919366342648
156768,99,1,1.0,0.0,instacart_grocery,4.605170185988092,False,-1,-0.08652919366342648
115553,99,1,1.0,0.0,instacart_grocery,4.605170185988092,False,-1,-0.08652919366342648
9534,99,1,1.0,0.0,instacart_grocery,4.605170185988092,False,-1,-0.08652919366342648
169834,99,1,1.0,0.0,instacart_grocery,4.605170185988092,False,-1,-0.08652919366342648
163895,99,1,1.0,0.0,instacart_grocery,4.605170185988092,False,-1,-0.08652919366342648
186354,99,1,1.0,0.0,instacart_grocery,4.605170185988092,False,-1,-0.08652919366342648
120713,99,1,1.0,0.0,instacart_grocery,4.605170185988092,False,-1,-0.08652919366342648
163789,99,1,1.0,0.0,instacart_grocery,4.605170185988092,False,-1,-0.08652919366342648
37308,99,1,1.0,0.0,instacart_grocery,4.605170185988092,False,-1,-0.08652919366342648
162310,99,1,1.0,0.0,instacart_grocery,4.605170185988092,False,-1,-0.08652919366342648
154246,99,1,1.0,0.0,instacart_grocery,4.605170185988092,False,-1,-0.08652919366342648
145106,99,1,1.0,0.0,instacart_grocery,4.605170185988092,False,-1,-0.08652919366342648
109305,99,1,1.0,0.0,instacart_grocery,4.605170185988092,False,-1,-0.08652919366342648
48897,99,1,1.0,0.0,instacart_grocery,4.605170185988092,False,-1,-0.08652919366342648
120837,99,1,1.0,0.0,instacart_grocery,4.605170185988092,False,-1,-0.08652919366342648
63789,99,1,1.0,0.0,instacart_grocery,4.605170185988092,False,-1,-0.08652919366342648
119994,99,1,1.0,0.0,instacart_grocery,4.605170185988092,False,-1,-0.08652919366342648
188407,99,1,1.0,0.0,instacart_grocery,4.605170185988092,False,-1,-0.08652919366342648
152554,99,1,1.0,0.0,instacart_grocery,4.605170185988092,False,-1,-0.08652919366342648
124937,99,1,1.0,0.0,instacart_grocery,4.605170185988092,False,-1,-0.08652919366342648
134540,99,1,1.0,0.0,instacart_grocery,4.605170185988092,False,-1,-0.08652919366342648
125355,99,1,1.0,0.0,instacart_grocery,4.605170185988092,False,-1,-0.08652919366342648
121087,96,1,1.0,0.0,instacart_grocery,4.574710978503383,False,-1,-0.08627490760973888
195573,96,1,1.0,0.0,instacart_grocery,4.574710978503383,False,-1,-0.08627490760973888
105630,96,1,1.0,0.0,instacart_grocery,4.574710978503383,False,-1,-0.08627490760973888
105885,96,1,1.0,0.0,instacart_grocery,4.574710978503383,False,-1,-0.08627490760973888
194109,96,1,1.0,0.0,instacart_grocery,4.574710978503383,False,-1,-0.08627490760973888
149798,96,1,1.0,0.0,instacart_grocery,4.574710978503383,False,-1,-0.08627490760973888
27170,96,1,1.0,0.0,instacart_grocery,4.574710978503383,False,-1,-0.08627490760973888
152278,96,1,1.0,0.0,instacart_grocery,4.574710978503383,False,-1,-0.08627490760973888
194533,96,1,1.0,0.0,instacart_grocery,4.574710978503383,False,-1,-0.08627490760973888
166652,96,1,1.0,0.0,instacart_grocery,4.574710978503383,False,-1,-0.08627490760973888
167069,96,1,1.0,0.0,instacart_grocery,4.574710978503383,False,-1,-0.08627490760973888
158058,96,1,1.0,0.0,instacart_grocery,4.574710978503383,False,-1,-0.08627490760973888
167031,96,1,1.0,0.0,instacart_grocery,4.574710978503383,False,-1,-0.08627490760973888
205751,96,1,1.0,0.0,instacart_grocery,4.574710978503383,False,-1,-0.08627490760973888
37142,96,1,1.0,0.0,instacart_grocery,4.574710978503383,False,-1,-0.08627490760973888
117924,96,1,1.0,0.0,instacart_grocery,4.574710978503383,False,-1,-0.08627490760973888
15961,96,1,1.0,0.0,instacart_grocery,4.574710978503383,False,-1,-0.08627490760973888
139453,96,1,1.0,0.0,instacart_grocery,4.574710978503383,False,-1,-0.08627490760973888
114849,96,1,1.0,0.0,instacart_grocery,4.574710978503383,False,-1,-0.08627490760973888
15060,96,1,1.0,0.0,instacart_grocery,4.574710978503383,False,-1,-0.08627490760973888
120377,96,1,1.0,0.0,instacart_grocery,4.574710978503383,False,-1,-0.08627490760973888
118755,96,1,1.0,0.0,instacart_grocery,4.574710978503383,False,-1,-0.08627490760973888
151640,96,1,1.0,0.0,instacart_grocery,4.574710978503383,False,-1,-0.08627490760973888
13945,96,1,1.0,0.0,instacart_grocery,4.574710978503383,False,-1,-0.08627490760973888
27537,96,1,1.0,0.0,instacart_grocery,4.574710978503383,False,-1,-0.08627490760973888
88890,96,1,1.0,0.0,instacart_grocery,4.574710978503383,False,-1,-0.08627490760973888
9141,96,1,1.0,0.0,instacart_grocery,4.574710978503383,False,-1,-0.08627490760973888
652,96,1,1.0,0.0,instacart_grocery,4.574710978503383,False,-1,-0.08627490760973888
196075,96,1,1.0,0.0,instacart_grocery,4.574710978503383,False,-1,-0.08627490760973888
27536,96,1,1.0,0.0,instacart_grocery,4.574710978503383,False,-1,-0.08627490760973888
14868,96,1,1.0,0.0,instacart_grocery,4.574710978503383,False,-1,-0.08627490760973888
13406,96,1,1.0,0.0,instacart_grocery,4.574710978503383,False,-1,-0.08627490760973888
165235,96,1,1.0,0.0,instacart_grocery,4.574710978503383,False,-1,-0.08627490760973888
127049,96,1,1.0,0.0,instacart_grocery,4.574710978503383,False,-1,-0.08627490760973888
116713,96,1,1.0,0.0,instacart_grocery,4.574710978503383,False,-1,-0.08627490760973888
158709,96,1,1.0,0.0,instacart_grocery,4.574710978503383,False,-1,-0.08627490760973888
106169,96,1,1.0,0.0,instacart_grocery,4.574710978503383,False,-1,-0.08627490760973888
189170,96,1,1.0,0.0,instacart_grocery,4.574710978503383,False,-1,-0.08627490760973888
79965,96,1,1.0,0.0,instacart_grocery,4.574710978503383,False,-1,-0.08627490760973888
48147,96,1,1.0,0.0,instacart_grocery,4.574710978503383,False,-1,-0.08627490760973888
202430,96,1,1.0,0.0,instacart_grocery,4.574710978503383,False,-1,-0.08627490760973888
110401,96,1,1.0,0.0,instacart_grocery,4.574710978503383,False,-1,-0.08627490760973888
110442,96,1,1.0,0.0,instacart_grocery,4.574710978503383,False,-1,-0.08627490760973888
47076,96,1,1.0,0.0,instacart_grocery,4.574710978503383,False,-1,-0.08627490760973888
138292,96,1,1.0,0.0,instacart_grocery,4.574710978503383,False,-1,-0.08627490760973888
6175,96,1,1.0,0.0,instacart_grocery,4.574710978503383,False,-1,-0.08627490760973888
50607,96,1,1.0,0.0,instacart_grocery,4.574710978503383,False,-1,-0.08627490760973888
77365,96,1,1.0,0.0,instacart_grocery,4.574710978503383,False,-1,-0.08627490760973888
131762,96,1,1.0,0.0,instacart_grocery,4.574710978503383,False,-1,-0.08627490760973888
66046,96,1,1.0,0.0,instacart_grocery,4.574710978503383,False,-1,-0.08627490760973888
161002,96,1,1.0,0.0,instacart_grocery,4.574710978503383,False,-1,-0.08627490760973888
18978,96,1,1.0,0.0,instacart_grocery,4.574710978503383,False,-1,-0.08627490760973888
159765,96,1,1.0,0.0,instacart_grocery,4.574710978503383,False,-1,-0.08627490760973888
108564,96,1,1.0,0.0,instacart_grocery,4.574710978503383,False,-1,-0.08627490760973888
21008,96,1,1.0,0.0,instacart_grocery,4.574710978503383,False,-1,-0.08627490760973888
109329,96,1,1.0,0.0,instacart_grocery,4.574710978503383,False,-1,-0.08627490760973888
144616,96,1,1.0,0.0,instacart_grocery,4.574710978503383,False,-1,-0.08627490760973888
4281,96,1,1.0,0.0,instacart_grocery,4.574710978503383,False,-1,-0.08627490760973888
75395,96,1,1.0,0.0,instacart_grocery,4.574710978503383,False,-1,-0.08627490760973888
180551,96,1,1.0,0.0,instacart_grocery,4.574710978503383,False,-1,-0.08627490760973888
148185,96,1,1.0,0.0,instacart_grocery,4.574710978503383,False,-1,-0.08627490760973888
98357,96,1,1.0,0.0,instacart_grocery,4.574710978503383,False,-1,-0.08627490760973888
66664,96,1,1.0,0.0,instacart_grocery,4.574710978503383,False,-1,-0.08627490760973888
48599,96,1,1.0,0.0,instacart_grocery,4.574710978503383,False,-1,-0.08627490760973888
178821,96,1,1.0,0.0,instacart_grocery,4.574710978503383,False,-1,-0.08627490760973888
109260,96,1,1.0,0.0,instacart_grocery,4.574710978503383,False,-1,-0.08627490760973888
72356,96,1,1.0,0.0,instacart_grocery,4.574710978503383,False,-1,-0.08627490760973888
31355,94,1,1.0,0.0,instacart_grocery,4.553876891600541,False,-1,-0.08614619851473682
119515,94,1,1.0,0.0,instacart_grocery,4.553876891600541,False,-1,-0.08614619851473682
43351,94,1,1.0,0.0,instacart_grocery,4.553876891600541,False,-1,-0.08614619851473682
176076,94,1,1.0,0.0,instacart_grocery,4.553876891600541,False,-1,-0.08614619851473682
63308,94,1,1.0,0.0,instacart_grocery,4.553876891600541,False,-1,-0.08614619851473682
203487,94,1,1.0,0.0,instacart_grocery,4.553876891600541,False,-1,-0.08614619851473682
158741,94,1,1.0,0.0,instacart_grocery,4.553876891600541,False,-1,-0.08614619851473682
153516,94,1,1.0,0.0,instacart_grocery,4.553876891600541,False,-1,-0.08614619851473682
119439,94,1,1.0,0.0,instacart_grocery,4.553876891600541,False,-1,-0.08614619851473682
151470,94,1,1.0,0.0,instacart_grocery,4.553876891600541,False,-1,-0.08614619851473682
193900,94,1,1.0,0.0,instacart_grocery,4.553876891600541,False,-1,-0.08614619851473682
26399,94,1,1.0,0.0,instacart_grocery,4.553876891600541,False,-1,-0.08614619851473682
89211,94,1,1.0,0.0,instacart_grocery,4.553876891600541,False,-1,-0.08614619851473682
187880,94,1,1.0,0.0,instacart_grocery,4.553876891600541,False,-1,-0.08614619851473682
10463,94,1,1.0,0.0,instacart_grocery,4.553876891600541,False,-1,-0.08614619851473682
85359,94,1,1.0,0.0,instacart_grocery,4.553876891600541,False,-1,-0.08614619851473682
11871,94,1,1.0,0.0,instacart_grocery,4.553876891600541,False,-1,-0.08614619851473682
62052,94,1,1.0,0.0,instacart_grocery,4.553876891600541,False,-1,-0.08614619851473682
110299,94,1,1.0,0.0,instacart_grocery,4.553876891600541,False,-1,-0.08614619851473682
134511,94,1,1.0,0.0,instacart_grocery,4.553876891600541,False,-1,-0.08614619851473682
97729,94,1,1.0,0.0,instacart_grocery,4.553876891600541,False,-1,-0.08614619851473682
516,94,1,1.0,0.0,instacart_grocery,4.553876891600541,False,-1,-0.08614619851473682
48988,94,1,1.0,0.0,instacart_grocery,4.553876891600541,False,-1,-0.08614619851473682
11511,94,1,1.0,0.0,instacart_grocery,4.553876891600541,False,-1,-0.08614619851473682
139915,94,1,1.0,0.0,instacart_grocery,4.553876891600541,False,-1,-0.08614619851473682
151514,94,1,1.0,0.0,instacart_grocery,4.553876891600541,False,-1,-0.08614619851473682
9341,94,1,1.0,0.0,instacart_grocery,4.553876891600541,False,-1,-0.08614619851473682
86376,94,1,1.0,0.0,instacart_grocery,4.553876891600541,False,-1,-0.08614619851473682
46923,94,1,1.0,0.0,instacart_grocery,4.553876891600541,False,-1,-0.08614619851473682
7713,94,1,1.0,0.0,instacart_grocery,4.553876891600541,False,-1,-0.08614619851473682
33250,94,1,1.0,0.0,instacart_grocery,4.553876891600541,False,-1,-0.08614619851473682
83377,94,1,1.0,0.0,instacart_grocery,4.553876891600541,False,-1,-0.08614619851473682
159780,94,1,1.0,0.0,instacart_grocery,4.553876891600541,False,-1,-0.08614619851473682
176394,94,1,1.0,0.0,instacart_grocery,4.553876891600541,False,-1,-0.08614619851473682
127000,94,1,1.0,0.0,instacart_grocery,4.553876891600541,False,-1,-0.08614619851473682
176940,94,1,1.0,0.0,instacart_grocery,4.553876891600541,False,-1,-0.08614619851473682
52962,94,1,1.0,0.0,instacart_grocery,4.553876891600541,False,-1,-0.08614619851473682
118185,94,1,1.0,0.0,instacart_grocery,4.553876891600541,False,-1,-0.08614619851473682
156837,94,1,1.0,0.0,instacart_grocery,4.553876891600541,False,-1,-0.08614619851473682
129749,94,1,1.0,0.0,instacart_grocery,4.553876891600541,False,-1,-0.08614619851473682
6330,94,1,1.0,0.0,instacart_grocery,4.553876891600541,False,-1,-0.08614619851473682
34396,94,1,1.0,0.0,instacart_grocery,4.553876891600541,False,-1,-0.08614619851473682
172883,94,1,1.0,0.0,instacart_grocery,4.553876891600541,False,-1,-0.08614619851473682
38353,94,1,1.0,0.0,instacart_grocery,4.553876891600541,False,-1,-0.08614619851473682
171627,94,1,1.0,0.0,instacart_grocery,4.553876891600541,False,-1,-0.08614619851473682
167977,94,1,1.0,0.0,instacart_grocery,4.553876891600541,False,-1,-0.08614619851473682
190904,94,1,1.0,0.0,instacart_grocery,4.553876891600541,False,-1,-0.08614619851473682
158651,94,1,1.0,0.0,instacart_grocery,4.553876891600541,False,-1,-0.08614619851473682
17222,94,1,1.0,0.0,instacart_grocery,4.553876891600541,False,-1,-0.08614619851473682
79278,94,1,1.0,0.0,instacart_grocery,4.553876891600541,False,-1,-0.08614619851473682
59161,94,1,1.0,0.0,instacart_grocery,4.553876891600541,False,-1,-0.08614619851473682
5665,94,1,1.0,0.0,instacart_grocery,4.553876891600541,False,-1,-0.08614619851473682
81332,94,1,1.0,0.0,instacart_grocery,4.553876891600541,False,-1,-0.08614619851473682
28831,94,1,1.0,0.0,instacart_grocery,4.553876891600541,False,-1,-0.08614619851473682
126311,94,1,1.0,0.0,instacart_grocery,4.553876891600541,False,-1,-0.08614619851473682
80422,94,1,1.0,0.0,instacart_grocery,4.553876891600541,False,-1,-0.08614619851473682
91771,94,1,1.0,0.0,instacart_grocery,4.553876891600541,False,-1,-0.08614619851473682
181796,95,1,1.0,0.0,instacart_grocery,4.564348191467836,False,-1,-0.08533170222436404
177179,95,1,1.0,0.0,instacart_grocery,4.564348191467836,False,-1,-0.08533170222436404
125883,95,1,1.0,0.0,instacart_grocery,4.564348191467836,False,-1,-0.08533170222436404
29933,95,1,1.0,0.0,instacart_grocery,4.564348191467836,False,-1,-0.08533170222436404
182717,95,1,1.0,0.0,instacart_grocery,4.564348191467836,False,-1,-0.08533170222436404
80270,95,1,1.0,0.0,instacart_grocery,4.564348191467836,False,-1,-0.08533170222436404
128078,95,1,1.0,0.0,instacart_grocery,4.564348191467836,False,-1,-0.08533170222436404
191198,95,1,1.0,0.0,instacart_grocery,4.564348191467836,False,-1,-0.08533170222436404
186876,95,1,1.0,0.0,instacart_grocery,4.564348191467836,False,-1,-0.08533170222436404
122758,95,1,1.0,0.0,instacart_grocery,4.564348191467836,False,-1,-0.08533170222436404
177418,95,1,1.0,0.0,instacart_grocery,4.564348191467836,False,-1,-0.08533170222436404
25409,95,1,1.0,0.0,instacart_grocery,4.564348191467836,False,-1,-0.08533170222436404
85714,95,1,1.0,0.0,instacart_grocery,4.564348191467836,False,-1,-0.08533170222436404
135867,95,1,1.0,0.0,instacart_grocery,4.564348191467836,False,-1,-0.08533170222436404
18702,95,1,1.0,0.0,instacart_grocery,4.564348191467836,False,-1,-0.08533170222436404
137410,95,1,1.0,0.0,instacart_grocery,4.564348191467836,False,-1,-0.08533170222436404
143986,95,1,1.0,0.0,instacart_grocery,4.564348191467836,False,-1,-0.08533170222436404
58491,95,1,1.0,0.0,instacart_grocery,4.564348191467836,False,-1,-0.08533170222436404
189947,95,1,1.0,0.0,instacart_grocery,4.564348191467836,False,-1,-0.08533170222436404
125458,95,1,1.0,0.0,instacart_grocery,4.564348191467836,False,-1,-0.08533170222436404
83715,95,1,1.0,0.0,instacart_grocery,4.564348191467836,False,-1,-0.08533170222436404
122449,95,1,1.0,0.0,instacart_grocery,4.564348191467836,False,-1,-0.08533170222436404
134409,95,1,1.0,0.0,instacart_grocery,4.564348191467836,False,-1,-0.08533170222436404
184021,95,1,1.0,0.0,instacart_grocery,4.564348191467836,False,-1,-0.08533170222436404
142869,95,1,1.0,0.0,instacart_grocery,4.564348191467836,False,-1,-0.08533170222436404
61220,95,1,1.0,0.0,instacart_grocery,4.564348191467836,False,-1,-0.08533170222436404
76523,95,1,1.0,0.0,instacart_grocery,4.564348191467836,False,-1,-0.08533170222436404
65532,95,1,1.0,0.0,instacart_grocery,4.564348191467836,False,-1,-0.08533170222436404
56888,95,1,1.0,0.0,instacart_grocery,4.564348191467836,False,-1,-0.08533170222436404
34414,95,1,1.0,0.0,instacart_grocery,4.564348191467836,False,-1,-0.08533170222436404
192060,95,1,1.0,0.0,instacart_grocery,4.564348191467836,False,-1,-0.08533170222436404
166866,95,1,1.0,0.0,instacart_grocery,4.564348191467836,False,-1,-0.08533170222436404
180214,95,1,1.0,0.0,instacart_grocery,4.564348191467836,False,-1,-0.08533170222436404
66706,95,1,1.0,0.0,instacart_grocery,4.564348191467836,False,-1,-0.08533170222436404
183016,95,1,1.0,0.0,instacart_grocery,4.564348191467836,False,-1,-0.08533170222436404
115598,95,1,1.0,0.0,instacart_grocery,4.564348191467836,False,-1,-0.08533170222436404
167364,95,1,1.0,0.0,instacart_grocery,4.564348191467836,False,-1,-0.08533170222436404
54902,95,1,1.0,0.0,instacart_grocery,4.564348191467836,False,-1,-0.08533170222436404
95847,95,1,1.0,0.0,instacart_grocery,4.564348191467836,False,-1,-0.08533170222436404
200112,95,1,1.0,0.0,instacart_grocery,4.564348191467836,False,-1,-0.08533170222436404
53479,95,1,1.0,0.0,instacart_grocery,4.564348191467836,False,-1,-0.08533170222436404
626,95,1,1.0,0.0,instacart_grocery,4.564348191467836,False,-1,-0.08533170222436404
45766,95,1,1.0,0.0,instacart_grocery,4.564348191467836,False,-1,-0.08533170222436404
104686,95,1,1.0,0.0,instacart_grocery,4.564348191467836,False,-1,-0.08533170222436404
196464,95,1,1.0,0.0,instacart_grocery,4.564348191467836,False,-1,-0.08533170222436404
94535,95,1,1.0,0.0,instacart_grocery,4.564348191467836,False,-1,-0.08533170222436404
97669,95,1,1.0,0.0,instacart_grocery,4.564348191467836,False,-1,-0.08533170222436404
155263,95,1,1.0,0.0,instacart_grocery,4.564348191467836,False,-1,-0.08533170222436404
154842,95,1,1.0,0.0,instacart_grocery,4.564348191467836,False,-1,-0.08533170222436404
110174,95,1,1.0,0.0,instacart_grocery,4.564348191467836,False,-1,-0.08533170222436404
90080,95,1,1.0,0.0,instacart_grocery,4.564348191467836,False,-1,-0.08533170222436404
162393,95,1,1.0,0.0,instacart_grocery,4.564348191467836,False,-1,-0.08533170222436404
90517,95,1,1.0,0.0,instacart_grocery,4.564348191467836,False,-1,-0.08533170222436404
163327,95,1,1.0,0.0,instacart_grocery,4.564348191467836,False,-1,-0.08533170222436404
51867,95,1,1.0,0.0,instacart_grocery,4.564348191467836,False,-1,-0.08533170222436404
88135,95,1,1.0,0.0,instacart_grocery,4.564348191467836,False,-1,-0.08533170222436404
161401,95,1,1.0,0.0,instacart_grocery,4.564348191467836,False,-1,-0.08533170222436404
55667,95,1,1.0,0.0,instacart_grocery,4.564348191467836,False,-1,-0.08533170222436404
87473,95,1,1.0,0.0,instacart_grocery,4.564348191467836,False,-1,-0.08533170222436404
43206,95,1,1.0,0.0,instacart_grocery,4.564348191467836,False,-1,-0.08533170222436404
166451,95,1,1.0,0.0,instacart_grocery,4.564348191467836,False,-1,-0.08533170222436404
87680,95,1,1.0,0.0,instacart_grocery,4.564348191467836,False,-1,-0.08533170222436404
47461,95,1,1.0,0.0,instacart_grocery,4.564348191467836,False,-1,-0.08533170222436404
43278,95,1,1.0,0.0,instacart_grocery,4.564348191467836,False,-1,-0.08533170222436404
65666,100,1,1.0,0.0,instacart_grocery,4.61512051684126,False,-1,-0.08409050372566984
144889,100,1,1.0,0.0,instacart_grocery,4.61512051684126,False,-1,-0.08409050372566984
145052,100,1,1.0,0.0,instacart_grocery,4.61512051684126,False,-1,-0.08409050372566984
144148,100,1,1.0,0.0,instacart_grocery,4.61512051684126,False,-1,-0.08409050372566984
144977,100,1,1.0,0.0,instacart_grocery,4.61512051684126,False,-1,-0.08409050372566984
65039,100,1,1.0,0.0,instacart_grocery,4.61512051684126,False,-1,-0.08409050372566984
48732,100,1,1.0,0.0,instacart_grocery,4.61512051684126,False,-1,-0.08409050372566984
47941,100,1,1.0,0.0,instacart_grocery,4.61512051684126,False,-1,-0.08409050372566984
144972,100,1,1.0,0.0,instacart_grocery,4.61512051684126,False,-1,-0.08409050372566984
47855,100,1,1.0,0.0,instacart_grocery,4.61512051684126,False,-1,-0.08409050372566984
162455,100,1,1.0,0.0,instacart_grocery,4.61512051684126,False,-1,-0.08409050372566984
144239,100,1,1.0,0.0,instacart_grocery,4.61512051684126,False,-1,-0.08409050372566984
163750,100,1,1.0,0.0,instacart_grocery,4.61512051684126,False,-1,-0.08409050372566984
162555,100,1,1.0,0.0,instacart_grocery,4.61512051684126,False,-1,-0.08409050372566984
144805,100,1,1.0,0.0,instacart_grocery,4.61512051684126,False,-1,-0.08409050372566984
65141,100,1,1.0,0.0,instacart_grocery,4.61512051684126,False,-1,-0.08409050372566984
65176,100,1,1.0,0.0,instacart_grocery,4.61512051684126,False,-1,-0.08409050372566984
65220,100,1,1.0,0.0,instacart_grocery,4.61512051684126,False,-1,-0.08409050372566984
162674,100,1,1.0,0.0,instacart_grocery,4.61512051684126,False,-1,-0.08409050372566984
162744,100,1,1.0,0.0,instacart_grocery,4.61512051684126,False,-1,-0.08409050372566984
65325,100,1,1.0,0.0,instacart_grocery,4.61512051684126,False,-1,-0.08409050372566984
144435,100,1,1.0,0.0,instacart_grocery,4.61512051684126,False,-1,-0.08409050372566984
65320,100,1,1.0,0.0,instacart_grocery,4.61512051684126,False,-1,-0.08409050372566984
65310,100,1,1.0,0.0,instacart_grocery,4.61512051684126,False,-1,-0.08409050372566984
48527,100,1,1.0,0.0,instacart_grocery,4.61512051684126,False,-1,-0.08409050372566984
162992,100,1,1.0,0.0,instacart_grocery,4.61512051684126,False,-1,-0.08409050372566984
163400,100,1,1.0,0.0,instacart_grocery,4.61512051684126,False,-1,-0.08409050372566984
48890,100,1,1.0,0.0,instacart_grocery,4.61512051684126,False,-1,-0.08409050372566984
153016,100,1,1.0,0.0,instacart_grocery,4.61512051684126,False,-1,-0.08409050372566984
145075,100,1,1.0,0.0,instacart_grocery,4.61512051684126,False,-1,-0.08409050372566984
49406,100,1,1.0,0.0,instacart_grocery,4.61512051684126,False,-1,-0.08409050372566984
145961,100,1,1.0,0.0,instacart_grocery,4.61512051684126,False,-1,-0.08409050372566984
145974,100,1,1.0,0.0,instacart_grocery,4.61512051684126,False,-1,-0.08409050372566984
145978,100,1,1.0,0.0,instacart_grocery,4.61512051684126,False,-1,-0.08409050372566984
161869,100,1,1.0,0.0,instacart_grocery,4.61512051684126,False,-1,-0.08409050372566984
49420,100,1,1.0,0.0,instacart_grocery,4.61512051684126,False,-1,-0.08409050372566984
161809,100,1,1.0,0.0,instacart_grocery,4.61512051684126,False,-1,-0.08409050372566984
63471,100,1,1.0,0.0,instacart_grocery,4.61512051684126,False,-1,-0.08409050372566984
146085,100,1,1.0,0.0,instacart_grocery,4.61512051684126,False,-1,-0.08409050372566984
146119,100,1,1.0,0.0,instacart_grocery,4.61512051684126,False,-1,-0.08409050372566984
146147,100,1,1.0,0.0,instacart_grocery,4.61512051684126,False,-1,-0.08409050372566984
63073,100,1,1.0,0.0,instacart_grocery,4.61512051684126,False,-1,-0.08409050372566984
49767,100,1,1.0,0.0,instacart_grocery,4.61512051684126,False,-1,-0.08409050372566984
146361,100,1,1.0,0.0,instacart_grocery,4.61512051684126,False,-1,-0.08409050372566984
62890,100,1,1.0,0.0,instacart_grocery,4.61512051684126,False,-1,-0.08409050372566984
62866,100,1,1.0,0.0,instacart_grocery,4.61512051684126,False,-1,-0.08409050372566984
161724,100,1,1.0,0.0,instacart_grocery,4.61512051684126,False,-1,-0.08409050372566984
63718,100,1,1.0,0.0,instacart_grocery,4.61512051684126,False,-1,-0.08409050372566984
63726,100,1,1.0,0.0,instacart_grocery,4.61512051684126,False,-1,-0.08409050372566984
161873,100,1,1.0,0.0,instacart_grocery,4.61512051684126,False,-1,-0.08409050372566984
48969,100,1,1.0,0.0,instacart_grocery,4.61512051684126,False,-1,-0.08409050372566984
162337,100,1,1.0,0.0,instacart_grocery,4.61512051684126,False,-1,-0.08409050372566984
145244,100,1,1.0,0.0,instacart_grocery,4.61512051684126,False,-1,-0.08409050372566984
164055,100,1,1.0,0.0,instacart_grocery,4.61512051684126,False,-1,-0.08409050372566984
145481,100,1,1.0,0.0,instacart_grocery,4.61512051684126,False,-1,-0.08409050372566984
64512,100,1,1.0,0.0,instacart_grocery,4.61512051684126,False,-1,-0.08409050372566984
49159,100,1,1.0,0.0,instacart_grocery,4.61512051684126,False,-1,-0.08409050372566984
49186,100,1,1.0,0.0,instacart_grocery,4.61512051684126,False,-1,-0.08409050372566984
64368,100,1,1.0,0.0,instacart_grocery,4.61512051684126,False,-1,-0.08409050372566984
145555,100,1,1.0,0.0,instacart_grocery,4.61512051684126,False,-1,-0.08409050372566984
145599,100,1,1.0,0.0,instacart_grocery,4.61512051684126,False,-1,-0.08409050372566984
64320,100,1,1.0,0.0,instacart_grocery,4.61512051684126,False,-1,-0.08409050372566984
49200,100,1,1.0,0.0,instacart_grocery,4.61512051684126,False,-1,-0.08409050372566984
49210,100,1,1.0,0.0,instacart_grocery,4.61512051684126,False,-1,-0.08409050372566984
162140,100,1,1.0,0.0,instacart_grocery,4.61512051684126,False,-1,-0.08409050372566984
162038,100,1,1.0,0.0,instacart_grocery,4.61512051684126,False,-1,-0.08409050372566984
63793,100,1,1.0,0.0,instacart_grocery,4.61512051684126,False,-1,-0.08409050372566984
145070,100,1,1.0,0.0,instacart_grocery,4.61512051684126,False,-1,-0.08409050372566984
145454,100,1,1.0,0.0,instacart_grocery,4.61512051684126,False,-1,-0.08409050372566984
47302,100,1,1.0,0.0,instacart_grocery,4.61512051684126,False,-1,-0.08409050372566984
143948,100,1,1.0,0.0,instacart_grocery,4.61512051684126,False,-1,-0.08409050372566984
67798,100,1,1.0,0.0,instacart_grocery,4.61512051684126,False,-1,-0.08409050372566984
67736,100,1,1.0,0.0,instacart_grocery,4.61512051684126,False,-1,-0.08409050372566984
67643,100,1,1.0,0.0,instacart_grocery,4.61512051684126,False,-1,-0.08409050372566984
166083,100,1,1.0,0.0,instacart_grocery,4.61512051684126,False,-1,-0.08409050372566984
67559,100,1,1.0,0.0,instacart_grocery,4.61512051684126,False,-1,-0.08409050372566984
142673,100,1,1.0,0.0,instacart_grocery,4.61512051684126,False,-1,-0.08409050372566984
67481,100,1,1.0,0.0,instacart_grocery,4.61512051684126,False,-1,-0.08409050372566984
67440,100,1,1.0,0.0,instacart_grocery,4.61512051684126,False,-1,-0.08409050372566984
67433,100,1,1.0,0.0,instacart_grocery,4.61512051684126,False,-1,-0.08409050372566984
45788,100,1,1.0,0.0,instacart_grocery,4.61512051684126,False,-1,-0.08409050372566984
142932,100,1,1.0,0.0,instacart_grocery,4.61512051684126,False,-1,-0.08409050372566984
67395,100,1,1.0,0.0,instacart_grocery,4.61512051684126,False,-1,-0.08409050372566984
142936,100,1,1.0,0.0,instacart_grocery,4.61512051684126,False,-1,-0.08409050372566984
45795,100,1,1.0,0.0,instacart_grocery,4.61512051684126,False,-1,-0.08409050372566984
45938,100,1,1.0,0.0,instacart_grocery,4.61512051684126,False,-1,-0.08409050372566984
142977,100,1,1.0,0.0,instacart_grocery,4.61512051684126,False,-1,-0.08409050372566984
143024,100,1,1.0,0.0,instacart_grocery,4.61512051684126,False,-1,-0.08409050372566984
67870,100,1,1.0,0.0,instacart_grocery,4.61512051684126,False,-1,-0.08409050372566984
165813,100,1,1.0,0.0,instacart_grocery,4.61512051684126,False,-1,-0.08409050372566984
67921,100,1,1.0,0.0,instacart_grocery,4.61512051684126,False,-1,-0.08409050372566984
45657,100,1,1.0,0.0,instacart_grocery,4.61512051684126,False,-1,-0.08409050372566984
68875,100,1,1.0,0.0,instacart_grocery,4.61512051684126,False,-1,-0.08409050372566984
45352,100,1,1.0,0.0,instacart_grocery,4.61512051684126,False,-1,-0.08409050372566984
141290,100,1,1.0,0.0,instacart_grocery,4.61512051684126,False,-1,-0.08409050372566984
141637,100,1,1.0,0.0,instacart_grocery,4.61512051684126,False,-1,-0.08409050372566984
45361,100,1,1.0,0.0,instacart_grocery,4.61512051684126,False,-1,-0.08409050372566984
68716,100,1,1.0,0.0,instacart_grocery,4.61512051684126,False,-1,-0.08409050372566984
68713,100,1,1.0,0.0,instacart_grocery,4.61512051684126,False,-1,-0.08409050372566984
68610,100,1,1.0,0.0,instacart_grocery,4.61512051684126,False,-1,-0.08409050372566984
141736,100,1,1.0,0.0,instacart_grocery,4.61512051684126,False,-1,-0.08409050372566984
141999,100,1,1.0,0.0,instacart_grocery,4.61512051684126,False,-1,-0.08409050372566984
142073,100,1,1.0,0.0,instacart_grocery,4.61512051684126,False,-1,-0.08409050372566984
68266,100,1,1.0,0.0,instacart_grocery,4.61512051684126,False,-1,-0.08409050372566984
142245,100,1,1.0,0.0,instacart_grocery,4.61512051684126,False,-1,-0.08409050372566984
142281,100,1,1.0,0.0,instacart_grocery,4.61512051684126,False,-1,-0.08409050372566984
142284,100,1,1.0,0.0,instacart_grocery,4.61512051684126,False,-1,-0.08409050372566984
166136,100,1,1.0,0.0,instacart_grocery,4.61512051684126,False,-1,-0.08409050372566984
68138,100,1,1.0,0.0,instacart_grocery,4.61512051684126,False,-1,-0.08409050372566984
142304,100,1,1.0,0.0,instacart_grocery,4.61512051684126,False,-1,-0.08409050372566984
65820,100,1,1.0,0.0,instacart_grocery,4.61512051684126,False,-1,-0.08409050372566984
67023,100,1,1.0,0.0,instacart_grocery,4.61512051684126,False,-1,-0.08409050372566984
66998,100,1,1.0,0.0,instacart_grocery,4.61512051684126,False,-1,-0.08409050372566984
46792,100,1,1.0,0.0,instacart_grocery,4.61512051684126,False,-1,-0.08409050372566984
66440,100,1,1.0,0.0,instacart_grocery,4.61512051684126,False,-1,-0.08409050372566984
46864,100,1,1.0,0.0,instacart_grocery,4.61512051684126,False,-1,-0.08409050372566984
47038,100,1,1.0,0.0,instacart_grocery,4.61512051684126,False,-1,-0.08409050372566984
143434,100,1,1.0,0.0,instacart_grocery,4.61512051684126,False,-1,-0.08409050372566984
164732,100,1,1.0,0.0,instacart_grocery,4.61512051684126,False,-1,-0.08409050372566984
66328,100,1,1.0,0.0,instacart_grocery,4.61512051684126,False,-1,-0.08409050372566984
143714,100,1,1.0,0.0,instacart_grocery,4.61512051684126,False,-1,-0.08409050372566984
164469,100,1,1.0,0.0,instacart_grocery,4.61512051684126,False,-1,-0.08409050372566984
143768,100,1,1.0,0.0,instacart_grocery,4.61512051684126,False,-1,-0.08409050372566984
66195,100,1,1.0,0.0,instacart_grocery,4.61512051684126,False,-1,-0.08409050372566984
62772,100,1,1.0,0.0,instacart_grocery,4.61512051684126,False,-1,-0.08409050372566984
47309,100,1,1.0,0.0,instacart_grocery,4.61512051684126,False,-1,-0.08409050372566984
66171,100,1,1.0,0.0,instacart_grocery,4.61512051684126,False,-1,-0.08409050372566984
47644,100,1,1.0,0.0,instacart_grocery,4.61512051684126,False,-1,-0.08409050372566984
47666,100,1,1.0,0.0,instacart_grocery,4.61512051684126,False,-1,-0.08409050372566984
47809,100,1,1.0,0.0,instacart_grocery,4.61512051684126,False,-1,-0.08409050372566984
66482,100,1,1.0,0.0,instacart_grocery,4.61512051684126,False,-1,-0.08409050372566984
46087,100,1,1.0,0.0,instacart_grocery,4.61512051684126,False,-1,-0.08409050372566984
66500,100,1,1.0,0.0,instacart_grocery,4.61512051684126,False,-1,-0.08409050372566984
66588,100,1,1.0,0.0,instacart_grocery,4.61512051684126,False,-1,-0.08409050372566984
143099,100,1,1.0,0.0,instacart_grocery,4.61512051684126,False,-1,-0.08409050372566984
165294,100,1,1.0,0.0,instacart_grocery,4.61512051684126,False,-1,-0.08409050372566984
143118,100,1,1.0,0.0,instacart_grocery,4.61512051684126,False,-1,-0.08409050372566984
165049,100,1,1.0,0.0,instacart_grocery,4.61512051684126,False,-1,-0.08409050372566984
143121,100,1,1.0,0.0,instacart_grocery,4.61512051684126,False,-1,-0.08409050372566984
143177,100,1,1.0,0.0,instacart_grocery,4.61512051684126,False,-1,-0.08409050372566984
165005,100,1,1.0,0.0,instacart_grocery,4.61512051684126,False,-1,-0.08409050372566984
143278,100,1,1.0,0.0,instacart_grocery,4.61512051684126,False,-1,-0.08409050372566984
164981,100,1,1.0,0.0,instacart_grocery,4.61512051684126,False,-1,-0.08409050372566984
164971,100,1,1.0,0.0,instacart_grocery,4.61512051684126,False,-1,-0.08409050372566984
46408,100,1,1.0,0.0,instacart_grocery,4.61512051684126,False,-1,-0.08409050372566984
164927,100,1,1.0,0.0,instacart_grocery,4.61512051684126,False,-1,-0.08409050372566984
143296,100,1,1.0,0.0,instacart_grocery,4.61512051684126,False,-1,-0.08409050372566984
164918,100,1,1.0,0.0,instacart_grocery,4.61512051684126,False,-1,-0.08409050372566984
164906,100,1,1.0,0.0,instacart_grocery,4.61512051684126,False,-1,-0.08409050372566984
66621,100,1,1.0,0.0,instacart_grocery,4.61512051684126,False,-1,-0.08409050372566984
66600,100,1,1.0,0.0,instacart_grocery,4.61512051684126,False,-1,-0.08409050372566984
143352,100,1,1.0,0.0,instacart_grocery,4.61512051684126,False,-1,-0.08409050372566984
146478,100,1,1.0,0.0,instacart_grocery,4.61512051684126,False,-1,-0.08409050372566984
62443,100,1,1.0,0.0,instacart_grocery,4.61512051684126,False,-1,-0.08409050372566984
146540,100,1,1.0,0.0,instacart_grocery,4.61512051684126,False,-1,-0.08409050372566984
155597,100,1,1.0,0.0,instacart_grocery,4.61512051684126,False,-1,-0.08409050372566984
53837,100,1,1.0,0.0,instacart_grocery,4.61512051684126,False,-1,-0.08409050372566984
58091,100,1,1.0,0.0,instacart_grocery,4.61512051684126,False,-1,-0.08409050372566984
150063,100,1,1.0,0.0,instacart_grocery,4.61512051684126,False,-1,-0.08409050372566984
155299,100,1,1.0,0.0,instacart_grocery,4.61512051684126,False,-1,-0.08409050372566984
58040,100,1,1.0,0.0,instacart_grocery,4.61512051684126,False,-1,-0.08409050372566984
150313,100,1,1.0,0.0,instacart_grocery,4.61512051684126,False,-1,-0.08409050372566984
57851,100,1,1.0,0.0,instacart_grocery,4.61512051684126,False,-1,-0.08409050372566984
53976,100,1,1.0,0.0,instacart_grocery,4.61512051684126,False,-1,-0.08409050372566984
57838,100,1,1.0,0.0,instacart_grocery,4.61512051684126,False,-1,-0.08409050372566984
155032,100,1,1.0,0.0,instacart_grocery,4.61512051684126,False,-1,-0.08409050372566984
154917,100,1,1.0,0.0,instacart_grocery,4.61512051684126,False,-1,-0.08409050372566984
150481,100,1,1.0,0.0,instacart_grocery,4.61512051684126,False,-1,-0.08409050372566984
57621,100,1,1.0,0.0,instacart_grocery,4.61512051684126,False,-1,-0.08409050372566984
150840,100,1,1.0,0.0,instacart_grocery,4.61512051684126,False,-1,-0.08409050372566984
54259,100,1,1.0,0.0,instacart_grocery,4.61512051684126,False,-1,-0.08409050372566984
57367,100,1,1.0,0.0,instacart_grocery,4.61512051684126,False,-1,-0.08409050372566984
155843,100,1,1.0,0.0,instacart_grocery,4.61512051684126,False,-1,-0.08409050372566984
151045,100,1,1.0,0.0,instacart_grocery,4.61512051684126,False,-1,-0.08409050372566984
149859,100,1,1.0,0.0,instacart_grocery,4.61512051684126,False,-1,-0.08409050372566984
53673,100,1,1.0,0.0,instacart_grocery,4.61512051684126,False,-1,-0.08409050372566984
156475,100,1,1.0,0.0,instacart_grocery,4.61512051684126,False,-1,-0.08409050372566984
52868,100,1,1.0,0.0,instacart_grocery,4.61512051684126,False,-1,-0.08409050372566984
149680,100,1,1.0,0.0,instacart_grocery,4.61512051684126,False,-1,-0.08409050372566984
59106,100,1,1.0,0.0,instacart_grocery,4.61512051684126,False,-1,-0.08409050372566984
53001,100,1,1.0,0.0,instacart_grocery,4.61512051684126,False,-1,-0.08409050372566984
156311,100,1,1.0,0.0,instacart_grocery,4.61512051684126,False,-1,-0.08409050372566984
53130,100,1,1.0,0.0,instacart_grocery,4.61512051684126,False,-1,-0.08409050372566984
156262,100,1,1.0,0.0,instacart_grocery,4.61512051684126,False,-1,-0.08409050372566984
156218,100,1,1.0,0.0,instacart_grocery,4.61512051684126,False,-1,-0.08409050372566984
58853,100,1,1.0,0.0,instacart_grocery,4.61512051684126,False,-1,-0.08409050372566984
58843,100,1,1.0,0.0,instacart_grocery,4.61512051684126,False,-1,-0.08409050372566984
156205,100,1,1.0,0.0,instacart_grocery,4.61512051684126,False,-1,-0.08409050372566984
53452,100,1,1.0,0.0,instacart_grocery,4.61512051684126,False,-1,-0.08409050372566984
53488,100,1,1.0,0.0,instacart_grocery,4.61512051684126,False,-1,-0.08409050372566984
156116,100,1,1.0,0.0,instacart_grocery,4.61512051684126,False,-1,-0.08409050372566984
156069,100,1,1.0,0.0,instacart_grocery,4.61512051684126,False,-1,-0.08409050372566984
58803,100,1,1.0,0.0,instacart_grocery,4.61512051684126,False,-1,-0.08409050372566984
53684,100,1,1.0,0.0,instacart_grocery,4.61512051684126,False,-1,-0.08409050372566984
156964,100,1,1.0,0.0,instacart_grocery,4.61512051684126,False,-1,-0.08409050372566984
154678,100,1,1.0,0.0,instacart_grocery,4.61512051684126,False,-1,-0.08409050372566984
151386,100,1,1.0,0.0,instacart_grocery,4.61512051684126,False,-1,-0.08409050372566984
152340,100,1,1.0,0.0,instacart_grocery,4.61512051684126,False,-1,-0.08409050372566984
68880,100,1,1.0,0.0,instacart_grocery,4.61512051684126,False,-1,-0.08409050372566984
152365,100,1,1.0,0.0,instacart_grocery,4.61512051684126,False,-1,-0.08409050372566984
153726,100,1,1.0,0.0,instacart_grocery,4.61512051684126,False,-1,-0.08409050372566984
55226,100,1,1.0,0.0,instacart_grocery,4.61512051684126,False,-1,-0.08409050372566984
152411,100,1,1.0,0.0,instacart_grocery,4.61512051684126,False,-1,-0.08409050372566984
56033,100,1,1.0,0.0,instacart_grocery,4.61512051684126,False,-1,-0.08409050372566984
55989,100,1,1.0,0.0,instacart_grocery,4.61512051684126,False,-1,-0.08409050372566984
55336,100,1,1.0,0.0,instacart_grocery,4.61512051684126,False,-1,-0.08409050372566984
55935,100,1,1.0,0.0,instacart_grocery,4.61512051684126,False,-1,-0.08409050372566984
55831,100,1,1.0,0.0,instacart_grocery,4.61512051684126,False,-1,-0.08409050372566984
55827,100,1,1.0,0.0,instacart_grocery,4.61512051684126,False,-1,-0.08409050372566984
55806,100,1,1.0,0.0,instacart_grocery,4.61512051684126,False,-1,-0.08409050372566984
55441,100,1,1.0,0.0,instacart_grocery,4.61512051684126,False,-1,-0.08409050372566984
152877,100,1,1.0,0.0,instacart_grocery,4.61512051684126,False,-1,-0.08409050372566984
55725,100,1,1.0,0.0,instacart_grocery,4.61512051684126,False,-1,-0.08409050372566984
153107,100,1,1.0,0.0,instacart_grocery,4.61512051684126,False,-1,-0.08409050372566984
154160,100,1,1.0,0.0,instacart_grocery,4.61512051684126,False,-1,-0.08409050372566984
151061,100,1,1.0,0.0,instacart_grocery,4.61512051684126,False,-1,-0.08409050372566984
55073,100,1,1.0,0.0,instacart_grocery,4.61512051684126,False,-1,-0.08409050372566984
152241,100,1,1.0,0.0,instacart_grocery,4.61512051684126,False,-1,-0.08409050372566984
151409,100,1,1.0,0.0,instacart_grocery,4.61512051684126,False,-1,-0.08409050372566984
154556,100,1,1.0,0.0,instacart_grocery,4.61512051684126,False,-1,-0.08409050372566984
54485,100,1,1.0,0.0,instacart_grocery,4.61512051684126,False,-1,-0.08409050372566984
57130,100,1,1.0,0.0,instacart_grocery,4.61512051684126,False,-1,-0.08409050372566984
151598,100,1,1.0,0.0,instacart_grocery,4.61512051684126,False,-1,-0.08409050372566984
54594,100,1,1.0,0.0,instacart_grocery,4.61512051684126,False,-1,-0.08409050372566984
54804,100,1,1.0,0.0,instacart_grocery,4.61512051684126,False,-1,-0.08409050372566984
154378,100,1,1.0,0.0,instacart_grocery,4.61512051684126,False,-1,-0.08409050372566984
151652,100,1,1.0,0.0,instacart_grocery,4.61512051684126,False,-1,-0.08409050372566984
54831,100,1,1.0,0.0,instacart_grocery,4.61512051684126,False,-1,-0.08409050372566984
151840,100,1,1.0,0.0,instacart_grocery,4.61512051684126,False,-1,-0.08409050372566984
54844,100,1,1.0,0.0,instacart_grocery,4.61512051684126,False,-1,-0.08409050372566984
56886,100,1,1.0,0.0,instacart_grocery,4.61512051684126,False,-1,-0.08409050372566984
151891,100,1,1.0,0.0,instacart_grocery,4.61512051684126,False,-1,-0.08409050372566984
54901,100,1,1.0,0.0,instacart_grocery,4.61512051684126,False,-1,-0.08409050372566984
152144,100,1,1.0,0.0,instacart_grocery,4.61512051684126,False,-1,-0.08409050372566984
54957,100,1,1.0,0.0,instacart_grocery,4.61512051684126,False,-1,-0.08409050372566984
154162,100,1,1.0,0.0,instacart_grocery,4.61512051684126,False,-1,-0.08409050372566984
161343,100,1,1.0,0.0,instacart_grocery,4.61512051684126,False,-1,-0.08409050372566984
157548,100,1,1.0,0.0,instacart_grocery,4.61512051684126,False,-1,-0.08409050372566984
59191,100,1,1.0,0.0,instacart_grocery,4.61512051684126,False,-1,-0.08409050372566984
160617,100,1,1.0,0.0,instacart_grocery,4.61512051684126,False,-1,-0.08409050372566984
160532,100,1,1.0,0.0,instacart_grocery,4.61512051684126,False,-1,-0.08409050372566984
61648,100,1,1.0,0.0,instacart_grocery,4.61512051684126,False,-1,-0.08409050372566984
61543,100,1,1.0,0.0,instacart_grocery,4.61512051684126,False,-1,-0.08409050372566984
61542,100,1,1.0,0.0,instacart_grocery,4.61512051684126,False,-1,-0.08409050372566984
147173,100,1,1.0,0.0,instacart_grocery,4.61512051684126,False,-1,-0.08409050372566984
160426,100,1,1.0,0.0,instacart_grocery,4.61512051684126,False,-1,-0.08409050372566984
61399,100,1,1.0,0.0,instacart_grocery,4.61512051684126,False,-1,-0.08409050372566984
160297,100,1,1.0,0.0,instacart_grocery,4.61512051684126,False,-1,-0.08409050372566984
50442,100,1,1.0,0.0,instacart_grocery,4.61512051684126,False,-1,-0.08409050372566984
160132,100,1,1.0,0.0,instacart_grocery,4.61512051684126,False,-1,-0.08409050372566984
61275,100,1,1.0,0.0,instacart_grocery,4.61512051684126,False,-1,-0.08409050372566984
50643,100,1,1.0,0.0,instacart_grocery,4.61512051684126,False,-1,-0.08409050372566984
159791,100,1,1.0,0.0,instacart_grocery,4.61512051684126,False,-1,-0.08409050372566984
50817,100,1,1.0,0.0,instacart_grocery,4.61512051684126,False,-1,-0.08409050372566984
147703,100,1,1.0,0.0,instacart_grocery,4.61512051684126,False,-1,-0.08409050372566984
159610,100,1,1.0,0.0,instacart_grocery,4.61512051684126,False,-1,-0.08409050372566984
147158,100,1,1.0,0.0,instacart_grocery,4.61512051684126,False,-1,-0.08409050372566984
159591,100,1,1.0,0.0,instacart_grocery,4.61512051684126,False,-1,-0.08409050372566984
146872,100,1,1.0,0.0,instacart_grocery,4.61512051684126,False,-1,-0.08409050372566984
61771,100,1,1.0,0.0,instacart_grocery,4.61512051684126,False,-1,-0.08409050372566984
146600,100,1,1.0,0.0,instacart_grocery,4.61512051684126,False,-1,-0.08409050372566984
49878,100,1,1.0,0.0,instacart_grocery,4.61512051684126,False,-1,-0.08409050372566984
62453,100,1,1.0,0.0,instacart_grocery,4.61512051684126,False,-1,-0.08409050372566984
161333,100,1,1.0,0.0,instacart_grocery,4.61512051684126,False,-1,-0.08409050372566984
146625,100,1,1.0,0.0,instacart_grocery,4.61512051684126,False,-1,-0.08409050372566984
161200,100,1,1.0,0.0,instacart_grocery,4.61512051684126,False,-1,-0.08409050372566984
146714,100,1,1.0,0.0,instacart_grocery,4.61512051684126,False,-1,-0.08409050372566984
62340,100,1,1.0,0.0,instacart_grocery,4.61512051684126,False,-1,-0.08409050372566984
50024,100,1,1.0,0.0,instacart_grocery,4.61512051684126,False,-1,-0.08409050372566984
62239,100,1,1.0,0.0,instacart_grocery,4.61512051684126,False,-1,-0.08409050372566984
62205,100,1,1.0,0.0,instacart_grocery,4.61512051684126,False,-1,-0.08409050372566984
50074,100,1,1.0,0.0,instacart_grocery,4.61512051684126,False,-1,-0.08409050372566984
61899,100,1,1.0,0.0,instacart_grocery,4.61512051684126,False,-1,-0.08409050372566984
146781,100,1,1.0,0.0,instacart_grocery,4.61512051684126,False,-1,-0.08409050372566984
161043,100,1,1.0,0.0,instacart_grocery,4.61512051684126,False,-1,-0.08409050372566984
146845,100,1,1.0,0.0,instacart_grocery,4.61512051684126,False,-1,-0.08409050372566984
61777,100,1,1.0,0.0,instacart_grocery,4.61512051684126,False,-1,-0.08409050372566984
50087,100,1,1.0,0.0,instacart_grocery,4.61512051684126,False,-1,-0.08409050372566984
157667,100,1,1.0,0.0,instacart_grocery,4.61512051684126,False,-1,-0.08409050372566984
60932,100,1,1.0,0.0,instacart_grocery,4.61512051684126,False,-1,-0.08409050372566984
51127,100,1,1.0,0.0,instacart_grocery,4.61512051684126,False,-1,-0.08409050372566984
60040,100,1,1.0,0.0,instacart_grocery,4.61512051684126,False,-1,-0.08409050372566984
52136,100,1,1.0,0.0,instacart_grocery,4.61512051684126,False,-1,-0.08409050372566984
59979,100,1,1.0,0.0,instacart_grocery,4.61512051684126,False,-1,-0.08409050372566984
59881,100,1,1.0,0.0,instacart_grocery,4.61512051684126,False,-1,-0.08409050372566984
52232,100,1,1.0,0.0,instacart_grocery,4.61512051684126,False,-1,-0.08409050372566984
59819,100,1,1.0,0.0,instacart_grocery,4.61512051684126,False,-1,-0.08409050372566984
59742,100,1,1.0,0.0,instacart_grocery,4.61512051684126,False,-1,-0.08409050372566984
148902,100,1,1.0,0.0,instacart_grocery,4.61512051684126,False,-1,-0.08409050372566984
148917,100,1,1.0,0.0,instacart_grocery,4.61512051684126,False,-1,-0.08409050372566984
59604,100,1,1.0,0.0,instacart_grocery,4.61512051684126,False,-1,-0.08409050372566984
158262,100,1,1.0,0.0,instacart_grocery,4.61512051684126,False,-1,-0.08409050372566984
59535,100,1,1.0,0.0,instacart_grocery,4.61512051684126,False,-1,-0.08409050372566984
149567,100,1,1.0,0.0,instacart_grocery,4.61512051684126,False,-1,-0.08409050372566984
59365,100,1,1.0,0.0,instacart_grocery,4.61512051684126,False,-1,-0.08409050372566984
157704,100,1,1.0,0.0,instacart_grocery,4.61512051684126,False,-1,-0.08409050372566984
59333,100,1,1.0,0.0,instacart_grocery,4.61512051684126,False,-1,-0.08409050372566984
149605,100,1,1.0,0.0,instacart_grocery,4.61512051684126,False,-1,-0.08409050372566984
148448,100,1,1.0,0.0,instacart_grocery,4.61512051684126,False,-1,-0.08409050372566984
51072,100,1,1.0,0.0,instacart_grocery,4.61512051684126,False,-1,-0.08409050372566984
148375,100,1,1.0,0.0,instacart_grocery,4.61512051684126,False,-1,-0.08409050372566984
158697,100,1,1.0,0.0,instacart_grocery,4.61512051684126,False,-1,-0.08409050372566984
159550,100,1,1.0,0.0,instacart_grocery,4.61512051684126,False,-1,-0.08409050372566984
147834,100,1,1.0,0.0,instacart_grocery,4.61512051684126,False,-1,-0.08409050372566984
51141,100,1,1.0,0.0,instacart_grocery,4.61512051684126,False,-1,-0.08409050372566984
159549,100,1,1.0,0.0,instacart_grocery,4.61512051684126,False,-1,-0.08409050372566984
51309,100,1,1.0,0.0,instacart_grocery,4.61512051684126,False,-1,-0.08409050372566984
159406,100,1,1.0,0.0,instacart_grocery,4.61512051684126,False,-1,-0.08409050372566984
51437,100,1,1.0,0.0,instacart_grocery,4.61512051684126,False,-1,-0.08409050372566984
159352,100,1,1.0,0.0,instacart_grocery,4.61512051684126,False,-1,-0.08409050372566984
60716,100,1,1.0,0.0,instacart_grocery,4.61512051684126,False,-1,-0.08409050372566984
159277,100,1,1.0,0.0,instacart_grocery,4.61512051684126,False,-1,-0.08409050372566984
51594,100,1,1.0,0.0,instacart_grocery,4.61512051684126,False,-1,-0.08409050372566984
148024,100,1,1.0,0.0,instacart_grocery,4.61512051684126,False,-1,-0.08409050372566984
148054,100,1,1.0,0.0,instacart_grocery,4.61512051684126,False,-1,-0.08409050372566984
148162,100,1,1.0,0.0,instacart_grocery,4.61512051684126,False,-1,-0.08409050372566984
159115,100,1,1.0,0.0,instacart_grocery,4.61512051684126,False,-1,-0.08409050372566984
158972,100,1,1.0,0.0,instacart_grocery,4.61512051684126,False,-1,-0.08409050372566984
158925,100,1,1.0,0.0,instacart_grocery,4.61512051684126,False,-1,-0.08409050372566984
148333,100,1,1.0,0.0,instacart_grocery,4.61512051684126,False,-1,-0.08409050372566984
101779,100,1,1.0,0.0,instacart_grocery,4.61512051684126,False,-1,-0.08409050372566984
74315,100,1,1.0,0.0,instacart_grocery,4.61512051684126,False,-1,-0.08409050372566984
68923,100,1,1.0,0.0,instacart_grocery,4.61512051684126,False,-1,-0.08409050372566984
116051,100,1,1.0,0.0,instacart_grocery,4.61512051684126,False,-1,-0.08409050372566984
116279,100,1,1.0,0.0,instacart_grocery,4.61512051684126,False,-1,-0.08409050372566984
116331,100,1,1.0,0.0,instacart_grocery,4.61512051684126,False,-1,-0.08409050372566984
92546,100,1,1.0,0.0,instacart_grocery,4.61512051684126,False,-1,-0.08409050372566984
116368,100,1,1.0,0.0,instacart_grocery,4.61512051684126,False,-1,-0.08409050372566984
92366,100,1,1.0,0.0,instacart_grocery,4.61512051684126,False,-1,-0.08409050372566984
116458,100,1,1.0,0.0,instacart_grocery,4.61512051684126,False,-1,-0.08409050372566984
92111,100,1,1.0,0.0,instacart_grocery,4.61512051684126,False,-1,-0.08409050372566984
92052,100,1,1.0,0.0,instacart_grocery,4.61512051684126,False,-1,-0.08409050372566984
91972,100,1,1.0,0.0,instacart_grocery,4.61512051684126,False,-1,-0.08409050372566984
91957,100,1,1.0,0.0,instacart_grocery,4.61512051684126,False,-1,-0.08409050372566984
115925,100,1,1.0,0.0,instacart_grocery,4.61512051684126,False,-1,-0.08409050372566984
91806,100,1,1.0,0.0,instacart_grocery,4.61512051684126,False,-1,-0.08409050372566984
91606,100,1,1.0,0.0,instacart_grocery,4.61512051684126,False,-1,-0.08409050372566984
117435,100,1,1.0,0.0,instacart_grocery,4.61512051684126,False,-1,-0.08409050372566984
91359,100,1,1.0,0.0,instacart_grocery,4.61512051684126,False,-1,-0.08409050372566984
117718,100,1,1.0,0.0,instacart_grocery,4.61512051684126,False,-1,-0.08409050372566984
117752,100,1,1.0,0.0,instacart_grocery,4.61512051684126,False,-1,-0.08409050372566984
91263,100,1,1.0,0.0,instacart_grocery,4.61512051684126,False,-1,-0.08409050372566984
117890,100,1,1.0,0.0,instacart_grocery,4.61512051684126,False,-1,-0.08409050372566984
91035,100,1,1.0,0.0,instacart_grocery,4.61512051684126,False,-1,-0.08409050372566984
118218,100,1,1.0,0.0,instacart_grocery,4.61512051684126,False,-1,-0.08409050372566984
90654,100,1,1.0,0.0,instacart_grocery,4.61512051684126,False,-1,-0.08409050372566984
118221,100,1,1.0,0.0,instacart_grocery,4.61512051684126,False,-1,-0.08409050372566984
117101,100,1,1.0,0.0,instacart_grocery,4.61512051684126,False,-1,-0.08409050372566984
93062,100,1,1.0,0.0,instacart_grocery,4.61512051684126,False,-1,-0.08409050372566984
93140,100,1,1.0,0.0,instacart_grocery,4.61512051684126,False,-1,-0.08409050372566984
115423,100,1,1.0,0.0,instacart_grocery,4.61512051684126,False,-1,-0.08409050372566984
94977,100,1,1.0,0.0,instacart_grocery,4.61512051684126,False,-1,-0.08409050372566984
112764,100,1,1.0,0.0,instacart_grocery,4.61512051684126,False,-1,-0.08409050372566984
112841,100,1,1.0,0.0,instacart_grocery,4.61512051684126,False,-1,-0.08409050372566984
113003,100,1,1.0,0.0,instacart_grocery,4.61512051684126,False,-1,-0.08409050372566984
94795,100,1,1.0,0.0,instacart_grocery,4.61512051684126,False,-1,-0.08409050372566984
94764,100,1,1.0,0.0,instacart_grocery,4.61512051684126,False,-1,-0.08409050372566984
113384,100,1,1.0,0.0,instacart_grocery,4.61512051684126,False,-1,-0.08409050372566984
113432,100,1,1.0,0.0,instacart_grocery,4.61512051684126,False,-1,-0.08409050372566984
94701,100,1,1.0,0.0,instacart_grocery,4.61512051684126,False,-1,-0.08409050372566984
113588,100,1,1.0,0.0,instacart_grocery,4.61512051684126,False,-1,-0.08409050372566984
113660,100,1,1.0,0.0,instacart_grocery,4.61512051684126,False,-1,-0.08409050372566984
113834,100,1,1.0,0.0,instacart_grocery,4.61512051684126,False,-1,-0.08409050372566984
113854,100,1,1.0,0.0,instacart_grocery,4.61512051684126,False,-1,-0.08409050372566984
113993,100,1,1.0,0.0,instacart_grocery,4.61512051684126,False,-1,-0.08409050372566984
114229,100,1,1.0,0.0,instacart_grocery,4.61512051684126,False,-1,-0.08409050372566984
94330,100,1,1.0,0.0,instacart_grocery,4.61512051684126,False,-1,-0.08409050372566984
114346,100,1,1.0,0.0,instacart_grocery,4.61512051684126,False,-1,-0.08409050372566984
94221,100,1,1.0,0.0,instacart_grocery,4.61512051684126,False,-1,-0.08409050372566984
93942,100,1,1.0,0.0,instacart_grocery,4.61512051684126,False,-1,-0.08409050372566984
114751,100,1,1.0,0.0,instacart_grocery,4.61512051684126,False,-1,-0.08409050372566984
114835,100,1,1.0,0.0,instacart_grocery,4.61512051684126,False,-1,-0.08409050372566984
114958,100,1,1.0,0.0,instacart_grocery,4.61512051684126,False,-1,-0.08409050372566984
93608,100,1,1.0,0.0,instacart_grocery,4.61512051684126,False,-1,-0.08409050372566984
93581,100,1,1.0,0.0,instacart_grocery,4.61512051684126,False,-1,-0.08409050372566984
93519,100,1,1.0,0.0,instacart_grocery,4.61512051684126,False,-1,-0.08409050372566984
90584,100,1,1.0,0.0,instacart_grocery,4.61512051684126,False,-1,-0.08409050372566984
90555,100,1,1.0,0.0,instacart_grocery,4.61512051684126,False,-1,-0.08409050372566984
90510,100,1,1.0,0.0,instacart_grocery,4.61512051684126,False,-1,-0.08409050372566984
118685,100,1,1.0,0.0,instacart_grocery,4.61512051684126,False,-1,-0.08409050372566984
121370,100,1,1.0,0.0,instacart_grocery,4.61512051684126,False,-1,-0.08409050372566984
88150,100,1,1.0,0.0,instacart_grocery,4.61512051684126,False,-1,-0.08409050372566984
88054,100,1,1.0,0.0,instacart_grocery,4.61512051684126,False,-1,-0.08409050372566984
121714,100,1,1.0,0.0,instacart_grocery,4.61512051684126,False,-1,-0.08409050372566984
87959,100,1,1.0,0.0,instacart_grocery,4.61512051684126,False,-1,-0.08409050372566984
87638,100,1,1.0,0.0,instacart_grocery,4.61512051684126,False,-1,-0.08409050372566984
121860,100,1,1.0,0.0,instacart_grocery,4.61512051684126,False,-1,-0.08409050372566984
87406,100,1,1.0,0.0,instacart_grocery,4.61512051684126,False,-1,-0.08409050372566984
122233,100,1,1.0,0.0,instacart_grocery,4.61512051684126,False,-1,-0.08409050372566984
87293,100,1,1.0,0.0,instacart_grocery,4.61512051684126,False,-1,-0.08409050372566984
87244,100,1,1.0,0.0,instacart_grocery,4.61512051684126,False,-1,-0.08409050372566984
87238,100,1,1.0,0.0,instacart_grocery,4.61512051684126,False,-1,-0.08409050372566984
122476,100,1,1.0,0.0,instacart_grocery,4.61512051684126,False,-1,-0.08409050372566984
122550,100,1,1.0,0.0,instacart_grocery,4.61512051684126,False,-1,-0.08409050372566984
86804,100,1,1.0,0.0,instacart_grocery,4.61512051684126,False,-1,-0.08409050372566984
122848,100,1,1.0,0.0,instacart_grocery,4.61512051684126,False,-1,-0.08409050372566984
123066,100,1,1.0,0.0,instacart_grocery,4.61512051684126,False,-1,-0.08409050372566984
123143,100,1,1.0,0.0,instacart_grocery,4.61512051684126,False,-1,-0.08409050372566984
86661,100,1,1.0,0.0,instacart_grocery,4.61512051684126,False,-1,-0.08409050372566984
86633,100,1,1.0,0.0,instacart_grocery,4.61512051684126,False,-1,-0.08409050372566984
123218,100,1,1.0,0.0,instacart_grocery,4.61512051684126,False,-1,-0.08409050372566984
123245,100,1,1.0,0.0,instacart_grocery,4.61512051684126,False,-1,-0.08409050372566984
123601,100,1,1.0,0.0,instacart_grocery,4.61512051684126,False,-1,-0.08409050372566984
123746,100,1,1.0,0.0,instacart_grocery,4.61512051684126,False,-1,-0.08409050372566984
124477,100,1,1.0,0.0,instacart_grocery,4.61512051684126,False,-1,-0.08409050372566984
121327,100,1,1.0,0.0,instacart_grocery,4.61512051684126,False,-1,-0.08409050372566984
112678,100,1,1.0,0.0,instacart_grocery,4.61512051684126,False,-1,-0.08409050372566984
120999,100,1,1.0,0.0,instacart_grocery,4.61512051684126,False,-1,-0.08409050372566984
120853,100,1,1.0,0.0,instacart_grocery,4.61512051684126,False,-1,-0.08409050372566984
90221,100,1,1.0,0.0,instacart_grocery,4.61512051684126,False,-1,-0.08409050372566984
118800,100,1,1.0,0.0,instacart_grocery,4.61512051684126,False,-1,-0.08409050372566984
90110,100,1,1.0,0.0,instacart_grocery,4.61512051684126,False,-1,-0.08409050372566984
119028,100,1,1.0,0.0,instacart_grocery,4.61512051684126,False,-1,-0.08409050372566984
89989,100,1,1.0,0.0,instacart_grocery,4.61512051684126,False,-1,-0.08409050372566984
89799,100,1,1.0,0.0,instacart_grocery,4.61512051684126,False,-1,-0.08409050372566984
119061,100,1,1.0,0.0,instacart_grocery,4.61512051684126,False,-1,-0.08409050372566984
89724,100,1,1.0,0.0,instacart_grocery,4.61512051684126,False,-1,-0.08409050372566984
89567,100,1,1.0,0.0,instacart_grocery,4.61512051684126,False,-1,-0.08409050372566984
89553,100,1,1.0,0.0,instacart_grocery,4.61512051684126,False,-1,-0.08409050372566984
119748,100,1,1.0,0.0,instacart_grocery,4.61512051684126,False,-1,-0.08409050372566984
119835,100,1,1.0,0.0,instacart_grocery,4.61512051684126,False,-1,-0.08409050372566984
119932,100,1,1.0,0.0,instacart_grocery,4.61512051684126,False,-1,-0.08409050372566984
89304,100,1,1.0,0.0,instacart_grocery,4.61512051684126,False,-1,-0.08409050372566984
120458,100,1,1.0,0.0,instacart_grocery,4.61512051684126,False,-1,-0.08409050372566984
89064,100,1,1.0,0.0,instacart_grocery,4.61512051684126,False,-1,-0.08409050372566984
89048,100,1,1.0,0.0,instacart_grocery,4.61512051684126,False,-1,-0.08409050372566984
89018,100,1,1.0,0.0,instacart_grocery,4.61512051684126,False,-1,-0.08409050372566984
89012,100,1,1.0,0.0,instacart_grocery,4.61512051684126,False,-1,-0.08409050372566984
88911,100,1,1.0,0.0,instacart_grocery,4.61512051684126,False,-1,-0.08409050372566984
120633,100,1,1.0,0.0,instacart_grocery,4.61512051684126,False,-1,-0.08409050372566984
88698,100,1,1.0,0.0,instacart_grocery,4.61512051684126,False,-1,-0.08409050372566984
88491,100,1,1.0,0.0,instacart_grocery,4.61512051684126,False,-1,-0.08409050372566984
120840,100,1,1.0,0.0,instacart_grocery,4.61512051684126,False,-1,-0.08409050372566984
88409,100,1,1.0,0.0,instacart_grocery,4.61512051684126,False,-1,-0.08409050372566984
120897,100,1,1.0,0.0,instacart_grocery,4.61512051684126,False,-1,-0.08409050372566984
86109,100,1,1.0,0.0,instacart_grocery,4.61512051684126,False,-1,-0.08409050372566984
95062,100,1,1.0,0.0,instacart_grocery,4.61512051684126,False,-1,-0.08409050372566984
112044,100,1,1.0,0.0,instacart_grocery,4.61512051684126,False,-1,-0.08409050372566984
101261,100,1,1.0,0.0,instacart_grocery,4.61512051684126,False,-1,-0.08409050372566984
106724,100,1,1.0,0.0,instacart_grocery,4.61512051684126,False,-1,-0.08409050372566984
106755,100,1,1.0,0.0,instacart_grocery,4.61512051684126,False,-1,-0.08409050372566984
106823,100,1,1.0,0.0,instacart_grocery,4.61512051684126,False,-1,-0.08409050372566984
100982,100,1,1.0,0.0,instacart_grocery,4.61512051684126,False,-1,-0.08409050372566984
100969,100,1,1.0,0.0,instacart_grocery,4.61512051684126,False,-1,-0.08409050372566984
100935,100,1,1.0,0.0,instacart_grocery,4.61512051684126,False,-1,-0.08409050372566984
100916,100,1,1.0,0.0,instacart_grocery,4.61512051684126,False,-1,-0.08409050372566984
100825,100,1,1.0,0.0,instacart_grocery,4.61512051684126,False,-1,-0.08409050372566984
100787,100,1,1.0,0.0,instacart_grocery,4.61512051684126,False,-1,-0.08409050372566984
106854,100,1,1.0,0.0,instacart_grocery,4.61512051684126,False,-1,-0.08409050372566984
101319,100,1,1.0,0.0,instacart_grocery,4.61512051684126,False,-1,-0.08409050372566984
100629,100,1,1.0,0.0,instacart_grocery,4.61512051684126,False,-1,-0.08409050372566984
106879,100,1,1.0,0.0,instacart_grocery,4.61512051684126,False,-1,-0.08409050372566984
107152,100,1,1.0,0.0,instacart_grocery,4.61512051684126,False,-1,-0.08409050372566984
100514,100,1,1.0,0.0,instacart_grocery,4.61512051684126,False,-1,-0.08409050372566984
100325,100,1,1.0,0.0,instacart_grocery,4.61512051684126,False,-1,-0.08409050372566984
100316,100,1,1.0,0.0,instacart_grocery,4.61512051684126,False,-1,-0.08409050372566984
100142,100,1,1.0,0.0,instacart_grocery,4.61512051684126,False,-1,-0.08409050372566984
107327,100,1,1.0,0.0,instacart_grocery,4.61512051684126,False,-1,-0.08409050372566984
107451,100,1,1.0,0.0,instacart_grocery,4.61512051684126,False,-1,-0.08409050372566984
107523,100,1,1.0,0.0,instacart_grocery,4.61512051684126,False,-1,-0.08409050372566984
107660,100,1,1.0,0.0,instacart_grocery,4.61512051684126,False,-1,-0.08409050372566984
99805,100,1,1.0,0.0,instacart_grocery,4.61512051684126,False,-1,-0.08409050372566984
100593,100,1,1.0,0.0,instacart_grocery,4.61512051684126,False,-1,-0.08409050372566984
106161,100,1,1.0,0.0,instacart_grocery,4.61512051684126,False,-1,-0.08409050372566984
101518,100,1,1.0,0.0,instacart_grocery,4.61512051684126,False,-1,-0.08409050372566984
105913,100,1,1.0,0.0,instacart_grocery,4.61512051684126,False,-1,-0.08409050372566984
103642,100,1,1.0,0.0,instacart_grocery,4.61512051684126,False,-1,-0.08409050372566984
103593,100,1,1.0,0.0,instacart_grocery,4.61512051684126,False,-1,-0.08409050372566984
103508,100,1,1.0,0.0,instacart_grocery,4.61512051684126,False,-1,-0.08409050372566984
103401,100,1,1.0,0.0,instacart_grocery,4.61512051684126,False,-1,-0.08409050372566984
104339,100,1,1.0,0.0,instacart_grocery,4.61512051684126,False,-1,-0.08409050372566984
103206,100,1,1.0,0.0,instacart_grocery,4.61512051684126,False,-1,-0.08409050372566984
103166,100,1,1.0,0.0,instacart_grocery,4.61512051684126,False,-1,-0.08409050372566984
104576,100,1,1.0,0.0,instacart_grocery,4.61512051684126,False,-1,-0.08409050372566984
102918,100,1,1.0,0.0,instacart_grocery,4.61512051684126,False,-1,-0.08409050372566984
104855,100,1,1.0,0.0,instacart_grocery,4.61512051684126,False,-1,-0.08409050372566984
104910,100,1,1.0,0.0,instacart_grocery,4.61512051684126,False,-1,-0.08409050372566984
105063,100,1,1.0,0.0,instacart_grocery,4.61512051684126,False,-1,-0.08409050372566984
102666,100,1,1.0,0.0,instacart_grocery,4.61512051684126,False,-1,-0.08409050372566984
105213,100,1,1.0,0.0,instacart_grocery,4.61512051684126,False,-1,-0.08409050372566984
102551,100,1,1.0,0.0,instacart_grocery,4.61512051684126,False,-1,-0.08409050372566984
105269,100,1,1.0,0.0,instacart_grocery,4.61512051684126,False,-1,-0.08409050372566984
102345,100,1,1.0,0.0,instacart_grocery,4.61512051684126,False,-1,-0.08409050372566984
102339,100,1,1.0,0.0,instacart_grocery,4.61512051684126,False,-1,-0.08409050372566984
105300,100,1,1.0,0.0,instacart_grocery,4.61512051684126,False,-1,-0.08409050372566984
102256,100,1,1.0,0.0,instacart_grocery,4.61512051684126,False,-1,-0.08409050372566984
102254,100,1,1.0,0.0,instacart_grocery,4.61512051684126,False,-1,-0.08409050372566984
101797,100,1,1.0,0.0,instacart_grocery,4.61512051684126,False,-1,-0.08409050372566984
206105,100,1,1.0,0.0,instacart_grocery,4.61512051684126,False,-1,-0.08409050372566984
105338,100,1,1.0,0.0,instacart_grocery,4.61512051684126,False,-1,-0.08409050372566984
105532,100,1,1.0,0.0,instacart_grocery,4.61512051684126,False,-1,-0.08409050372566984
107809,100,1,1.0,0.0,instacart_grocery,4.61512051684126,False,-1,-0.08409050372566984
99753,100,1,1.0,0.0,instacart_grocery,4.61512051684126,False,-1,-0.08409050372566984
99727,100,1,1.0,0.0,instacart_grocery,4.61512051684126,False,-1,-0.08409050372566984
99721,100,1,1.0,0.0,instacart_grocery,4.61512051684126,False,-1,-0.08409050372566984
110673,100,1,1.0,0.0,instacart_grocery,4.61512051684126,False,-1,-0.08409050372566984
96827,100,1,1.0,0.0,instacart_grocery,4.61512051684126,False,-1,-0.08409050372566984
110741,100,1,1.0,0.0,instacart_grocery,4.61512051684126,False,-1,-0.08409050372566984
96750,100,1,1.0,0.0,instacart_grocery,4.61512051684126,False,-1,-0.08409050372566984
96577,100,1,1.0,0.0,instacart_grocery,4.61512051684126,False,-1,-0.08409050372566984
96533,100,1,1.0,0.0,instacart_grocery,4.61512051684126,False,-1,-0.08409050372566984
96497,100,1,1.0,0.0,instacart_grocery,4.61512051684126,False,-1,-0.08409050372566984
110851,100,1,1.0,0.0,instacart_grocery,4.61512051684126,False,-1,-0.08409050372566984
96230,100,1,1.0,0.0,instacart_grocery,4.61512051684126,False,-1,-0.08409050372566984
96192,100,1,1.0,0.0,instacart_grocery,4.61512051684126,False,-1,-0.08409050372566984
111110,100,1,1.0,0.0,instacart_grocery,4.61512051684126,False,-1,-0.08409050372566984
111156,100,1,1.0,0.0,instacart_grocery,4.61512051684126,False,-1,-0.08409050372566984
111466,100,1,1.0,0.0,instacart_grocery,4.61512051684126,False,-1,-0.08409050372566984
95967,100,1,1.0,0.0,instacart_grocery,4.61512051684126,False,-1,-0.08409050372566984
95861,100,1,1.0,0.0,instacart_grocery,4.61512051684126,False,-1,-0.08409050372566984
111646,100,1,1.0,0.0,instacart_grocery,4.61512051684126,False,-1,-0.08409050372566984
95806,100,1,1.0,0.0,instacart_grocery,4.61512051684126,False,-1,-0.08409050372566984
111734,100,1,1.0,0.0,instacart_grocery,4.61512051684126,False,-1,-0.08409050372566984
111739,100,1,1.0,0.0,instacart_grocery,4.61512051684126,False,-1,-0.08409050372566984
95426,100,1,1.0,0.0,instacart_grocery,4.61512051684126,False,-1,-0.08409050372566984
95338,100,1,1.0,0.0,instacart_grocery,4.61512051684126,False,-1,-0.08409050372566984
111923,100,1,1.0,0.0,instacart_grocery,4.61512051684126,False,-1,-0.08409050372566984
95193,100,1,1.0,0.0,instacart_grocery,4.61512051684126,False,-1,-0.08409050372566984
95171,100,1,1.0,0.0,instacart_grocery,4.61512051684126,False,-1,-0.08409050372566984
111982,100,1,1.0,0.0,instacart_grocery,4.61512051684126,False,-1,-0.08409050372566984
110479,100,1,1.0,0.0,instacart_grocery,4.61512051684126,False,-1,-0.08409050372566984
95063,100,1,1.0,0.0,instacart_grocery,4.61512051684126,False,-1,-0.08409050372566984
110447,100,1,1.0,0.0,instacart_grocery,4.61512051684126,False,-1,-0.08409050372566984
97138,100,1,1.0,0.0,instacart_grocery,4.61512051684126,False,-1,-0.08409050372566984
99707,100,1,1.0,0.0,instacart_grocery,4.61512051684126,False,-1,-0.08409050372566984
108396,100,1,1.0,0.0,instacart_grocery,4.61512051684126,False,-1,-0.08409050372566984
99570,100,1,1.0,0.0,instacart_grocery,4.61512051684126,False,-1,-0.08409050372566984
108457,100,1,1.0,0.0,instacart_grocery,4.61512051684126,False,-1,-0.08409050372566984
108546,100,1,1.0,0.0,instacart_grocery,4.61512051684126,False,-1,-0.08409050372566984
99352,100,1,1.0,0.0,instacart_grocery,4.61512051684126,False,-1,-0.08409050372566984
108911,100,1,1.0,0.0,instacart_grocery,4.61512051684126,False,-1,-0.08409050372566984
99132,100,1,1.0,0.0,instacart_grocery,4.61512051684126,False,-1,-0.08409050372566984
108946,100,1,1.0,0.0,instacart_grocery,4.61512051684126,False,-1,-0.08409050372566984
108989,100,1,1.0,0.0,instacart_grocery,4.61512051684126,False,-1,-0.08409050372566984
109020,100,1,1.0,0.0,instacart_grocery,4.61512051684126,False,-1,-0.08409050372566984
109170,100,1,1.0,0.0,instacart_grocery,4.61512051684126,False,-1,-0.08409050372566984
109181,100,1,1.0,0.0,instacart_grocery,4.61512051684126,False,-1,-0.08409050372566984
98628,100,1,1.0,0.0,instacart_grocery,4.61512051684126,False,-1,-0.08409050372566984
98601,100,1,1.0,0.0,instacart_grocery,4.61512051684126,False,-1,-0.08409050372566984
98411,100,1,1.0,0.0,instacart_grocery,4.61512051684126,False,-1,-0.08409050372566984
98085,100,1,1.0,0.0,instacart_grocery,4.61512051684126,False,-1,-0.08409050372566984
109846,100,1,1.0,0.0,instacart_grocery,4.61512051684126,False,-1,-0.08409050372566984
110129,100,1,1.0,0.0,instacart_grocery,4.61512051684126,False,-1,-0.08409050372566984
97695,100,1,1.0,0.0,instacart_grocery,4.61512051684126,False,-1,-0.08409050372566984
97557,100,1,1.0,0.0,instacart_grocery,4.61512051684126,False,-1,-0.08409050372566984
97526,100,1,1.0,0.0,instacart_grocery,4.61512051684126,False,-1,-0.08409050372566984
110238,100,1,1.0,0.0,instacart_grocery,4.61512051684126,False,-1,-0.08409050372566984
97439,100,1,1.0,0.0,instacart_grocery,4.61512051684126,False,-1,-0.08409050372566984
97290,100,1,1.0,0.0,instacart_grocery,4.61512051684126,False,-1,-0.08409050372566984
97013,100,1,1.0,0.0,instacart_grocery,4.61512051684126,False,-1,-0.08409050372566984
86061,100,1,1.0,0.0,instacart_grocery,4.61512051684126,False,-1,-0.08409050372566984
124710,100,1,1.0,0.0,instacart_grocery,4.61512051684126,False,-1,-0.08409050372566984
124753,100,1,1.0,0.0,instacart_grocery,4.61512051684126,False,-1,-0.08409050372566984
74642,100,1,1.0,0.0,instacart_grocery,4.61512051684126,False,-1,-0.08409050372566984
135920,100,1,1.0,0.0,instacart_grocery,4.61512051684126,False,-1,-0.08409050372566984
136066,100,1,1.0,0.0,instacart_grocery,4.61512051684126,False,-1,-0.08409050372566984
136104,100,1,1.0,0.0,instacart_grocery,4.61512051684126,False,-1,-0.08409050372566984
136152,100,1,1.0,0.0,instacart_grocery,4.61512051684126,False,-1,-0.08409050372566984
136327,100,1,1.0,0.0,instacart_grocery,4.61512051684126,False,-1,-0.08409050372566984
136421,100,1,1.0,0.0,instacart_grocery,4.61512051684126,False,-1,-0.08409050372566984
136508,100,1,1.0,0.0,instacart_grocery,4.61512051684126,False,-1,-0.08409050372566984
136558,100,1,1.0,0.0,instacart_grocery,4.61512051684126,False,-1,-0.08409050372566984
73765,100,1,1.0,0.0,instacart_grocery,4.61512051684126,False,-1,-0.08409050372566984
136724,100,1,1.0,0.0,instacart_grocery,4.61512051684126,False,-1,-0.08409050372566984
74680,100,1,1.0,0.0,instacart_grocery,4.61512051684126,False,-1,-0.08409050372566984
73676,100,1,1.0,0.0,instacart_grocery,4.61512051684126,False,-1,-0.08409050372566984
73645,100,1,1.0,0.0,instacart_grocery,4.61512051684126,False,-1,-0.08409050372566984
136870,100,1,1.0,0.0,instacart_grocery,4.61512051684126,False,-1,-0.08409050372566984
73542,100,1,1.0,0.0,instacart_grocery,4.61512051684126,False,-1,-0.08409050372566984
137255,100,1,1.0,0.0,instacart_grocery,4.61512051684126,False,-1,-0.08409050372566984
137517,100,1,1.0,0.0,instacart_grocery,4.61512051684126,False,-1,-0.08409050372566984
137629,100,1,1.0,0.0,instacart_grocery,4.61512051684126,False,-1,-0.08409050372566984
137764,100,1,1.0,0.0,instacart_grocery,4.61512051684126,False,-1,-0.08409050372566984
137799,100,1,1.0,0.0,instacart_grocery,4.61512051684126,False,-1,-0.08409050372566984
73080,100,1,1.0,0.0,instacart_grocery,4.61512051684126,False,-1,-0.08409050372566984
138113,100,1,1.0,0.0,instacart_grocery,4.61512051684126,False,-1,-0.08409050372566984
73042,100,1,1.0,0.0,instacart_grocery,4.61512051684126,False,-1,-0.08409050372566984
136737,100,1,1.0,0.0,instacart_grocery,4.61512051684126,False,-1,-0.08409050372566984
135563,100,1,1.0,0.0,instacart_grocery,4.61512051684126,False,-1,-0.08409050372566984
135372,100,1,1.0,0.0,instacart_grocery,4.61512051684126,False,-1,-0.08409050372566984
74804,100,1,1.0,0.0,instacart_grocery,4.61512051684126,False,-1,-0.08409050372566984
133642,100,1,1.0,0.0,instacart_grocery,4.61512051684126,False,-1,-0.08409050372566984
76729,100,1,1.0,0.0,instacart_grocery,4.61512051684126,False,-1,-0.08409050372566984
76678,100,1,1.0,0.0,instacart_grocery,4.61512051684126,False,-1,-0.08409050372566984
76594,100,1,1.0,0.0,instacart_grocery,4.61512051684126,False,-1,-0.08409050372566984
76543,100,1,1.0,0.0,instacart_grocery,4.61512051684126,False,-1,-0.08409050372566984
133865,100,1,1.0,0.0,instacart_grocery,4.61512051684126,False,-1,-0.08409050372566984
133942,100,1,1.0,0.0,instacart_grocery,4.61512051684126,False,-1,-0.08409050372566984
76460,100,1,1.0,0.0,instacart_grocery,4.61512051684126,False,-1,-0.08409050372566984
133983,100,1,1.0,0.0,instacart_grocery,4.61512051684126,False,-1,-0.08409050372566984
134144,100,1,1.0,0.0,instacart_grocery,4.61512051684126,False,-1,-0.08409050372566984
134199,100,1,1.0,0.0,instacart_grocery,4.61512051684126,False,-1,-0.08409050372566984
75943,100,1,1.0,0.0,instacart_grocery,4.61512051684126,False,-1,-0.08409050372566984
75825,100,1,1.0,0.0,instacart_grocery,4.61512051684126,False,-1,-0.08409050372566984
75805,100,1,1.0,0.0,instacart_grocery,4.61512051684126,False,-1,-0.08409050372566984
75664,100,1,1.0,0.0,instacart_grocery,4.61512051684126,False,-1,-0.08409050372566984
134572,100,1,1.0,0.0,instacart_grocery,4.61512051684126,False,-1,-0.08409050372566984
134678,100,1,1.0,0.0,instacart_grocery,4.61512051684126,False,-1,-0.08409050372566984
75517,100,1,1.0,0.0,instacart_grocery,4.61512051684126,False,-1,-0.08409050372566984
134735,100,1,1.0,0.0,instacart_grocery,4.61512051684126,False,-1,-0.08409050372566984
75446,100,1,1.0,0.0,instacart_grocery,4.61512051684126,False,-1,-0.08409050372566984
134883,100,1,1.0,0.0,instacart_grocery,4.61512051684126,False,-1,-0.08409050372566984
134915,100,1,1.0,0.0,instacart_grocery,4.61512051684126,False,-1,-0.08409050372566984
134984,100,1,1.0,0.0,instacart_grocery,4.61512051684126,False,-1,-0.08409050372566984
75124,100,1,1.0,0.0,instacart_grocery,4.61512051684126,False,-1,-0.08409050372566984
74896,100,1,1.0,0.0,instacart_grocery,4.61512051684126,False,-1,-0.08409050372566984
138126,100,1,1.0,0.0,instacart_grocery,4.61512051684126,False,-1,-0.08409050372566984
138241,100,1,1.0,0.0,instacart_grocery,4.61512051684126,False,-1,-0.08409050372566984
72889,100,1,1.0,0.0,instacart_grocery,4.61512051684126,False,-1,-0.08409050372566984
72759,100,1,1.0,0.0,instacart_grocery,4.61512051684126,False,-1,-0.08409050372566984
139897,100,1,1.0,0.0,instacart_grocery,4.61512051684126,False,-1,-0.08409050372566984
70742,100,1,1.0,0.0,instacart_grocery,4.61512051684126,False,-1,-0.08409050372566984
140054,100,1,1.0,0.0,instacart_grocery,4.61512051684126,False,-1,-0.08409050372566984
70679,100,1,1.0,0.0,instacart_grocery,4.61512051684126,False,-1,-0.08409050372566984
140171,100,1,1.0,0.0,instacart_grocery,4.61512051684126,False,-1,-0.08409050372566984
140356,100,1,1.0,0.0,instacart_grocery,4.61512051684126,False,-1,-0.08409050372566984
140395,100,1,1.0,0.0,instacart_grocery,4.61512051684126,False,-1,-0.08409050372566984
140665,100,1,1.0,0.0,instacart_grocery,4.61512051684126,False,-1,-0.08409050372566984
70278,100,1,1.0,0.0,instacart_grocery,4.61512051684126,False,-1,-0.08409050372566984
140672,100,1,1.0,0.0,instacart_grocery,4.61512051684126,False,-1,-0.08409050372566984
69995,100,1,1.0,0.0,instacart_grocery,4.61512051684126,False,-1,-0.08409050372566984
69974,100,1,1.0,0.0,instacart_grocery,4.61512051684126,False,-1,-0.08409050372566984
69919,100,1,1.0,0.0,instacart_grocery,4.61512051684126,False,-1,-0.08409050372566984
69687,100,1,1.0,0.0,instacart_grocery,4.61512051684126,False,-1,-0.08409050372566984
69672,100,1,1.0,0.0,instacart_grocery,4.61512051684126,False,-1,-0.08409050372566984
140753,100,1,1.0,0.0,instacart_grocery,4.61512051684126,False,-1,-0.08409050372566984
69437,100,1,1.0,0.0,instacart_grocery,4.61512051684126,False,-1,-0.08409050372566984
69359,100,1,1.0,0.0,instacart_grocery,4.61512051684126,False,-1,-0.08409050372566984
69182,100,1,1.0,0.0,instacart_grocery,4.61512051684126,False,-1,-0.08409050372566984
141034,100,1,1.0,0.0,instacart_grocery,4.61512051684126,False,-1,-0.08409050372566984
69173,100,1,1.0,0.0,instacart_grocery,4.61512051684126,False,-1,-0.08409050372566984
141069,100,1,1.0,0.0,instacart_grocery,4.61512051684126,False,-1,-0.08409050372566984
69074,100,1,1.0,0.0,instacart_grocery,4.61512051684126,False,-1,-0.08409050372566984
141106,100,1,1.0,0.0,instacart_grocery,4.61512051684126,False,-1,-0.08409050372566984
69028,100,1,1.0,0.0,instacart_grocery,4.61512051684126,False,-1,-0.08409050372566984
70860,100,1,1.0,0.0,instacart_grocery,4.61512051684126,False,-1,-0.08409050372566984
76784,100,1,1.0,0.0,instacart_grocery,4.61512051684126,False,-1,-0.08409050372566984
70922,100,1,1.0,0.0,instacart_grocery,4.61512051684126,False,-1,-0.08409050372566984
139775,100,1,1.0,0.0,instacart_grocery,4.61512051684126,False,-1,-0.08409050372566984
72754,100,1,1.0,0.0,instacart_grocery,4.61512051684126,False,-1,-0.08409050372566984
138283,100,1,1.0,0.0,instacart_grocery,4.61512051684126,False,-1,-0.08409050372566984
72726,100,1,1.0,0.0,instacart_grocery,4.61512051684126,False,-1,-0.08409050372566984
72642,100,1,1.0,0.0,instacart_grocery,4.61512051684126,False,-1,-0.08409050372566984
72544,100,1,1.0,0.0,instacart_grocery,4.61512051684126,False,-1,-0.08409050372566984
72461,100,1,1.0,0.0,instacart_grocery,4.61512051684126,False,-1,-0.08409050372566984
138311,100,1,1.0,0.0,instacart_grocery,4.61512051684126,False,-1,-0.08409050372566984
138528,100,1,1.0,0.0,instacart_grocery,4.61512051684126,False,-1,-0.08409050372566984
138586,100,1,1.0,0.0,instacart_grocery,4.61512051684126,False,-1,-0.08409050372566984
138711,100,1,1.0,0.0,instacart_grocery,4.61512051684126,False,-1,-0.08409050372566984
138791,100,1,1.0,0.0,instacart_grocery,4.61512051684126,False,-1,-0.08409050372566984
71929,100,1,1.0,0.0,instacart_grocery,4.61512051684126,False,-1,-0.08409050372566984
71919,100,1,1.0,0.0,instacart_grocery,4.61512051684126,False,-1,-0.08409050372566984
71884,100,1,1.0,0.0,instacart_grocery,4.61512051684126,False,-1,-0.08409050372566984
71821,100,1,1.0,0.0,instacart_grocery,4.61512051684126,False,-1,-0.08409050372566984
139038,100,1,1.0,0.0,instacart_grocery,4.61512051684126,False,-1,-0.08409050372566984
71782,100,1,1.0,0.0,instacart_grocery,4.61512051684126,False,-1,-0.08409050372566984
71663,100,1,1.0,0.0,instacart_grocery,4.61512051684126,False,-1,-0.08409050372566984
139345,100,1,1.0,0.0,instacart_grocery,4.61512051684126,False,-1,-0.08409050372566984
139547,100,1,1.0,0.0,instacart_grocery,4.61512051684126,False,-1,-0.08409050372566984
139558,100,1,1.0,0.0,instacart_grocery,4.61512051684126,False,-1,-0.08409050372566984
139652,100,1,1.0,0.0,instacart_grocery,4.61512051684126,False,-1,-0.08409050372566984
139660,100,1,1.0,0.0,instacart_grocery,4.61512051684126,False,-1,-0.08409050372566984
71189,100,1,1.0,0.0,instacart_grocery,4.61512051684126,False,-1,-0.08409050372566984
139721,100,1,1.0,0.0,instacart_grocery,4.61512051684126,False,-1,-0.08409050372566984
71049,100,1,1.0,0.0,instacart_grocery,4.61512051684126,False,-1,-0.08409050372566984
133426,100,1,1.0,0.0,instacart_grocery,4.61512051684126,False,-1,-0.08409050372566984
76905,100,1,1.0,0.0,instacart_grocery,4.61512051684126,False,-1,-0.08409050372566984
133235,100,1,1.0,0.0,instacart_grocery,4.61512051684126,False,-1,-0.08409050372566984
126848,100,1,1.0,0.0,instacart_grocery,4.61512051684126,False,-1,-0.08409050372566984
126993,100,1,1.0,0.0,instacart_grocery,4.61512051684126,False,-1,-0.08409050372566984
83326,100,1,1.0,0.0,instacart_grocery,4.61512051684126,False,-1,-0.08409050372566984
83293,100,1,1.0,0.0,instacart_grocery,4.61512051684126,False,-1,-0.08409050372566984
83222,100,1,1.0,0.0,instacart_grocery,4.61512051684126,False,-1,-0.08409050372566984
83215,100,1,1.0,0.0,instacart_grocery,4.61512051684126,False,-1,-0.08409050372566984
83161,100,1,1.0,0.0,instacart_grocery,4.61512051684126,False,-1,-0.08409050372566984
127158,100,1,1.0,0.0,instacart_grocery,4.61512051684126,False,-1,-0.08409050372566984
83068,100,1,1.0,0.0,instacart_grocery,4.61512051684126,False,-1,-0.08409050372566984
83011,100,1,1.0,0.0,instacart_grocery,4.61512051684126,False,-1,-0.08409050372566984
127220,100,1,1.0,0.0,instacart_grocery,4.61512051684126,False,-1,-0.08409050372566984
82598,100,1,1.0,0.0,instacart_grocery,4.61512051684126,False,-1,-0.08409050372566984
82563,100,1,1.0,0.0,instacart_grocery,4.61512051684126,False,-1,-0.08409050372566984
82545,100,1,1.0,0.0,instacart_grocery,4.61512051684126,False,-1,-0.08409050372566984
82424,100,1,1.0,0.0,instacart_grocery,4.61512051684126,False,-1,-0.08409050372566984
82420,100,1,1.0,0.0,instacart_grocery,4.61512051684126,False,-1,-0.08409050372566984
127547,100,1,1.0,0.0,instacart_grocery,4.61512051684126,False,-1,-0.08409050372566984
82356,100,1,1.0,0.0,instacart_grocery,4.61512051684126,False,-1,-0.08409050372566984
82232,100,1,1.0,0.0,instacart_grocery,4.61512051684126,False,-1,-0.08409050372566984
81944,100,1,1.0,0.0,instacart_grocery,4.61512051684126,False,-1,-0.08409050372566984
127661,100,1,1.0,0.0,instacart_grocery,4.61512051684126,False,-1,-0.08409050372566984
81835,100,1,1.0,0.0,instacart_grocery,4.61512051684126,False,-1,-0.08409050372566984
127776,100,1,1.0,0.0,instacart_grocery,4.61512051684126,False,-1,-0.08409050372566984
81704,100,1,1.0,0.0,instacart_grocery,4.61512051684126,False,-1,-0.08409050372566984
81678,100,1,1.0,0.0,instacart_grocery,4.61512051684126,False,-1,-0.08409050372566984
126714,100,1,1.0,0.0,instacart_grocery,4.61512051684126,False,-1,-0.08409050372566984
81663,100,1,1.0,0.0,instacart_grocery,4.61512051684126,False,-1,-0.08409050372566984
126569,100,1,1.0,0.0,instacart_grocery,4.61512051684126,False,-1,-0.08409050372566984
126273,100,1,1.0,0.0,instacart_grocery,4.61512051684126,False,-1,-0.08409050372566984
85690,100,1,1.0,0.0,instacart_grocery,4.61512051684126,False,-1,-0.08409050372566984
85602,100,1,1.0,0.0,instacart_grocery,4.61512051684126,False,-1,-0.08409050372566984
85577,100,1,1.0,0.0,instacart_grocery,4.61512051684126,False,-1,-0.08409050372566984
124823,100,1,1.0,0.0,instacart_grocery,4.61512051684126,False,-1,-0.08409050372566984
85333,100,1,1.0,0.0,instacart_grocery,4.61512051684126,False,-1,-0.08409050372566984
85296,100,1,1.0,0.0,instacart_grocery,4.61512051684126,False,-1,-0.08409050372566984
85247,100,1,1.0,0.0,instacart_grocery,4.61512051684126,False,-1,-0.08409050372566984
85203,100,1,1.0,0.0,instacart_grocery,4.61512051684126,False,-1,-0.08409050372566984
124838,100,1,1.0,0.0,instacart_grocery,4.61512051684126,False,-1,-0.08409050372566984
85182,100,1,1.0,0.0,instacart_grocery,4.61512051684126,False,-1,-0.08409050372566984
124991,100,1,1.0,0.0,instacart_grocery,4.61512051684126,False,-1,-0.08409050372566984
125158,100,1,1.0,0.0,instacart_grocery,4.61512051684126,False,-1,-0.08409050372566984
125280,100,1,1.0,0.0,instacart_grocery,4.61512051684126,False,-1,-0.08409050372566984
84589,100,1,1.0,0.0,instacart_grocery,4.61512051684126,False,-1,-0.08409050372566984
84500,100,1,1.0,0.0,instacart_grocery,4.61512051684126,False,-1,-0.08409050372566984
125378,100,1,1.0,0.0,instacart_grocery,4.61512051684126,False,-1,-0.08409050372566984
84478,100,1,1.0,0.0,instacart_grocery,4.61512051684126,False,-1,-0.08409050372566984
125662,100,1,1.0,0.0,instacart_grocery,4.61512051684126,False,-1,-0.08409050372566984
125668,100,1,1.0,0.0,instacart_grocery,4.61512051684126,False,-1,-0.08409050372566984
84098,100,1,1.0,0.0,instacart_grocery,4.61512051684126,False,-1,-0.08409050372566984
84095,100,1,1.0,0.0,instacart_grocery,4.61512051684126,False,-1,-0.08409050372566984
84092,100,1,1.0,0.0,instacart_grocery,4.61512051684126,False,-1,-0.08409050372566984
125828,100,1,1.0,0.0,instacart_grocery,4.61512051684126,False,-1,-0.08409050372566984
84058,100,1,1.0,0.0,instacart_grocery,4.61512051684126,False,-1,-0.08409050372566984
126272,100,1,1.0,0.0,instacart_grocery,4.61512051684126,False,-1,-0.08409050372566984
126537,100,1,1.0,0.0,instacart_grocery,4.61512051684126,False,-1,-0.08409050372566984
68891,100,1,1.0,0.0,instacart_grocery,4.61512051684126,False,-1,-0.08409050372566984
81625,100,1,1.0,0.0,instacart_grocery,4.61512051684126,False,-1,-0.08409050372566984
81505,100,1,1.0,0.0,instacart_grocery,4.61512051684126,False,-1,-0.08409050372566984
78644,100,1,1.0,0.0,instacart_grocery,4.61512051684126,False,-1,-0.08409050372566984
130465,100,1,1.0,0.0,instacart_grocery,4.61512051684126,False,-1,-0.08409050372566984
130802,100,1,1.0,0.0,instacart_grocery,4.61512051684126,False,-1,-0.08409050372566984
78375,100,1,1.0,0.0,instacart_grocery,4.61512051684126,False,-1,-0.08409050372566984
131093,100,1,1.0,0.0,instacart_grocery,4.61512051684126,False,-1,-0.08409050372566984
131223,100,1,1.0,0.0,instacart_grocery,4.61512051684126,False,-1,-0.08409050372566984
78309,100,1,1.0,0.0,instacart_grocery,4.61512051684126,False,-1,-0.08409050372566984
78267,100,1,1.0,0.0,instacart_grocery,4.61512051684126,False,-1,-0.08409050372566984
131634,100,1,1.0,0.0,instacart_grocery,4.61512051684126,False,-1,-0.08409050372566984
78164,100,1,1.0,0.0,instacart_grocery,4.61512051684126,False,-1,-0.08409050372566984
131725,100,1,1.0,0.0,instacart_grocery,4.61512051684126,False,-1,-0.08409050372566984
131864,100,1,1.0,0.0,instacart_grocery,4.61512051684126,False,-1,-0.08409050372566984
131904,100,1,1.0,0.0,instacart_grocery,4.61512051684126,False,-1,-0.08409050372566984
132022,100,1,1.0,0.0,instacart_grocery,4.61512051684126,False,-1,-0.08409050372566984
77965,100,1,1.0,0.0,instacart_grocery,4.61512051684126,False,-1,-0.08409050372566984
132217,100,1,1.0,0.0,instacart_grocery,4.61512051684126,False,-1,-0.08409050372566984
77880,100,1,1.0,0.0,instacart_grocery,4.61512051684126,False,-1,-0.08409050372566984
77509,100,1,1.0,0.0,instacart_grocery,4.61512051684126,False,-1,-0.08409050372566984
132703,100,1,1.0,0.0,instacart_grocery,4.61512051684126,False,-1,-0.08409050372566984
77374,100,1,1.0,0.0,instacart_grocery,4.61512051684126,False,-1,-0.08409050372566984
77311,100,1,1.0,0.0,instacart_grocery,4.61512051684126,False,-1,-0.08409050372566984
132803,100,1,1.0,0.0,instacart_grocery,4.61512051684126,False,-1,-0.08409050372566984
132863,100,1,1.0,0.0,instacart_grocery,4.61512051684126,False,-1,-0.08409050372566984
133196,100,1,1.0,0.0,instacart_grocery,4.61512051684126,False,-1,-0.08409050372566984
133227,100,1,1.0,0.0,instacart_grocery,4.61512051684126,False,-1,-0.08409050372566984
130445,100,1,1.0,0.0,instacart_grocery,4.61512051684126,False,-1,-0.08409050372566984
81549,100,1,1.0,0.0,instacart_grocery,4.61512051684126,False,-1,-0.08409050372566984
78677,100,1,1.0,0.0,instacart_grocery,4.61512051684126,False,-1,-0.08409050372566984
130136,100,1,1.0,0.0,instacart_grocery,4.61512051684126,False,-1,-0.08409050372566984
81350,100,1,1.0,0.0,instacart_grocery,4.61512051684126,False,-1,-0.08409050372566984
81342,100,1,1.0,0.0,instacart_grocery,4.61512051684126,False,-1,-0.08409050372566984
127890,100,1,1.0,0.0,instacart_grocery,4.61512051684126,False,-1,-0.08409050372566984
127988,100,1,1.0,0.0,instacart_grocery,4.61512051684126,False,-1,-0.08409050372566984
81140,100,1,1.0,0.0,instacart_grocery,4.61512051684126,False,-1,-0.08409050372566984
80955,100,1,1.0,0.0,instacart_grocery,4.61512051684126,False,-1,-0.08409050372566984
128559,100,1,1.0,0.0,instacart_grocery,4.61512051684126,False,-1,-0.08409050372566984
128655,100,1,1.0,0.0,instacart_grocery,4.61512051684126,False,-1,-0.08409050372566984
80828,100,1,1.0,0.0,instacart_grocery,4.61512051684126,False,-1,-0.08409050372566984
80189,100,1,1.0,0.0,instacart_grocery,4.61512051684126,False,-1,-0.08409050372566984
128800,100,1,1.0,0.0,instacart_grocery,4.61512051684126,False,-1,-0.08409050372566984
128897,100,1,1.0,0.0,instacart_grocery,4.61512051684126,False,-1,-0.08409050372566984
128987,100,1,1.0,0.0,instacart_grocery,4.61512051684126,False,-1,-0.08409050372566984
79708,100,1,1.0,0.0,instacart_grocery,4.61512051684126,False,-1,-0.08409050372566984
79520,100,1,1.0,0.0,instacart_grocery,4.61512051684126,False,-1,-0.08409050372566984
129662,100,1,1.0,0.0,instacart_grocery,4.61512051684126,False,-1,-0.08409050372566984
79314,100,1,1.0,0.0,instacart_grocery,4.61512051684126,False,-1,-0.08409050372566984
79279,100,1,1.0,0.0,instacart_grocery,4.61512051684126,False,-1,-0.08409050372566984
129784,100,1,1.0,0.0,instacart_grocery,4.61512051684126,False,-1,-0.08409050372566984
129867,100,1,1.0,0.0,instacart_grocery,4.61512051684126,False,-1,-0.08409050372566984
79106,100,1,1.0,0.0,instacart_grocery,4.61512051684126,False,-1,-0.08409050372566984
79060,100,1,1.0,0.0,instacart_grocery,4.61512051684126,False,-1,-0.08409050372566984
78929,100,1,1.0,0.0,instacart_grocery,4.61512051684126,False,-1,-0.08409050372566984
130036,100,1,1.0,0.0,instacart_grocery,4.61512051684126,False,-1,-0.08409050372566984
78879,100,1,1.0,0.0,instacart_grocery,4.61512051684126,False,-1,-0.08409050372566984
130153,100,1,1.0,0.0,instacart_grocery,4.61512051684126,False,-1,-0.08409050372566984
166725,100,1,1.0,0.0,instacart_grocery,4.61512051684126,False,-1,-0.08409050372566984
103737,100,1,1.0,0.0,instacart_grocery,4.61512051684126,False,-1,-0.08409050372566984
166786,100,1,1.0,0.0,instacart_grocery,4.61512051684126,False,-1,-0.08409050372566984
10046,100,1,1.0,0.0,instacart_grocery,4.61512051684126,False,-1,-0.08409050372566984
29881,100,1,1.0,0.0,instacart_grocery,4.61512051684126,False,-1,-0.08409050372566984
180963,100,1,1.0,0.0,instacart_grocery,4.61512051684126,False,-1,-0.08409050372566984
29623,100,1,1.0,0.0,instacart_grocery,4.61512051684126,False,-1,-0.08409050372566984
29621,100,1,1.0,0.0,instacart_grocery,4.61512051684126,False,-1,-0.08409050372566984
181116,100,1,1.0,0.0,instacart_grocery,4.61512051684126,False,-1,-0.08409050372566984
181347,100,1,1.0,0.0,instacart_grocery,4.61512051684126,False,-1,-0.08409050372566984
181400,100,1,1.0,0.0,instacart_grocery,4.61512051684126,False,-1,-0.08409050372566984
196613,100,1,1.0,0.0,instacart_grocery,4.61512051684126,False,-1,-0.08409050372566984
181416,100,1,1.0,0.0,instacart_grocery,4.61512051684126,False,-1,-0.08409050372566984
10293,100,1,1.0,0.0,instacart_grocery,4.61512051684126,False,-1,-0.08409050372566984
29058,100,1,1.0,0.0,instacart_grocery,4.61512051684126,False,-1,-0.08409050372566984
196314,100,1,1.0,0.0,instacart_grocery,4.61512051684126,False,-1,-0.08409050372566984
29046,100,1,1.0,0.0,instacart_grocery,4.61512051684126,False,-1,-0.08409050372566984
10502,100,1,1.0,0.0,instacart_grocery,4.61512051684126,False,-1,-0.08409050372566984
10546,100,1,1.0,0.0,instacart_grocery,4.61512051684126,False,-1,-0.08409050372566984
10600,100,1,1.0,0.0,instacart_grocery,4.61512051684126,False,-1,-0.08409050372566984
196224,100,1,1.0,0.0,instacart_grocery,4.61512051684126,False,-1,-0.08409050372566984
181540,100,1,1.0,0.0,instacart_grocery,4.61512051684126,False,-1,-0.08409050372566984
196163,100,1,1.0,0.0,instacart_grocery,4.61512051684126,False,-1,-0.08409050372566984
180851,100,1,1.0,0.0,instacart_grocery,4.61512051684126,False,-1,-0.08409050372566984
30077,100,1,1.0,0.0,instacart_grocery,4.61512051684126,False,-1,-0.08409050372566984
9333,100,1,1.0,0.0,instacart_grocery,4.61512051684126,False,-1,-0.08409050372566984
180237,100,1,1.0,0.0,instacart_grocery,4.61512051684126,False,-1,-0.08409050372566984
180385,100,1,1.0,0.0,instacart_grocery,4.61512051684126,False,-1,-0.08409050372566984
9437,100,1,1.0,0.0,instacart_grocery,4.61512051684126,False,-1,-0.08409050372566984
180437,100,1,1.0,0.0,instacart_grocery,4.61512051684126,False,-1,-0.08409050372566984
9513,100,1,1.0,0.0,instacart_grocery,4.61512051684126,False,-1,-0.08409050372566984
30888,100,1,1.0,0.0,instacart_grocery,4.61512051684126,False,-1,-0.08409050372566984
30873,100,1,1.0,0.0,instacart_grocery,4.61512051684126,False,-1,-0.08409050372566984
30056,100,1,1.0,0.0,instacart_grocery,4.61512051684126,False,-1,-0.08409050372566984
196912,100,1,1.0,0.0,instacart_grocery,4.61512051684126,False,-1,-0.08409050372566984
30686,100,1,1.0,0.0,instacart_grocery,4.61512051684126,False,-1,-0.08409050372566984
30650,100,1,1.0,0.0,instacart_grocery,4.61512051684126,False,-1,-0.08409050372566984
180583,100,1,1.0,0.0,instacart_grocery,4.61512051684126,False,-1,-0.08409050372566984
9667,100,1,1.0,0.0,instacart_grocery,4.61512051684126,False,-1,-0.08409050372566984
9682,100,1,1.0,0.0,instacart_grocery,4.61512051684126,False,-1,-0.08409050372566984
180793,100,1,1.0,0.0,instacart_grocery,4.61512051684126,False,-1,-0.08409050372566984
9910,100,1,1.0,0.0,instacart_grocery,4.61512051684126,False,-1,-0.08409050372566984
9911,100,1,1.0,0.0,instacart_grocery,4.61512051684126,False,-1,-0.08409050372566984
196877,100,1,1.0,0.0,instacart_grocery,4.61512051684126,False,-1,-0.08409050372566984
196941,100,1,1.0,0.0,instacart_grocery,4.61512051684126,False,-1,-0.08409050372566984
28855,100,1,1.0,0.0,instacart_grocery,4.61512051684126,False,-1,-0.08409050372566984
10747,100,1,1.0,0.0,instacart_grocery,4.61512051684126,False,-1,-0.08409050372566984
27679,100,1,1.0,0.0,instacart_grocery,4.61512051684126,False,-1,-0.08409050372566984
27608,100,1,1.0,0.0,instacart_grocery,4.61512051684126,False,-1,-0.08409050372566984
27581,100,1,1.0,0.0,instacart_grocery,4.61512051684126,False,-1,-0.08409050372566984
11588,100,1,1.0,0.0,instacart_grocery,4.61512051684126,False,-1,-0.08409050372566984
27430,100,1,1.0,0.0,instacart_grocery,4.61512051684126,False,-1,-0.08409050372566984
182630,100,1,1.0,0.0,instacart_grocery,4.61512051684126,False,-1,-0.08409050372566984
195427,100,1,1.0,0.0,instacart_grocery,4.61512051684126,False,-1,-0.08409050372566984
27347,100,1,1.0,0.0,instacart_grocery,4.61512051684126,False,-1,-0.08409050372566984
182558,100,1,1.0,0.0,instacart_grocery,4.61512051684126,False,-1,-0.08409050372566984
11845,100,1,1.0,0.0,instacart_grocery,4.61512051684126,False,-1,-0.08409050372566984
195304,100,1,1.0,0.0,instacart_grocery,4.61512051684126,False,-1,-0.08409050372566984
27036,100,1,1.0,0.0,instacart_grocery,4.61512051684126,False,-1,-0.08409050372566984
26988,100,1,1.0,0.0,instacart_grocery,4.61512051684126,False,-1,-0.08409050372566984
11980,100,1,1.0,0.0,instacart_grocery,4.61512051684126,False,-1,-0.08409050372566984
26715,100,1,1.0,0.0,instacart_grocery,4.61512051684126,False,-1,-0.08409050372566984
12102,100,1,1.0,0.0,instacart_grocery,4.61512051684126,False,-1,-0.08409050372566984
195182,100,1,1.0,0.0,instacart_grocery,4.61512051684126,False,-1,-0.08409050372566984
12166,100,1,1.0,0.0,instacart_grocery,4.61512051684126,False,-1,-0.08409050372566984
27208,100,1,1.0,0.0,instacart_grocery,4.61512051684126,False,-1,-0.08409050372566984
28775,100,1,1.0,0.0,instacart_grocery,4.61512051684126,False,-1,-0.08409050372566984
182506,100,1,1.0,0.0,instacart_grocery,4.61512051684126,False,-1,-0.08409050372566984
27907,100,1,1.0,0.0,instacart_grocery,4.61512051684126,False,-1,-0.08409050372566984
196091,100,1,1.0,0.0,instacart_grocery,4.61512051684126,False,-1,-0.08409050372566984
181896,100,1,1.0,0.0,instacart_grocery,4.61512051684126,False,-1,-0.08409050372566984
181936,100,1,1.0,0.0,instacart_grocery,4.61512051684126,False,-1,-0.08409050372566984
181970,100,1,1.0,0.0,instacart_grocery,4.61512051684126,False,-1,-0.08409050372566984
182010,100,1,1.0,0.0,instacart_grocery,4.61512051684126,False,-1,-0.08409050372566984
10934,100,1,1.0,0.0,instacart_grocery,4.61512051684126,False,-1,-0.08409050372566984
28476,100,1,1.0,0.0,instacart_grocery,4.61512051684126,False,-1,-0.08409050372566984
182290,100,1,1.0,0.0,instacart_grocery,4.61512051684126,False,-1,-0.08409050372566984
11375,100,1,1.0,0.0,instacart_grocery,4.61512051684126,False,-1,-0.08409050372566984
182364,100,1,1.0,0.0,instacart_grocery,4.61512051684126,False,-1,-0.08409050372566984
195868,100,1,1.0,0.0,instacart_grocery,4.61512051684126,False,-1,-0.08409050372566984
28238,100,1,1.0,0.0,instacart_grocery,4.61512051684126,False,-1,-0.08409050372566984
182401,100,1,1.0,0.0,instacart_grocery,4.61512051684126,False,-1,-0.08409050372566984
182408,100,1,1.0,0.0,instacart_grocery,4.61512051684126,False,-1,-0.08409050372566984
195804,100,1,1.0,0.0,instacart_grocery,4.61512051684126,False,-1,-0.08409050372566984
195665,100,1,1.0,0.0,instacart_grocery,4.61512051684126,False,-1,-0.08409050372566984
195449,100,1,1.0,0.0,instacart_grocery,4.61512051684126,False,-1,-0.08409050372566984
11334,100,1,1.0,0.0,instacart_grocery,4.61512051684126,False,-1,-0.08409050372566984
28367,100,1,1.0,0.0,instacart_grocery,4.61512051684126,False,-1,-0.08409050372566984
26693,100,1,1.0,0.0,instacart_grocery,4.61512051684126,False,-1,-0.08409050372566984
31087,100,1,1.0,0.0,instacart_grocery,4.61512051684126,False,-1,-0.08409050372566984
9320,100,1,1.0,0.0,instacart_grocery,4.61512051684126,False,-1,-0.08409050372566984
198565,100,1,1.0,0.0,instacart_grocery,4.61512051684126,False,-1,-0.08409050372566984
7440,100,1,1.0,0.0,instacart_grocery,4.61512051684126,False,-1,-0.08409050372566984
198444,100,1,1.0,0.0,instacart_grocery,4.61512051684126,False,-1,-0.08409050372566984
33645,100,1,1.0,0.0,instacart_grocery,4.61512051684126,False,-1,-0.08409050372566984
7658,100,1,1.0,0.0,instacart_grocery,4.61512051684126,False,-1,-0.08409050372566984
7744,100,1,1.0,0.0,instacart_grocery,4.61512051684126,False,-1,-0.08409050372566984
7832,100,1,1.0,0.0,instacart_grocery,4.61512051684126,False,-1,-0.08409050372566984
198217,100,1,1.0,0.0,instacart_grocery,4.61512051684126,False,-1,-0.08409050372566984
33731,100,1,1.0,0.0,instacart_grocery,4.61512051684126,False,-1,-0.08409050372566984
8085,100,1,1.0,0.0,instacart_grocery,4.61512051684126,False,-1,-0.08409050372566984
33495,100,1,1.0,0.0,instacart_grocery,4.61512051684126,False,-1,-0.08409050372566984
8086,100,1,1.0,0.0,instacart_grocery,4.61512051684126,False,-1,-0.08409050372566984
178632,100,1,1.0,0.0,instacart_grocery,4.61512051684126,False,-1,-0.08409050372566984
178736,100,1,1.0,0.0,instacart_grocery,4.61512051684126,False,-1,-0.08409050372566984
8220,100,1,1.0,0.0,instacart_grocery,4.61512051684126,False,-1,-0.08409050372566984
198004,100,1,1.0,0.0,instacart_grocery,4.61512051684126,False,-1,-0.08409050372566984
178850,100,1,1.0,0.0,instacart_grocery,4.61512051684126,False,-1,-0.08409050372566984
33218,100,1,1.0,0.0,instacart_grocery,4.61512051684126,False,-1,-0.08409050372566984
33513,100,1,1.0,0.0,instacart_grocery,4.61512051684126,False,-1,-0.08409050372566984
33104,100,1,1.0,0.0,instacart_grocery,4.61512051684126,False,-1,-0.08409050372566984
7385,100,1,1.0,0.0,instacart_grocery,4.61512051684126,False,-1,-0.08409050372566984
178209,100,1,1.0,0.0,instacart_grocery,4.61512051684126,False,-1,-0.08409050372566984
176951,100,1,1.0,0.0,instacart_grocery,4.61512051684126,False,-1,-0.08409050372566984
176977,100,1,1.0,0.0,instacart_grocery,4.61512051684126,False,-1,-0.08409050372566984
7120,100,1,1.0,0.0,instacart_grocery,4.61512051684126,False,-1,-0.08409050372566984
34362,100,1,1.0,0.0,instacart_grocery,4.61512051684126,False,-1,-0.08409050372566984
34340,100,1,1.0,0.0,instacart_grocery,4.61512051684126,False,-1,-0.08409050372566984
7175,100,1,1.0,0.0,instacart_grocery,4.61512051684126,False,-1,-0.08409050372566984
177458,100,1,1.0,0.0,instacart_grocery,4.61512051684126,False,-1,-0.08409050372566984
177734,100,1,1.0,0.0,instacart_grocery,4.61512051684126,False,-1,-0.08409050372566984
178532,100,1,1.0,0.0,instacart_grocery,4.61512051684126,False,-1,-0.08409050372566984
177893,100,1,1.0,0.0,instacart_grocery,4.61512051684126,False,-1,-0.08409050372566984
34014,100,1,1.0,0.0,instacart_grocery,4.61512051684126,False,-1,-0.08409050372566984
7278,100,1,1.0,0.0,instacart_grocery,4.61512051684126,False,-1,-0.08409050372566984
34000,100,1,1.0,0.0,instacart_grocery,4.61512051684126,False,-1,-0.08409050372566984
178107,100,1,1.0,0.0,instacart_grocery,4.61512051684126,False,-1,-0.08409050372566984
7279,100,1,1.0,0.0,instacart_grocery,4.61512051684126,False,-1,-0.08409050372566984
33934,100,1,1.0,0.0,instacart_grocery,4.61512051684126,False,-1,-0.08409050372566984
198709,100,1,1.0,0.0,instacart_grocery,4.61512051684126,False,-1,-0.08409050372566984
178113,100,1,1.0,0.0,instacart_grocery,4.61512051684126,False,-1,-0.08409050372566984
34065,100,1,1.0,0.0,instacart_grocery,4.61512051684126,False,-1,-0.08409050372566984
31093,100,1,1.0,0.0,instacart_grocery,4.61512051684126,False,-1,-0.08409050372566984
32971,100,1,1.0,0.0,instacart_grocery,4.61512051684126,False,-1,-0.08409050372566984
178966,100,1,1.0,0.0,instacart_grocery,4.61512051684126,False,-1,-0.08409050372566984
179917,100,1,1.0,0.0,instacart_grocery,4.61512051684126,False,-1,-0.08409050372566984
197343,100,1,1.0,0.0,instacart_grocery,4.61512051684126,False,-1,-0.08409050372566984
8832,100,1,1.0,0.0,instacart_grocery,4.61512051684126,False,-1,-0.08409050372566984
31674,100,1,1.0,0.0,instacart_grocery,4.61512051684126,False,-1,-0.08409050372566984
9036,100,1,1.0,0.0,instacart_grocery,4.61512051684126,False,-1,-0.08409050372566984
9082,100,1,1.0,0.0,instacart_grocery,4.61512051684126,False,-1,-0.08409050372566984
180103,100,1,1.0,0.0,instacart_grocery,4.61512051684126,False,-1,-0.08409050372566984
31617,100,1,1.0,0.0,instacart_grocery,4.61512051684126,False,-1,-0.08409050372566984
179837,100,1,1.0,0.0,instacart_grocery,4.61512051684126,False,-1,-0.08409050372566984
31607,100,1,1.0,0.0,instacart_grocery,4.61512051684126,False,-1,-0.08409050372566984
31552,100,1,1.0,0.0,instacart_grocery,4.61512051684126,False,-1,-0.08409050372566984
180135,100,1,1.0,0.0,instacart_grocery,4.61512051684126,False,-1,-0.08409050372566984
9106,100,1,1.0,0.0,instacart_grocery,4.61512051684126,False,-1,-0.08409050372566984
31310,100,1,1.0,0.0,instacart_grocery,4.61512051684126,False,-1,-0.08409050372566984
197107,100,1,1.0,0.0,instacart_grocery,4.61512051684126,False,-1,-0.08409050372566984
31186,100,1,1.0,0.0,instacart_grocery,4.61512051684126,False,-1,-0.08409050372566984
31118,100,1,1.0,0.0,instacart_grocery,4.61512051684126,False,-1,-0.08409050372566984
196976,100,1,1.0,0.0,instacart_grocery,4.61512051684126,False,-1,-0.08409050372566984
31606,100,1,1.0,0.0,instacart_grocery,4.61512051684126,False,-1,-0.08409050372566984
8359,100,1,1.0,0.0,instacart_grocery,4.61512051684126,False,-1,-0.08409050372566984
8779,100,1,1.0,0.0,instacart_grocery,4.61512051684126,False,-1,-0.08409050372566984
32092,100,1,1.0,0.0,instacart_grocery,4.61512051684126,False,-1,-0.08409050372566984
178993,100,1,1.0,0.0,instacart_grocery,4.61512051684126,False,-1,-0.08409050372566984
8365,100,1,1.0,0.0,instacart_grocery,4.61512051684126,False,-1,-0.08409050372566984
179090,100,1,1.0,0.0,instacart_grocery,4.61512051684126,False,-1,-0.08409050372566984
8419,100,1,1.0,0.0,instacart_grocery,4.61512051684126,False,-1,-0.08409050372566984
8420,100,1,1.0,0.0,instacart_grocery,4.61512051684126,False,-1,-0.08409050372566984
179189,100,1,1.0,0.0,instacart_grocery,4.61512051684126,False,-1,-0.08409050372566984
32772,100,1,1.0,0.0,instacart_grocery,4.61512051684126,False,-1,-0.08409050372566984
32667,100,1,1.0,0.0,instacart_grocery,4.61512051684126,False,-1,-0.08409050372566984
179732,100,1,1.0,0.0,instacart_grocery,4.61512051684126,False,-1,-0.08409050372566984
32617,100,1,1.0,0.0,instacart_grocery,4.61512051684126,False,-1,-0.08409050372566984
8664,100,1,1.0,0.0,instacart_grocery,4.61512051684126,False,-1,-0.08409050372566984
179342,100,1,1.0,0.0,instacart_grocery,4.61512051684126,False,-1,-0.08409050372566984
197797,100,1,1.0,0.0,instacart_grocery,4.61512051684126,False,-1,-0.08409050372566984
179373,100,1,1.0,0.0,instacart_grocery,4.61512051684126,False,-1,-0.08409050372566984
8703,100,1,1.0,0.0,instacart_grocery,4.61512051684126,False,-1,-0.08409050372566984
197745,100,1,1.0,0.0,instacart_grocery,4.61512051684126,False,-1,-0.08409050372566984
179496,100,1,1.0,0.0,instacart_grocery,4.61512051684126,False,-1,-0.08409050372566984
18275,100,1,1.0,0.0,instacart_grocery,4.61512051684126,False,-1,-0.08409050372566984
197909,100,1,1.0,0.0,instacart_grocery,4.61512051684126,False,-1,-0.08409050372566984
182772,100,1,1.0,0.0,instacart_grocery,4.61512051684126,False,-1,-0.08409050372566984
26489,100,1,1.0,0.0,instacart_grocery,4.61512051684126,False,-1,-0.08409050372566984
195040,100,1,1.0,0.0,instacart_grocery,4.61512051684126,False,-1,-0.08409050372566984
21332,100,1,1.0,0.0,instacart_grocery,4.61512051684126,False,-1,-0.08409050372566984
21313,100,1,1.0,0.0,instacart_grocery,4.61512051684126,False,-1,-0.08409050372566984
21288,100,1,1.0,0.0,instacart_grocery,4.61512051684126,False,-1,-0.08409050372566984
16600,100,1,1.0,0.0,instacart_grocery,4.61512051684126,False,-1,-0.08409050372566984
21283,100,1,1.0,0.0,instacart_grocery,4.61512051684126,False,-1,-0.08409050372566984
21253,100,1,1.0,0.0,instacart_grocery,4.61512051684126,False,-1,-0.08409050372566984
16645,100,1,1.0,0.0,instacart_grocery,4.61512051684126,False,-1,-0.08409050372566984
187742,100,1,1.0,0.0,instacart_grocery,4.61512051684126,False,-1,-0.08409050372566984
21421,100,1,1.0,0.0,instacart_grocery,4.61512051684126,False,-1,-0.08409050372566984
16680,100,1,1.0,0.0,instacart_grocery,4.61512051684126,False,-1,-0.08409050372566984
16689,100,1,1.0,0.0,instacart_grocery,4.61512051684126,False,-1,-0.08409050372566984
187842,100,1,1.0,0.0,instacart_grocery,4.61512051684126,False,-1,-0.08409050372566984
20965,100,1,1.0,0.0,instacart_grocery,4.61512051684126,False,-1,-0.08409050372566984
187972,100,1,1.0,0.0,instacart_grocery,4.61512051684126,False,-1,-0.08409050372566984
188020,100,1,1.0,0.0,instacart_grocery,4.61512051684126,False,-1,-0.08409050372566984
188093,100,1,1.0,0.0,instacart_grocery,4.61512051684126,False,-1,-0.08409050372566984
188192,100,1,1.0,0.0,instacart_grocery,4.61512051684126,False,-1,-0.08409050372566984
20558,100,1,1.0,0.0,instacart_grocery,4.61512051684126,False,-1,-0.08409050372566984
187755,100,1,1.0,0.0,instacart_grocery,4.61512051684126,False,-1,-0.08409050372566984
20487,100,1,1.0,0.0,instacart_grocery,4.61512051684126,False,-1,-0.08409050372566984
187609,100,1,1.0,0.0,instacart_grocery,4.61512051684126,False,-1,-0.08409050372566984
187550,100,1,1.0,0.0,instacart_grocery,4.61512051684126,False,-1,-0.08409050372566984
186507,100,1,1.0,0.0,instacart_grocery,4.61512051684126,False,-1,-0.08409050372566984
22337,100,1,1.0,0.0,instacart_grocery,4.61512051684126,False,-1,-0.08409050372566984
186520,100,1,1.0,0.0,instacart_grocery,4.61512051684126,False,-1,-0.08409050372566984
16298,100,1,1.0,0.0,instacart_grocery,4.61512051684126,False,-1,-0.08409050372566984
191820,100,1,1.0,0.0,instacart_grocery,4.61512051684126,False,-1,-0.08409050372566984
186704,100,1,1.0,0.0,instacart_grocery,4.61512051684126,False,-1,-0.08409050372566984
166785,100,1,1.0,0.0,instacart_grocery,4.61512051684126,False,-1,-0.08409050372566984
22274,100,1,1.0,0.0,instacart_grocery,4.61512051684126,False,-1,-0.08409050372566984
21469,100,1,1.0,0.0,instacart_grocery,4.61512051684126,False,-1,-0.08409050372566984
186835,100,1,1.0,0.0,instacart_grocery,4.61512051684126,False,-1,-0.08409050372566984
16340,100,1,1.0,0.0,instacart_grocery,4.61512051684126,False,-1,-0.08409050372566984
16357,100,1,1.0,0.0,instacart_grocery,4.61512051684126,False,-1,-0.08409050372566984
16364,100,1,1.0,0.0,instacart_grocery,4.61512051684126,False,-1,-0.08409050372566984
186935,100,1,1.0,0.0,instacart_grocery,4.61512051684126,False,-1,-0.08409050372566984
191755,100,1,1.0,0.0,instacart_grocery,4.61512051684126,False,-1,-0.08409050372566984
187362,100,1,1.0,0.0,instacart_grocery,4.61512051684126,False,-1,-0.08409050372566984
21819,100,1,1.0,0.0,instacart_grocery,4.61512051684126,False,-1,-0.08409050372566984
21777,100,1,1.0,0.0,instacart_grocery,4.61512051684126,False,-1,-0.08409050372566984
16313,100,1,1.0,0.0,instacart_grocery,4.61512051684126,False,-1,-0.08409050372566984
22395,100,1,1.0,0.0,instacart_grocery,4.61512051684126,False,-1,-0.08409050372566984
20451,100,1,1.0,0.0,instacart_grocery,4.61512051684126,False,-1,-0.08409050372566984
191277,100,1,1.0,0.0,instacart_grocery,4.61512051684126,False,-1,-0.08409050372566984
190542,100,1,1.0,0.0,instacart_grocery,4.61512051684126,False,-1,-0.08409050372566984
17997,100,1,1.0,0.0,instacart_grocery,4.61512051684126,False,-1,-0.08409050372566984
189207,100,1,1.0,0.0,instacart_grocery,4.61512051684126,False,-1,-0.08409050372566984
190487,100,1,1.0,0.0,instacart_grocery,4.61512051684126,False,-1,-0.08409050372566984
189304,100,1,1.0,0.0,instacart_grocery,4.61512051684126,False,-1,-0.08409050372566984
18085,100,1,1.0,0.0,instacart_grocery,4.61512051684126,False,-1,-0.08409050372566984
19326,100,1,1.0,0.0,instacart_grocery,4.61512051684126,False,-1,-0.08409050372566984
19300,100,1,1.0,0.0,instacart_grocery,4.61512051684126,False,-1,-0.08409050372566984
19528,100,1,1.0,0.0,instacart_grocery,4.61512051684126,False,-1,-0.08409050372566984
189327,100,1,1.0,0.0,instacart_grocery,4.61512051684126,False,-1,-0.08409050372566984
189408,100,1,1.0,0.0,instacart_grocery,4.61512051684126,False,-1,-0.08409050372566984
189425,100,1,1.0,0.0,instacart_grocery,4.61512051684126,False,-1,-0.08409050372566984
18998,100,1,1.0,0.0,instacart_grocery,4.61512051684126,False,-1,-0.08409050372566984
190416,100,1,1.0,0.0,instacart_grocery,4.61512051684126,False,-1,-0.08409050372566984
189777,100,1,1.0,0.0,instacart_grocery,4.61512051684126,False,-1,-0.08409050372566984
18620,100,1,1.0,0.0,instacart_grocery,4.61512051684126,False,-1,-0.08409050372566984
190212,100,1,1.0,0.0,instacart_grocery,4.61512051684126,False,-1,-0.08409050372566984
189847,100,1,1.0,0.0,instacart_grocery,4.61512051684126,False,-1,-0.08409050372566984
190456,100,1,1.0,0.0,instacart_grocery,4.61512051684126,False,-1,-0.08409050372566984
191334,100,1,1.0,0.0,instacart_grocery,4.61512051684126,False,-1,-0.08409050372566984
19604,100,1,1.0,0.0,instacart_grocery,4.61512051684126,False,-1,-0.08409050372566984
19625,100,1,1.0,0.0,instacart_grocery,4.61512051684126,False,-1,-0.08409050372566984
17086,100,1,1.0,0.0,instacart_grocery,4.61512051684126,False,-1,-0.08409050372566984
17155,100,1,1.0,0.0,instacart_grocery,4.61512051684126,False,-1,-0.08409050372566984
17202,100,1,1.0,0.0,instacart_grocery,4.61512051684126,False,-1,-0.08409050372566984
190983,100,1,1.0,0.0,instacart_grocery,4.61512051684126,False,-1,-0.08409050372566984
20152,100,1,1.0,0.0,instacart_grocery,4.61512051684126,False,-1,-0.08409050372566984
17698,100,1,1.0,0.0,instacart_grocery,4.61512051684126,False,-1,-0.08409050372566984
20126,100,1,1.0,0.0,instacart_grocery,4.61512051684126,False,-1,-0.08409050372566984
17742,100,1,1.0,0.0,instacart_grocery,4.61512051684126,False,-1,-0.08409050372566984
19612,100,1,1.0,0.0,instacart_grocery,4.61512051684126,False,-1,-0.08409050372566984
188734,100,1,1.0,0.0,instacart_grocery,4.61512051684126,False,-1,-0.08409050372566984
17873,100,1,1.0,0.0,instacart_grocery,4.61512051684126,False,-1,-0.08409050372566984
20001,100,1,1.0,0.0,instacart_grocery,4.61512051684126,False,-1,-0.08409050372566984
19967,100,1,1.0,0.0,instacart_grocery,4.61512051684126,False,-1,-0.08409050372566984
188947,100,1,1.0,0.0,instacart_grocery,4.61512051684126,False,-1,-0.08409050372566984
17884,100,1,1.0,0.0,instacart_grocery,4.61512051684126,False,-1,-0.08409050372566984
189024,100,1,1.0,0.0,instacart_grocery,4.61512051684126,False,-1,-0.08409050372566984
190676,100,1,1.0,0.0,instacart_grocery,4.61512051684126,False,-1,-0.08409050372566984
17974,100,1,1.0,0.0,instacart_grocery,4.61512051684126,False,-1,-0.08409050372566984
190887,100,1,1.0,0.0,instacart_grocery,4.61512051684126,False,-1,-0.08409050372566984
16290,100,1,1.0,0.0,instacart_grocery,4.61512051684126,False,-1,-0.08409050372566984
16265,100,1,1.0,0.0,instacart_grocery,4.61512051684126,False,-1,-0.08409050372566984
191821,100,1,1.0,0.0,instacart_grocery,4.61512051684126,False,-1,-0.08409050372566984
12886,100,1,1.0,0.0,instacart_grocery,4.61512051684126,False,-1,-0.08409050372566984
12942,100,1,1.0,0.0,instacart_grocery,4.61512051684126,False,-1,-0.08409050372566984
194449,100,1,1.0,0.0,instacart_grocery,4.61512051684126,False,-1,-0.08409050372566984
25306,100,1,1.0,0.0,instacart_grocery,4.61512051684126,False,-1,-0.08409050372566984
25276,100,1,1.0,0.0,instacart_grocery,4.61512051684126,False,-1,-0.08409050372566984
25220,100,1,1.0,0.0,instacart_grocery,4.61512051684126,False,-1,-0.08409050372566984
25132,100,1,1.0,0.0,instacart_grocery,4.61512051684126,False,-1,-0.08409050372566984
25005,100,1,1.0,0.0,instacart_grocery,4.61512051684126,False,-1,-0.08409050372566984
183651,100,1,1.0,0.0,instacart_grocery,4.61512051684126,False,-1,-0.08409050372566984
13335,100,1,1.0,0.0,instacart_grocery,4.61512051684126,False,-1,-0.08409050372566984
183981,100,1,1.0,0.0,instacart_grocery,4.61512051684126,False,-1,-0.08409050372566984
194017,100,1,1.0,0.0,instacart_grocery,4.61512051684126,False,-1,-0.08409050372566984
183985,100,1,1.0,0.0,instacart_grocery,4.61512051684126,False,-1,-0.08409050372566984
13736,100,1,1.0,0.0,instacart_grocery,4.61512051684126,False,-1,-0.08409050372566984
24766,100,1,1.0,0.0,instacart_grocery,4.61512051684126,False,-1,-0.08409050372566984
24659,100,1,1.0,0.0,instacart_grocery,4.61512051684126,False,-1,-0.08409050372566984
13927,100,1,1.0,0.0,instacart_grocery,4.61512051684126,False,-1,-0.08409050372566984
24609,100,1,1.0,0.0,instacart_grocery,4.61512051684126,False,-1,-0.08409050372566984
24908,100,1,1.0,0.0,instacart_grocery,4.61512051684126,False,-1,-0.08409050372566984
13951,100,1,1.0,0.0,instacart_grocery,4.61512051684126,False,-1,-0.08409050372566984
194567,100,1,1.0,0.0,instacart_grocery,4.61512051684126,False,-1,-0.08409050372566984
194619,100,1,1.0,0.0,instacart_grocery,4.61512051684126,False,-1,-0.08409050372566984
182854,100,1,1.0,0.0,instacart_grocery,4.61512051684126,False,-1,-0.08409050372566984
26092,100,1,1.0,0.0,instacart_grocery,4.61512051684126,False,-1,-0.08409050372566984
26086,100,1,1.0,0.0,instacart_grocery,4.61512051684126,False,-1,-0.08409050372566984
183036,100,1,1.0,0.0,instacart_grocery,4.61512051684126,False,-1,-0.08409050372566984
183111,100,1,1.0,0.0,instacart_grocery,4.61512051684126,False,-1,-0.08409050372566984
183129,100,1,1.0,0.0,instacart_grocery,4.61512051684126,False,-1,-0.08409050372566984
194931,100,1,1.0,0.0,instacart_grocery,4.61512051684126,False,-1,-0.08409050372566984
183139,100,1,1.0,0.0,instacart_grocery,4.61512051684126,False,-1,-0.08409050372566984
25414,100,1,1.0,0.0,instacart_grocery,4.61512051684126,False,-1,-0.08409050372566984
25876,100,1,1.0,0.0,instacart_grocery,4.61512051684126,False,-1,-0.08409050372566984
12430,100,1,1.0,0.0,instacart_grocery,4.61512051684126,False,-1,-0.08409050372566984
25508,100,1,1.0,0.0,instacart_grocery,4.61512051684126,False,-1,-0.08409050372566984
12473,100,1,1.0,0.0,instacart_grocery,4.61512051684126,False,-1,-0.08409050372566984
12587,100,1,1.0,0.0,instacart_grocery,4.61512051684126,False,-1,-0.08409050372566984
12641,100,1,1.0,0.0,instacart_grocery,4.61512051684126,False,-1,-0.08409050372566984
12772,100,1,1.0,0.0,instacart_grocery,4.61512051684126,False,-1,-0.08409050372566984
25422,100,1,1.0,0.0,instacart_grocery,4.61512051684126,False,-1,-0.08409050372566984
25416,100,1,1.0,0.0,instacart_grocery,4.61512051684126,False,-1,-0.08409050372566984
194853,100,1,1.0,0.0,instacart_grocery,4.61512051684126,False,-1,-0.08409050372566984
14230,100,1,1.0,0.0,instacart_grocery,4.61512051684126,False,-1,-0.08409050372566984
24562,100,1,1.0,0.0,instacart_grocery,4.61512051684126,False,-1,-0.08409050372566984
24531,100,1,1.0,0.0,instacart_grocery,4.61512051684126,False,-1,-0.08409050372566984
15161,100,1,1.0,0.0,instacart_grocery,4.61512051684126,False,-1,-0.08409050372566984
192596,100,1,1.0,0.0,instacart_grocery,4.61512051684126,False,-1,-0.08409050372566984
185406,100,1,1.0,0.0,instacart_grocery,4.61512051684126,False,-1,-0.08409050372566984
15221,100,1,1.0,0.0,instacart_grocery,4.61512051684126,False,-1,-0.08409050372566984
15501,100,1,1.0,0.0,instacart_grocery,4.61512051684126,False,-1,-0.08409050372566984
185457,100,1,1.0,0.0,instacart_grocery,4.61512051684126,False,-1,-0.08409050372566984
185524,100,1,1.0,0.0,instacart_grocery,4.61512051684126,False,-1,-0.08409050372566984
192373,100,1,1.0,0.0,instacart_grocery,4.61512051684126,False,-1,-0.08409050372566984
23170,100,1,1.0,0.0,instacart_grocery,4.61512051684126,False,-1,-0.08409050372566984
185641,100,1,1.0,0.0,instacart_grocery,4.61512051684126,False,-1,-0.08409050372566984
22802,100,1,1.0,0.0,instacart_grocery,4.61512051684126,False,-1,-0.08409050372566984
185912,100,1,1.0,0.0,instacart_grocery,4.61512051684126,False,-1,-0.08409050372566984
22767,100,1,1.0,0.0,instacart_grocery,4.61512051684126,False,-1,-0.08409050372566984
192245,100,1,1.0,0.0,instacart_grocery,4.61512051684126,False,-1,-0.08409050372566984
186006,100,1,1.0,0.0,instacart_grocery,4.61512051684126,False,-1,-0.08409050372566984
192210,100,1,1.0,0.0,instacart_grocery,4.61512051684126,False,-1,-0.08409050372566984
192107,100,1,1.0,0.0,instacart_grocery,4.61512051684126,False,-1,-0.08409050372566984
191829,100,1,1.0,0.0,instacart_grocery,4.61512051684126,False,-1,-0.08409050372566984
15896,100,1,1.0,0.0,instacart_grocery,4.61512051684126,False,-1,-0.08409050372566984
15124,100,1,1.0,0.0,instacart_grocery,4.61512051684126,False,-1,-0.08409050372566984
23405,100,1,1.0,0.0,instacart_grocery,4.61512051684126,False,-1,-0.08409050372566984
192747,100,1,1.0,0.0,instacart_grocery,4.61512051684126,False,-1,-0.08409050372566984
14414,100,1,1.0,0.0,instacart_grocery,4.61512051684126,False,-1,-0.08409050372566984
193748,100,1,1.0,0.0,instacart_grocery,4.61512051684126,False,-1,-0.08409050372566984
193647,100,1,1.0,0.0,instacart_grocery,4.61512051684126,False,-1,-0.08409050372566984
184119,100,1,1.0,0.0,instacart_grocery,4.61512051684126,False,-1,-0.08409050372566984
14437,100,1,1.0,0.0,instacart_grocery,4.61512051684126,False,-1,-0.08409050372566984
24283,100,1,1.0,0.0,instacart_grocery,4.61512051684126,False,-1,-0.08409050372566984
193551,100,1,1.0,0.0,instacart_grocery,4.61512051684126,False,-1,-0.08409050372566984
184451,100,1,1.0,0.0,instacart_grocery,4.61512051684126,False,-1,-0.08409050372566984
14489,100,1,1.0,0.0,instacart_grocery,4.61512051684126,False,-1,-0.08409050372566984
184628,100,1,1.0,0.0,instacart_grocery,4.61512051684126,False,-1,-0.08409050372566984
193466,100,1,1.0,0.0,instacart_grocery,4.61512051684126,False,-1,-0.08409050372566984
184906,100,1,1.0,0.0,instacart_grocery,4.61512051684126,False,-1,-0.08409050372566984
14669,100,1,1.0,0.0,instacart_grocery,4.61512051684126,False,-1,-0.08409050372566984
185080,100,1,1.0,0.0,instacart_grocery,4.61512051684126,False,-1,-0.08409050372566984
14798,100,1,1.0,0.0,instacart_grocery,4.61512051684126,False,-1,-0.08409050372566984
23744,100,1,1.0,0.0,instacart_grocery,4.61512051684126,False,-1,-0.08409050372566984
192795,100,1,1.0,0.0,instacart_grocery,4.61512051684126,False,-1,-0.08409050372566984
23701,100,1,1.0,0.0,instacart_grocery,4.61512051684126,False,-1,-0.08409050372566984
14923,100,1,1.0,0.0,instacart_grocery,4.61512051684126,False,-1,-0.08409050372566984
176885,100,1,1.0,0.0,instacart_grocery,4.61512051684126,False,-1,-0.08409050372566984
198948,100,1,1.0,0.0,instacart_grocery,4.61512051684126,False,-1,-0.08409050372566984
32099,100,1,1.0,0.0,instacart_grocery,4.61512051684126,False,-1,-0.08409050372566984
18412,100,1,1.0,0.0,instacart_grocery,4.61512051684126,False,-1,-0.08409050372566984
202272,100,1,1.0,0.0,instacart_grocery,4.61512051684126,False,-1,-0.08409050372566984
171599,100,1,1.0,0.0,instacart_grocery,4.61512051684126,False,-1,-0.08409050372566984
5003,100,1,1.0,0.0,instacart_grocery,4.61512051684126,False,-1,-0.08409050372566984
169226,100,1,1.0,0.0,instacart_grocery,4.61512051684126,False,-1,-0.08409050372566984
204455,100,1,1.0,0.0,instacart_grocery,4.61512051684126,False,-1,-0.08409050372566984
173073,100,1,1.0,0.0,instacart_grocery,4.61512051684126,False,-1,-0.08409050372566984
4807,100,1,1.0,0.0,instacart_grocery,4.61512051684126,False,-1,-0.08409050372566984
171807,100,1,1.0,0.0,instacart_grocery,4.61512051684126,False,-1,-0.08409050372566984
38016,100,1,1.0,0.0,instacart_grocery,4.61512051684126,False,-1,-0.08409050372566984
42520,100,1,1.0,0.0,instacart_grocery,4.61512051684126,False,-1,-0.08409050372566984
40278,100,1,1.0,0.0,instacart_grocery,4.61512051684126,False,-1,-0.08409050372566984
40253,100,1,1.0,0.0,instacart_grocery,4.61512051684126,False,-1,-0.08409050372566984
5101,100,1,1.0,0.0,instacart_grocery,4.61512051684126,False,-1,-0.08409050372566984
38095,100,1,1.0,0.0,instacart_grocery,4.61512051684126,False,-1,-0.08409050372566984
42711,100,1,1.0,0.0,instacart_grocery,4.61512051684126,False,-1,-0.08409050372566984
40188,100,1,1.0,0.0,instacart_grocery,4.61512051684126,False,-1,-0.08409050372566984
204887,100,1,1.0,0.0,instacart_grocery,4.61512051684126,False,-1,-0.08409050372566984
1310,100,1,1.0,0.0,instacart_grocery,4.61512051684126,False,-1,-0.08409050372566984
169991,100,1,1.0,0.0,instacart_grocery,4.61512051684126,False,-1,-0.08409050372566984
4764,100,1,1.0,0.0,instacart_grocery,4.61512051684126,False,-1,-0.08409050372566984
202282,100,1,1.0,0.0,instacart_grocery,4.61512051684126,False,-1,-0.08409050372566984
172966,100,1,1.0,0.0,instacart_grocery,4.61512051684126,False,-1,-0.08409050372566984
43529,100,1,1.0,0.0,instacart_grocery,4.61512051684126,False,-1,-0.08409050372566984
203027,100,1,1.0,0.0,instacart_grocery,4.61512051684126,False,-1,-0.08409050372566984
1420,100,1,1.0,0.0,instacart_grocery,4.61512051684126,False,-1,-0.08409050372566984
204709,100,1,1.0,0.0,instacart_grocery,4.61512051684126,False,-1,-0.08409050372566984
1958,100,1,1.0,0.0,instacart_grocery,4.61512051684126,False,-1,-0.08409050372566984
202153,100,1,1.0,0.0,instacart_grocery,4.61512051684126,False,-1,-0.08409050372566984
5191,100,1,1.0,0.0,instacart_grocery,4.61512051684126,False,-1,-0.08409050372566984
5199,100,1,1.0,0.0,instacart_grocery,4.61512051684126,False,-1,-0.08409050372566984
174046,100,1,1.0,0.0,instacart_grocery,4.61512051684126,False,-1,-0.08409050372566984
170217,100,1,1.0,0.0,instacart_grocery,4.61512051684126,False,-1,-0.08409050372566984
169639,100,1,1.0,0.0,instacart_grocery,4.61512051684126,False,-1,-0.08409050372566984
201623,100,1,1.0,0.0,instacart_grocery,4.61512051684126,False,-1,-0.08409050372566984
173963,100,1,1.0,0.0,instacart_grocery,4.61512051684126,False,-1,-0.08409050372566984
173909,100,1,1.0,0.0,instacart_grocery,4.61512051684126,False,-1,-0.08409050372566984
3514,100,1,1.0,0.0,instacart_grocery,4.61512051684126,False,-1,-0.08409050372566984
5329,100,1,1.0,0.0,instacart_grocery,4.61512051684126,False,-1,-0.08409050372566984
171512,100,1,1.0,0.0,instacart_grocery,4.61512051684126,False,-1,-0.08409050372566984
1024,100,1,1.0,0.0,instacart_grocery,4.61512051684126,False,-1,-0.08409050372566984
37563,100,1,1.0,0.0,instacart_grocery,4.61512051684126,False,-1,-0.08409050372566984
5296,100,1,1.0,0.0,instacart_grocery,4.61512051684126,False,-1,-0.08409050372566984
201629,100,1,1.0,0.0,instacart_grocery,4.61512051684126,False,-1,-0.08409050372566984
169071,100,1,1.0,0.0,instacart_grocery,4.61512051684126,False,-1,-0.08409050372566984
173850,100,1,1.0,0.0,instacart_grocery,4.61512051684126,False,-1,-0.08409050372566984
2231,100,1,1.0,0.0,instacart_grocery,4.61512051684126,False,-1,-0.08409050372566984
201776,100,1,1.0,0.0,instacart_grocery,4.61512051684126,False,-1,-0.08409050372566984
173431,100,1,1.0,0.0,instacart_grocery,4.61512051684126,False,-1,-0.08409050372566984
169188,100,1,1.0,0.0,instacart_grocery,4.61512051684126,False,-1,-0.08409050372566984
201896,100,1,1.0,0.0,instacart_grocery,4.61512051684126,False,-1,-0.08409050372566984
171544,100,1,1.0,0.0,instacart_grocery,4.61512051684126,False,-1,-0.08409050372566984
201914,100,1,1.0,0.0,instacart_grocery,4.61512051684126,False,-1,-0.08409050372566984
37689,100,1,1.0,0.0,instacart_grocery,4.61512051684126,False,-1,-0.08409050372566984
170096,100,1,1.0,0.0,instacart_grocery,4.61512051684126,False,-1,-0.08409050372566984
3742,100,1,1.0,0.0,instacart_grocery,4.61512051684126,False,-1,-0.08409050372566984
205237,100,1,1.0,0.0,instacart_grocery,4.61512051684126,False,-1,-0.08409050372566984
43682,100,1,1.0,0.0,instacart_grocery,4.61512051684126,False,-1,-0.08409050372566984
38462,100,1,1.0,0.0,instacart_grocery,4.61512051684126,False,-1,-0.08409050372566984
172806,100,1,1.0,0.0,instacart_grocery,4.61512051684126,False,-1,-0.08409050372566984
1428,100,1,1.0,0.0,instacart_grocery,4.61512051684126,False,-1,-0.08409050372566984
38683,100,1,1.0,0.0,instacart_grocery,4.61512051684126,False,-1,-0.08409050372566984
172294,100,1,1.0,0.0,instacart_grocery,4.61512051684126,False,-1,-0.08409050372566984
39221,100,1,1.0,0.0,instacart_grocery,4.61512051684126,False,-1,-0.08409050372566984
1868,100,1,1.0,0.0,instacart_grocery,4.61512051684126,False,-1,-0.08409050372566984
172287,100,1,1.0,0.0,instacart_grocery,4.61512051684126,False,-1,-0.08409050372566984
39308,100,1,1.0,0.0,instacart_grocery,4.61512051684126,False,-1,-0.08409050372566984
4356,100,1,1.0,0.0,instacart_grocery,4.61512051684126,False,-1,-0.08409050372566984
39328,100,1,1.0,0.0,instacart_grocery,4.61512051684126,False,-1,-0.08409050372566984
172039,100,1,1.0,0.0,instacart_grocery,4.61512051684126,False,-1,-0.08409050372566984
43265,100,1,1.0,0.0,instacart_grocery,4.61512051684126,False,-1,-0.08409050372566984
39832,100,1,1.0,0.0,instacart_grocery,4.61512051684126,False,-1,-0.08409050372566984
43236,100,1,1.0,0.0,instacart_grocery,4.61512051684126,False,-1,-0.08409050372566984
4284,100,1,1.0,0.0,instacart_grocery,4.61512051684126,False,-1,-0.08409050372566984
42920,100,1,1.0,0.0,instacart_grocery,4.61512051684126,False,-1,-0.08409050372566984
172054,100,1,1.0,0.0,instacart_grocery,4.61512051684126,False,-1,-0.08409050372566984
169608,100,1,1.0,0.0,instacart_grocery,4.61512051684126,False,-1,-0.08409050372566984
169638,100,1,1.0,0.0,instacart_grocery,4.61512051684126,False,-1,-0.08409050372566984
43123,100,1,1.0,0.0,instacart_grocery,4.61512051684126,False,-1,-0.08409050372566984
1666,100,1,1.0,0.0,instacart_grocery,4.61512051684126,False,-1,-0.08409050372566984
1683,100,1,1.0,0.0,instacart_grocery,4.61512051684126,False,-1,-0.08409050372566984
4229,100,1,1.0,0.0,instacart_grocery,4.61512051684126,False,-1,-0.08409050372566984
4199,100,1,1.0,0.0,instacart_grocery,4.61512051684126,False,-1,-0.08409050372566984
204485,100,1,1.0,0.0,instacart_grocery,4.61512051684126,False,-1,-0.08409050372566984
172172,100,1,1.0,0.0,instacart_grocery,4.61512051684126,False,-1,-0.08409050372566984
42975,100,1,1.0,0.0,instacart_grocery,4.61512051684126,False,-1,-0.08409050372566984
202833,100,1,1.0,0.0,instacart_grocery,4.61512051684126,False,-1,-0.08409050372566984
172084,100,1,1.0,0.0,instacart_grocery,4.61512051684126,False,-1,-0.08409050372566984
42971,100,1,1.0,0.0,instacart_grocery,4.61512051684126,False,-1,-0.08409050372566984
169586,100,1,1.0,0.0,instacart_grocery,4.61512051684126,False,-1,-0.08409050372566984
169068,100,1,1.0,0.0,instacart_grocery,4.61512051684126,False,-1,-0.08409050372566984
39863,100,1,1.0,0.0,instacart_grocery,4.61512051684126,False,-1,-0.08409050372566984
4382,100,1,1.0,0.0,instacart_grocery,4.61512051684126,False,-1,-0.08409050372566984
4711,100,1,1.0,0.0,instacart_grocery,4.61512051684126,False,-1,-0.08409050372566984
198990,100,1,1.0,0.0,instacart_grocery,4.61512051684126,False,-1,-0.08409050372566984
38720,100,1,1.0,0.0,instacart_grocery,4.61512051684126,False,-1,-0.08409050372566984
202304,100,1,1.0,0.0,instacart_grocery,4.61512051684126,False,-1,-0.08409050372566984
1549,100,1,1.0,0.0,instacart_grocery,4.61512051684126,False,-1,-0.08409050372566984
203020,100,1,1.0,0.0,instacart_grocery,4.61512051684126,False,-1,-0.08409050372566984
38811,100,1,1.0,0.0,instacart_grocery,4.61512051684126,False,-1,-0.08409050372566984
172793,100,1,1.0,0.0,instacart_grocery,4.61512051684126,False,-1,-0.08409050372566984
172768,100,1,1.0,0.0,instacart_grocery,4.61512051684126,False,-1,-0.08409050372566984
4693,100,1,1.0,0.0,instacart_grocery,4.61512051684126,False,-1,-0.08409050372566984
202530,100,1,1.0,0.0,instacart_grocery,4.61512051684126,False,-1,-0.08409050372566984
202939,100,1,1.0,0.0,instacart_grocery,4.61512051684126,False,-1,-0.08409050372566984
38936,100,1,1.0,0.0,instacart_grocery,4.61512051684126,False,-1,-0.08409050372566984
202554,100,1,1.0,0.0,instacart_grocery,4.61512051684126,False,-1,-0.08409050372566984
4563,100,1,1.0,0.0,instacart_grocery,4.61512051684126,False,-1,-0.08409050372566984
4558,100,1,1.0,0.0,instacart_grocery,4.61512051684126,False,-1,-0.08409050372566984
202593,100,1,1.0,0.0,instacart_grocery,4.61512051684126,False,-1,-0.08409050372566984
4499,100,1,1.0,0.0,instacart_grocery,4.61512051684126,False,-1,-0.08409050372566984
43408,100,1,1.0,0.0,instacart_grocery,4.61512051684126,False,-1,-0.08409050372566984
1563,100,1,1.0,0.0,instacart_grocery,4.61512051684126,False,-1,-0.08409050372566984
39046,100,1,1.0,0.0,instacart_grocery,4.61512051684126,False,-1,-0.08409050372566984
4490,100,1,1.0,0.0,instacart_grocery,4.61512051684126,False,-1,-0.08409050372566984
39993,100,1,1.0,0.0,instacart_grocery,4.61512051684126,False,-1,-0.08409050372566984
202623,100,1,1.0,0.0,instacart_grocery,4.61512051684126,False,-1,-0.08409050372566984
171956,100,1,1.0,0.0,instacart_grocery,4.61512051684126,False,-1,-0.08409050372566984
172357,100,1,1.0,0.0,instacart_grocery,4.61512051684126,False,-1,-0.08409050372566984
39901,100,1,1.0,0.0,instacart_grocery,4.61512051684126,False,-1,-0.08409050372566984
43352,100,1,1.0,0.0,instacart_grocery,4.61512051684126,False,-1,-0.08409050372566984
205405,100,1,1.0,0.0,instacart_grocery,4.61512051684126,False,-1,-0.08409050372566984
201593,100,1,1.0,0.0,instacart_grocery,4.61512051684126,False,-1,-0.08409050372566984
37086,100,1,1.0,0.0,instacart_grocery,4.61512051684126,False,-1,-0.08409050372566984
205878,100,1,1.0,0.0,instacart_grocery,4.61512051684126,False,-1,-0.08409050372566984
175680,100,1,1.0,0.0,instacart_grocery,4.61512051684126,False,-1,-0.08409050372566984
203750,100,1,1.0,0.0,instacart_grocery,4.61512051684126,False,-1,-0.08409050372566984
175658,100,1,1.0,0.0,instacart_grocery,4.61512051684126,False,-1,-0.08409050372566984
171208,100,1,1.0,0.0,instacart_grocery,4.61512051684126,False,-1,-0.08409050372566984
6710,100,1,1.0,0.0,instacart_grocery,4.61512051684126,False,-1,-0.08409050372566984
44834,100,1,1.0,0.0,instacart_grocery,4.61512051684126,False,-1,-0.08409050372566984
6494,100,1,1.0,0.0,instacart_grocery,4.61512051684126,False,-1,-0.08409050372566984
44816,100,1,1.0,0.0,instacart_grocery,4.61512051684126,False,-1,-0.08409050372566984
210,100,1,1.0,0.0,instacart_grocery,4.61512051684126,False,-1,-0.08409050372566984
171236,100,1,1.0,0.0,instacart_grocery,4.61512051684126,False,-1,-0.08409050372566984
6448,100,1,1.0,0.0,instacart_grocery,4.61512051684126,False,-1,-0.08409050372566984
41002,100,1,1.0,0.0,instacart_grocery,4.61512051684126,False,-1,-0.08409050372566984
41996,100,1,1.0,0.0,instacart_grocery,4.61512051684126,False,-1,-0.08409050372566984
167951,100,1,1.0,0.0,instacart_grocery,4.61512051684126,False,-1,-0.08409050372566984
200297,100,1,1.0,0.0,instacart_grocery,4.61512051684126,False,-1,-0.08409050372566984
35662,100,1,1.0,0.0,instacart_grocery,4.61512051684126,False,-1,-0.08409050372566984
6398,100,1,1.0,0.0,instacart_grocery,4.61512051684126,False,-1,-0.08409050372566984
6268,100,1,1.0,0.0,instacart_grocery,4.61512051684126,False,-1,-0.08409050372566984
175627,100,1,1.0,0.0,instacart_grocery,4.61512051684126,False,-1,-0.08409050372566984
167957,100,1,1.0,0.0,instacart_grocery,4.61512051684126,False,-1,-0.08409050372566984
2405,100,1,1.0,0.0,instacart_grocery,4.61512051684126,False,-1,-0.08409050372566984
203159,100,1,1.0,0.0,instacart_grocery,4.61512051684126,False,-1,-0.08409050372566984
964,100,1,1.0,0.0,instacart_grocery,4.61512051684126,False,-1,-0.08409050372566984
44599,100,1,1.0,0.0,instacart_grocery,4.61512051684126,False,-1,-0.08409050372566984
200316,100,1,1.0,0.0,instacart_grocery,4.61512051684126,False,-1,-0.08409050372566984
167882,100,1,1.0,0.0,instacart_grocery,4.61512051684126,False,-1,-0.08409050372566984
171261,100,1,1.0,0.0,instacart_grocery,4.61512051684126,False,-1,-0.08409050372566984
35475,100,1,1.0,0.0,instacart_grocery,4.61512051684126,False,-1,-0.08409050372566984
175813,100,1,1.0,0.0,instacart_grocery,4.61512051684126,False,-1,-0.08409050372566984
203362,100,1,1.0,0.0,instacart_grocery,4.61512051684126,False,-1,-0.08409050372566984
176528,100,1,1.0,0.0,instacart_grocery,4.61512051684126,False,-1,-0.08409050372566984
205972,100,1,1.0,0.0,instacart_grocery,4.61512051684126,False,-1,-0.08409050372566984
199280,100,1,1.0,0.0,instacart_grocery,4.61512051684126,False,-1,-0.08409050372566984
34628,100,1,1.0,0.0,instacart_grocery,4.61512051684126,False,-1,-0.08409050372566984
41509,100,1,1.0,0.0,instacart_grocery,4.61512051684126,False,-1,-0.08409050372566984
176478,100,1,1.0,0.0,instacart_grocery,4.61512051684126,False,-1,-0.08409050372566984
41548,100,1,1.0,0.0,instacart_grocery,4.61512051684126,False,-1,-0.08409050372566984
166908,100,1,1.0,0.0,instacart_grocery,4.61512051684126,False,-1,-0.08409050372566984
176469,100,1,1.0,0.0,instacart_grocery,4.61512051684126,False,-1,-0.08409050372566984
170746,100,1,1.0,0.0,instacart_grocery,4.61512051684126,False,-1,-0.08409050372566984
167139,100,1,1.0,0.0,instacart_grocery,4.61512051684126,False,-1,-0.08409050372566984
175729,100,1,1.0,0.0,instacart_grocery,4.61512051684126,False,-1,-0.08409050372566984
203314,100,1,1.0,0.0,instacart_grocery,4.61512051684126,False,-1,-0.08409050372566984
170771,100,1,1.0,0.0,instacart_grocery,4.61512051684126,False,-1,-0.08409050372566984
6978,100,1,1.0,0.0,instacart_grocery,4.61512051684126,False,-1,-0.08409050372566984
35048,100,1,1.0,0.0,instacart_grocery,4.61512051684126,False,-1,-0.08409050372566984
203256,100,1,1.0,0.0,instacart_grocery,4.61512051684126,False,-1,-0.08409050372566984
35061,100,1,1.0,0.0,instacart_grocery,4.61512051684126,False,-1,-0.08409050372566984
3377,100,1,1.0,0.0,instacart_grocery,4.61512051684126,False,-1,-0.08409050372566984
203193,100,1,1.0,0.0,instacart_grocery,4.61512051684126,False,-1,-0.08409050372566984
176195,100,1,1.0,0.0,instacart_grocery,4.61512051684126,False,-1,-0.08409050372566984
41952,100,1,1.0,0.0,instacart_grocery,4.61512051684126,False,-1,-0.08409050372566984
199880,100,1,1.0,0.0,instacart_grocery,4.61512051684126,False,-1,-0.08409050372566984
35190,100,1,1.0,0.0,instacart_grocery,4.61512051684126,False,-1,-0.08409050372566984
167316,100,1,1.0,0.0,instacart_grocery,4.61512051684126,False,-1,-0.08409050372566984
41356,100,1,1.0,0.0,instacart_grocery,4.61512051684126,False,-1,-0.08409050372566984
200416,100,1,1.0,0.0,instacart_grocery,4.61512051684126,False,-1,-0.08409050372566984
175591,100,1,1.0,0.0,instacart_grocery,4.61512051684126,False,-1,-0.08409050372566984
3960,100,1,1.0,0.0,instacart_grocery,4.61512051684126,False,-1,-0.08409050372566984
36481,100,1,1.0,0.0,instacart_grocery,4.61512051684126,False,-1,-0.08409050372566984
174683,100,1,1.0,0.0,instacart_grocery,4.61512051684126,False,-1,-0.08409050372566984
44363,100,1,1.0,0.0,instacart_grocery,4.61512051684126,False,-1,-0.08409050372566984
5732,100,1,1.0,0.0,instacart_grocery,4.61512051684126,False,-1,-0.08409050372566984
168637,100,1,1.0,0.0,instacart_grocery,4.61512051684126,False,-1,-0.08409050372566984
42037,100,1,1.0,0.0,instacart_grocery,4.61512051684126,False,-1,-0.08409050372566984
205543,100,1,1.0,0.0,instacart_grocery,4.61512051684126,False,-1,-0.08409050372566984
36588,100,1,1.0,0.0,instacart_grocery,4.61512051684126,False,-1,-0.08409050372566984
36916,100,1,1.0,0.0,instacart_grocery,4.61512051684126,False,-1,-0.08409050372566984
174628,100,1,1.0,0.0,instacart_grocery,4.61512051684126,False,-1,-0.08409050372566984
205483,100,1,1.0,0.0,instacart_grocery,4.61512051684126,False,-1,-0.08409050372566984
44182,100,1,1.0,0.0,instacart_grocery,4.61512051684126,False,-1,-0.08409050372566984
201135,100,1,1.0,0.0,instacart_grocery,4.61512051684126,False,-1,-0.08409050372566984
168854,100,1,1.0,0.0,instacart_grocery,4.61512051684126,False,-1,-0.08409050372566984
174555,100,1,1.0,0.0,instacart_grocery,4.61512051684126,False,-1,-0.08409050372566984
690,100,1,1.0,0.0,instacart_grocery,4.61512051684126,False,-1,-0.08409050372566984
174328,100,1,1.0,0.0,instacart_grocery,4.61512051684126,False,-1,-0.08409050372566984
36666,100,1,1.0,0.0,instacart_grocery,4.61512051684126,False,-1,-0.08409050372566984
171334,100,1,1.0,0.0,instacart_grocery,4.61512051684126,False,-1,-0.08409050372566984
174521,100,1,1.0,0.0,instacart_grocery,4.61512051684126,False,-1,-0.08409050372566984
203900,100,1,1.0,0.0,instacart_grocery,4.61512051684126,False,-1,-0.08409050372566984
42307,100,1,1.0,0.0,instacart_grocery,4.61512051684126,False,-1,-0.08409050372566984
44228,100,1,1.0,0.0,instacart_grocery,4.61512051684126,False,-1,-0.08409050372566984
786,100,1,1.0,0.0,instacart_grocery,4.61512051684126,False,-1,-0.08409050372566984
201248,100,1,1.0,0.0,instacart_grocery,4.61512051684126,False,-1,-0.08409050372566984
201038,100,1,1.0,0.0,instacart_grocery,4.61512051684126,False,-1,-0.08409050372566984
174854,100,1,1.0,0.0,instacart_grocery,4.61512051684126,False,-1,-0.08409050372566984
200964,100,1,1.0,0.0,instacart_grocery,4.61512051684126,False,-1,-0.08409050372566984
6045,100,1,1.0,0.0,instacart_grocery,4.61512051684126,False,-1,-0.08409050372566984
175540,100,1,1.0,0.0,instacart_grocery,4.61512051684126,False,-1,-0.08409050372566984
310,100,1,1.0,0.0,instacart_grocery,4.61512051684126,False,-1,-0.08409050372566984
36149,100,1,1.0,0.0,instacart_grocery,4.61512051684126,False,-1,-0.08409050372566984
168162,100,1,1.0,0.0,instacart_grocery,4.61512051684126,False,-1,-0.08409050372566984
313,100,1,1.0,0.0,instacart_grocery,4.61512051684126,False,-1,-0.08409050372566984
175294,100,1,1.0,0.0,instacart_grocery,4.61512051684126,False,-1,-0.08409050372566984
44486,100,1,1.0,0.0,instacart_grocery,4.61512051684126,False,-1,-0.08409050372566984
5932,100,1,1.0,0.0,instacart_grocery,4.61512051684126,False,-1,-0.08409050372566984
168173,100,1,1.0,0.0,instacart_grocery,4.61512051684126,False,-1,-0.08409050372566984
2387,100,1,1.0,0.0,instacart_grocery,4.61512051684126,False,-1,-0.08409050372566984
5449,100,1,1.0,0.0,instacart_grocery,4.61512051684126,False,-1,-0.08409050372566984
168497,100,1,1.0,0.0,instacart_grocery,4.61512051684126,False,-1,-0.08409050372566984
36740,100,1,1.0,0.0,instacart_grocery,4.61512051684126,False,-1,-0.08409050372566984
175097,100,1,1.0,0.0,instacart_grocery,4.61512051684126,False,-1,-0.08409050372566984
174923,100,1,1.0,0.0,instacart_grocery,4.61512051684126,False,-1,-0.08409050372566984
201268,100,1,1.0,0.0,instacart_grocery,4.61512051684126,False,-1,-0.08409050372566984
40817,100,1,1.0,0.0,instacart_grocery,4.61512051684126,False,-1,-0.08409050372566984
5912,100,1,1.0,0.0,instacart_grocery,4.61512051684126,False,-1,-0.08409050372566984
174084,100,1,1.0,0.0,instacart_grocery,4.61512051684126,False,-1,-0.08409050372566984
36376,100,1,1.0,0.0,instacart_grocery,4.61512051684126,False,-1,-0.08409050372566984
44431,100,1,1.0,0.0,instacart_grocery,4.61512051684126,False,-1,-0.08409050372566984
168904,100,1,1.0,0.0,instacart_grocery,4.61512051684126,False,-1,-0.08409050372566984
36400,100,1,1.0,0.0,instacart_grocery,4.61512051684126,False,-1,-0.08409050372566984
170248,100,1,1.0,0.0,instacart_grocery,4.61512051684126,False,-1,-0.08409050372566984
36335,100,1,1.0,0.0,instacart_grocery,4.61512051684126,False,-1,-0.08409050372566984
182821,93,1,1.0,0.0,instacart_grocery,4.543294782270004,False,-1,-0.08159237523524965
70446,93,1,1.0,0.0,instacart_grocery,4.543294782270004,False,-1,-0.08159237523524965
106826,93,1,1.0,0.0,instacart_grocery,4.543294782270004,False,-1,-0.08159237523524965
183952,93,1,1.0,0.0,instacart_grocery,4.543294782270004,False,-1,-0.08159237523524965
3475,93,1,1.0,0.0,instacart_grocery,4.543294782270004,False,-1,-0.08159237523524965
184881,93,1,1.0,0.0,instacart_grocery,4.543294782270004,False,-1,-0.08159237523524965
84301,93,1,1.0,0.0,instacart_grocery,4.543294782270004,False,-1,-0.08159237523524965
140694,93,1,1.0,0.0,instacart_grocery,4.543294782270004,False,-1,-0.08159237523524965
70011,93,1,1.0,0.0,instacart_grocery,4.543294782270004,False,-1,-0.08159237523524965
98519,93,1,1.0,0.0,instacart_grocery,4.543294782270004,False,-1,-0.08159237523524965
69040,93,1,1.0,0.0,instacart_grocery,4.543294782270004,False,-1,-0.08159237523524965
70917,93,1,1.0,0.0,instacart_grocery,4.543294782270004,False,-1,-0.08159237523524965
171850,93,1,1.0,0.0,instacart_grocery,4.543294782270004,False,-1,-0.08159237523524965
122215,93,1,1.0,0.0,instacart_grocery,4.543294782270004,False,-1,-0.08159237523524965
139757,93,1,1.0,0.0,instacart_grocery,4.543294782270004,False,-1,-0.08159237523524965
144304,93,1,1.0,0.0,instacart_grocery,4.543294782270004,False,-1,-0.08159237523524965
81828,93,1,1.0,0.0,instacart_grocery,4.543294782270004,False,-1,-0.08159237523524965
54369,93,1,1.0,0.0,instacart_grocery,4.543294782270004,False,-1,-0.08159237523524965
64895,93,1,1.0,0.0,instacart_grocery,4.543294782270004,False,-1,-0.08159237523524965
89639,93,1,1.0,0.0,instacart_grocery,4.543294782270004,False,-1,-0.08159237523524965
164699,93,1,1.0,0.0,instacart_grocery,4.543294782270004,False,-1,-0.08159237523524965
76556,93,1,1.0,0.0,instacart_grocery,4.543294782270004,False,-1,-0.08159237523524965
162921,93,1,1.0,0.0,instacart_grocery,4.543294782270004,False,-1,-0.08159237523524965
20730,93,1,1.0,0.0,instacart_grocery,4.543294782270004,False,-1,-0.08159237523524965
146381,93,1,1.0,0.0,instacart_grocery,4.543294782270004,False,-1,-0.08159237523524965
118301,93,1,1.0,0.0,instacart_grocery,4.543294782270004,False,-1,-0.08159237523524965
188677,93,1,1.0,0.0,instacart_grocery,4.543294782270004,False,-1,-0.08159237523524965
56022,93,1,1.0,0.0,instacart_grocery,4.543294782270004,False,-1,-0.08159237523524965
80706,93,1,1.0,0.0,instacart_grocery,4.543294782270004,False,-1,-0.08159237523524965
198075,93,1,1.0,0.0,instacart_grocery,4.543294782270004,False,-1,-0.08159237523524965
46019,93,1,1.0,0.0,instacart_grocery,4.543294782270004,False,-1,-0.08159237523524965
60351,93,1,1.0,0.0,instacart_grocery,4.543294782270004,False,-1,-0.08159237523524965
92766,93,1,1.0,0.0,instacart_grocery,4.543294782270004,False,-1,-0.08159237523524965
198597,93,1,1.0,0.0,instacart_grocery,4.543294782270004,False,-1,-0.08159237523524965
167262,93,1,1.0,0.0,instacart_grocery,4.543294782270004,False,-1,-0.08159237523524965
104141,93,1,1.0,0.0,instacart_grocery,4.543294782270004,False,-1,-0.08159237523524965
167173,93,1,1.0,0.0,instacart_grocery,4.543294782270004,False,-1,-0.08159237523524965
129247,93,1,1.0,0.0,instacart_grocery,4.543294782270004,False,-1,-0.08159237523524965
114322,93,1,1.0,0.0,instacart_grocery,4.543294782270004,False,-1,-0.08159237523524965
190267,93,1,1.0,0.0,instacart_grocery,4.543294782270004,False,-1,-0.08159237523524965
58004,93,1,1.0,0.0,instacart_grocery,4.543294782270004,False,-1,-0.08159237523524965
18491,93,1,1.0,0.0,instacart_grocery,4.543294782270004,False,-1,-0.08159237523524965
18471,93,1,1.0,0.0,instacart_grocery,4.543294782270004,False,-1,-0.08159237523524965
94259,93,1,1.0,0.0,instacart_grocery,4.543294782270004,False,-1,-0.08159237523524965
96403,93,1,1.0,0.0,instacart_grocery,4.543294782270004,False,-1,-0.08159237523524965
191521,93,1,1.0,0.0,instacart_grocery,4.543294782270004,False,-1,-0.08159237523524965
71920,93,1,1.0,0.0,instacart_grocery,4.543294782270004,False,-1,-0.08159237523524965
22273,93,1,1.0,0.0,instacart_grocery,4.543294782270004,False,-1,-0.08159237523524965
47763,93,1,1.0,0.0,instacart_grocery,4.543294782270004,False,-1,-0.08159237523524965
143891,93,1,1.0,0.0,instacart_grocery,4.543294782270004,False,-1,-0.08159237523524965
157587,93,1,1.0,0.0,instacart_grocery,4.543294782270004,False,-1,-0.08159237523524965
28745,93,1,1.0,0.0,instacart_grocery,4.543294782270004,False,-1,-0.08159237523524965
172665,93,1,1.0,0.0,instacart_grocery,4.543294782270004,False,-1,-0.08159237523524965
89346,93,1,1.0,0.0,instacart_grocery,4.543294782270004,False,-1,-0.08159237523524965
75609,93,1,1.0,0.0,instacart_grocery,4.543294782270004,False,-1,-0.08159237523524965
97805,93,1,1.0,0.0,instacart_grocery,4.543294782270004,False,-1,-0.08159237523524965
187244,93,1,1.0,0.0,instacart_grocery,4.543294782270004,False,-1,-0.08159237523524965
127268,93,1,1.0,0.0,instacart_grocery,4.543294782270004,False,-1,-0.08159237523524965
181070,93,1,1.0,0.0,instacart_grocery,4.543294782270004,False,-1,-0.08159237523524965
144194,93,1,1.0,0.0,instacart_grocery,4.543294782270004,False,-1,-0.08159237523524965
203332,93,1,1.0,0.0,instacart_grocery,4.543294782270004,False,-1,-0.08159237523524965
144363,93,1,1.0,0.0,instacart_grocery,4.543294782270004,False,-1,-0.08159237523524965
163677,93,1,1.0,0.0,instacart_grocery,4.543294782270004,False,-1,-0.08159237523524965
82414,93,1,1.0,0.0,instacart_grocery,4.543294782270004,False,-1,-0.08159237523524965
204579,93,1,1.0,0.0,instacart_grocery,4.543294782270004,False,-1,-0.08159237523524965
134459,93,1,1.0,0.0,instacart_grocery,4.543294782270004,False,-1,-0.08159237523524965
191600,93,1,1.0,0.0,instacart_grocery,4.543294782270004,False,-1,-0.08159237523524965
169467,92,1,1.0,0.0,instacart_grocery,4.532599493153256,False,-1,-0.08039988288013944
100811,92,1,1.0,0.0,instacart_grocery,4.532599493153256,False,-1,-0.08039988288013944
193164,92,1,1.0,0.0,instacart_grocery,4.532599493153256,False,-1,-0.08039988288013944
205899,92,1,1.0,0.0,instacart_grocery,4.532599493153256,False,-1,-0.08039988288013944
23832,92,1,1.0,0.0,instacart_grocery,4.532599493153256,False,-1,-0.08039988288013944
14493,92,1,1.0,0.0,instacart_grocery,4.532599493153256,False,-1,-0.08039988288013944
99887,92,1,1.0,0.0,instacart_grocery,4.532599493153256,False,-1,-0.08039988288013944
78922,92,1,1.0,0.0,instacart_grocery,4.532599493153256,False,-1,-0.08039988288013944
82639,92,1,1.0,0.0,instacart_grocery,4.532599493153256,False,-1,-0.08039988288013944
163348,92,1,1.0,0.0,instacart_grocery,4.532599493153256,False,-1,-0.08039988288013944
186338,92,1,1.0,0.0,instacart_grocery,4.532599493153256,False,-1,-0.08039988288013944
130271,92,1,1.0,0.0,instacart_grocery,4.532599493153256,False,-1,-0.08039988288013944
78399,92,1,1.0,0.0,instacart_grocery,4.532599493153256,False,-1,-0.08039988288013944
205831,92,1,1.0,0.0,instacart_grocery,4.532599493153256,False,-1,-0.08039988288013944
79854,92,1,1.0,0.0,instacart_grocery,4.532599493153256,False,-1,-0.08039988288013944
101746,92,1,1.0,0.0,instacart_grocery,4.532599493153256,False,-1,-0.08039988288013944
43758,92,1,1.0,0.0,instacart_grocery,4.532599493153256,False,-1,-0.08039988288013944
15626,92,1,1.0,0.0,instacart_grocery,4.532599493153256,False,-1,-0.08039988288013944
100816,92,1,1.0,0.0,instacart_grocery,4.532599493153256,False,-1,-0.08039988288013944
205139,92,1,1.0,0.0,instacart_grocery,4.532599493153256,False,-1,-0.08039988288013944
164073,92,1,1.0,0.0,instacart_grocery,4.532599493153256,False,-1,-0.08039988288013944
191407,92,1,1.0,0.0,instacart_grocery,4.532599493153256,False,-1,-0.08039988288013944
135003,92,1,1.0,0.0,instacart_grocery,4.532599493153256,False,-1,-0.08039988288013944
49161,92,1,1.0,0.0,instacart_grocery,4.532599493153256,False,-1,-0.08039988288013944
105171,92,1,1.0,0.0,instacart_grocery,4.532599493153256,False,-1,-0.08039988288013944
133052,92,1,1.0,0.0,instacart_grocery,4.532599493153256,False,-1,-0.08039988288013944
136651,92,1,1.0,0.0,instacart_grocery,4.532599493153256,False,-1,-0.08039988288013944
17747,92,1,1.0,0.0,instacart_grocery,4.532599493153256,False,-1,-0.08039988288013944
104572,92,1,1.0,0.0,instacart_grocery,4.532599493153256,False,-1,-0.08039988288013944
78296,92,1,1.0,0.0,instacart_grocery,4.532599493153256,False,-1,-0.08039988288013944
167491,92,1,1.0,0.0,instacart_grocery,4.532599493153256,False,-1,-0.08039988288013944
23297,92,1,1.0,0.0,instacart_grocery,4.532599493153256,False,-1,-0.08039988288013944
82943,92,1,1.0,0.0,instacart_grocery,4.532599493153256,False,-1,-0.08039988288013944
87130,92,1,1.0,0.0,instacart_grocery,4.532599493153256,False,-1,-0.08039988288013944
120232,92,1,1.0,0.0,instacart_grocery,4.532599493153256,False,-1,-0.08039988288013944
13107,92,1,1.0,0.0,instacart_grocery,4.532599493153256,False,-1,-0.08039988288013944
3745,92,1,1.0,0.0,instacart_grocery,4.532599493153256,False,-1,-0.08039988288013944
198261,92,1,1.0,0.0,instacart_grocery,4.532599493153256,False,-1,-0.08039988288013944
8091,92,1,1.0,0.0,instacart_grocery,4.532599493153256,False,-1,-0.08039988288013944
140954,92,1,1.0,0.0,instacart_grocery,4.532599493153256,False,-1,-0.08039988288013944
147480,92,1,1.0,0.0,instacart_grocery,4.532599493153256,False,-1,-0.08039988288013944
39460,92,1,1.0,0.0,instacart_grocery,4.532599493153256,False,-1,-0.08039988288013944
117167,92,1,1.0,0.0,instacart_grocery,4.532599493153256,False,-1,-0.08039988288013944
195275,92,1,1.0,0.0,instacart_grocery,4.532599493153256,False,-1,-0.08039988288013944
27205,92,1,1.0,0.0,instacart_grocery,4.532599493153256,False,-1,-0.08039988288013944
95161,92,1,1.0,0.0,instacart_grocery,4.532599493153256,False,-1,-0.08039988288013944
113937,92,1,1.0,0.0,instacart_grocery,4.532599493153256,False,-1,-0.08039988288013944
172221,92,1,1.0,0.0,instacart_grocery,4.532599493153256,False,-1,-0.08039988288013944
110049,92,1,1.0,0.0,instacart_grocery,4.532599493153256,False,-1,-0.08039988288013944
103644,92,1,1.0,0.0,instacart_grocery,4.532599493153256,False,-1,-0.08039988288013944
153244,92,1,1.0,0.0,instacart_grocery,4.532599493153256,False,-1,-0.08039988288013944
36811,92,1,1.0,0.0,instacart_grocery,4.532599493153256,False,-1,-0.08039988288013944
5588,92,1,1.0,0.0,instacart_grocery,4.532599493153256,False,-1,-0.08039988288013944
144023,92,1,1.0,0.0,instacart_grocery,4.532599493153256,False,-1,-0.08039988288013944
155412,92,1,1.0,0.0,instacart_grocery,4.532599493153256,False,-1,-0.08039988288013944
155243,92,1,1.0,0.0,instacart_grocery,4.532599493153256,False,-1,-0.08039988288013944
196623,92,1,1.0,0.0,instacart_grocery,4.532599493153256,False,-1,-0.08039988288013944
111072,92,1,1.0,0.0,instacart_grocery,4.532599493153256,False,-1,-0.08039988288013944
54543,92,1,1.0,0.0,instacart_grocery,4.532599493153256,False,-1,-0.08039988288013944
67740,92,1,1.0,0.0,instacart_grocery,4.532599493153256,False,-1,-0.08039988288013944
25284,92,1,1.0,0.0,instacart_grocery,4.532599493153256,False,-1,-0.08039988288013944
31041,92,1,1.0,0.0,instacart_grocery,4.532599493153256,False,-1,-0.08039988288013944
99460,92,1,1.0,0.0,instacart_grocery,4.532599493153256,False,-1,-0.08039988288013944
150809,92,1,1.0,0.0,instacart_grocery,4.532599493153256,False,-1,-0.08039988288013944
94398,92,1,1.0,0.0,instacart_grocery,4.532599493153256,False,-1,-0.08039988288013944
58965,92,1,1.0,0.0,instacart_grocery,4.532599493153256,False,-1,-0.08039988288013944
33966,92,1,1.0,0.0,instacart_grocery,4.532599493153256,False,-1,-0.08039988288013944
149269,92,1,1.0,0.0,instacart_grocery,4.532599493153256,False,-1,-0.08039988288013944
3016,92,1,1.0,0.0,instacart_grocery,4.532599493153256,False,-1,-0.08039988288013944
199808,91,1,1.0,0.0,instacart_grocery,4.5217885770490405,False,-1,-0.07524226850620197
77956,91,1,1.0,0.0,instacart_grocery,4.5217885770490405,False,-1,-0.07524226850620197
23479,91,1,1.0,0.0,instacart_grocery,4.5217885770490405,False,-1,-0.07524226850620197
13701,91,1,1.0,0.0,instacart_grocery,4.5217885770490405,False,-1,-0.07524226850620197
10157,91,1,1.0,0.0,instacart_grocery,4.5217885770490405,False,-1,-0.07524226850620197
158549,91,1,1.0,0.0,instacart_grocery,4.5217885770490405,False,-1,-0.07524226850620197
149760,91,1,1.0,0.0,instacart_grocery,4.5217885770490405,False,-1,-0.07524226850620197
27258,91,1,1.0,0.0,instacart_grocery,4.5217885770490405,False,-1,-0.07524226850620197
142150,91,1,1.0,0.0,instacart_grocery,4.5217885770490405,False,-1,-0.07524226850620197
182642,91,1,1.0,0.0,instacart_grocery,4.5217885770490405,False,-1,-0.07524226850620197
132298,91,1,1.0,0.0,instacart_grocery,4.5217885770490405,False,-1,-0.07524226850620197
153996,91,1,1.0,0.0,instacart_grocery,4.5217885770490405,False,-1,-0.07524226850620197
3255,91,1,1.0,0.0,instacart_grocery,4.5217885770490405,False,-1,-0.07524226850620197
27862,91,1,1.0,0.0,instacart_grocery,4.5217885770490405,False,-1,-0.07524226850620197
52489,91,1,1.0,0.0,instacart_grocery,4.5217885770490405,False,-1,-0.07524226850620197
108148,91,1,1.0,0.0,instacart_grocery,4.5217885770490405,False,-1,-0.07524226850620197
197640,91,1,1.0,0.0,instacart_grocery,4.5217885770490405,False,-1,-0.07524226850620197
118335,91,1,1.0,0.0,instacart_grocery,4.5217885770490405,False,-1,-0.07524226850620197
22104,91,1,1.0,0.0,instacart_grocery,4.5217885770490405,False,-1,-0.07524226850620197
57931,91,1,1.0,0.0,instacart_grocery,4.5217885770490405,False,-1,-0.07524226850620197
75369,91,1,1.0,0.0,instacart_grocery,4.5217885770490405,False,-1,-0.07524226850620197
28284,91,1,1.0,0.0,instacart_grocery,4.5217885770490405,False,-1,-0.07524226850620197
182223,91,1,1.0,0.0,instacart_grocery,4.5217885770490405,False,-1,-0.07524226850620197
118297,91,1,1.0,0.0,instacart_grocery,4.5217885770490405,False,-1,-0.07524226850620197
38332,91,1,1.0,0.0,instacart_grocery,4.5217885770490405,False,-1,-0.07524226850620197
105519,91,1,1.0,0.0,instacart_grocery,4.5217885770490405,False,-1,-0.07524226850620197
150225,91,1,1.0,0.0,instacart_grocery,4.5217885770490405,False,-1,-0.07524226850620197
110545,91,1,1.0,0.0,instacart_grocery,4.5217885770490405,False,-1,-0.07524226850620197
171771,91,1,1.0,0.0,instacart_grocery,4.5217885770490405,False,-1,-0.07524226850620197
180621,91,1,1.0,0.0,instacart_grocery,4.5217885770490405,False,-1,-0.07524226850620197
94723,91,1,1.0,0.0,instacart_grocery,4.5217885770490405,False,-1,-0.07524226850620197
137639,91,1,1.0,0.0,instacart_grocery,4.5217885770490405,False,-1,-0.07524226850620197
148472,91,1,1.0,0.0,instacart_grocery,4.5217885770490405,False,-1,-0.07524226850620197
60210,91,1,1.0,0.0,instacart_grocery,4.5217885770490405,False,-1,-0.07524226850620197
137521,91,1,1.0,0.0,instacart_grocery,4.5217885770490405,False,-1,-0.07524226850620197
71951,91,1,1.0,0.0,instacart_grocery,4.5217885770490405,False,-1,-0.07524226850620197
183819,91,1,1.0,0.0,instacart_grocery,4.5217885770490405,False,-1,-0.07524226850620197
60258,91,1,1.0,0.0,instacart_grocery,4.5217885770490405,False,-1,-0.07524226850620197
140540,91,1,1.0,0.0,instacart_grocery,4.5217885770490405,False,-1,-0.07524226850620197
37499,91,1,1.0,0.0,instacart_grocery,4.5217885770490405,False,-1,-0.07524226850620197
30153,91,1,1.0,0.0,instacart_grocery,4.5217885770490405,False,-1,-0.07524226850620197
180222,91,1,1.0,0.0,instacart_grocery,4.5217885770490405,False,-1,-0.07524226850620197
31121,91,1,1.0,0.0,instacart_grocery,4.5217885770490405,False,-1,-0.07524226850620197
173132,91,1,1.0,0.0,instacart_grocery,4.5217885770490405,False,-1,-0.07524226850620197
123135,91,1,1.0,0.0,instacart_grocery,4.5217885770490405,False,-1,-0.07524226850620197
73571,91,1,1.0,0.0,instacart_grocery,4.5217885770490405,False,-1,-0.07524226850620197
201484,91,1,1.0,0.0,instacart_grocery,4.5217885770490405,False,-1,-0.07524226850620197
104307,91,1,1.0,0.0,instacart_grocery,4.5217885770490405,False,-1,-0.07524226850620197
47389,91,1,1.0,0.0,instacart_grocery,4.5217885770490405,False,-1,-0.07524226850620197
131868,91,1,1.0,0.0,instacart_grocery,4.5217885770490405,False,-1,-0.07524226850620197
15936,91,1,1.0,0.0,instacart_grocery,4.5217885770490405,False,-1,-0.07524226850620197
25568,91,1,1.0,0.0,instacart_grocery,4.5217885770490405,False,-1,-0.07524226850620197
116937,91,1,1.0,0.0,instacart_grocery,4.5217885770490405,False,-1,-0.07524226850620197
16035,91,1,1.0,0.0,instacart_grocery,4.5217885770490405,False,-1,-0.07524226850620197
159183,91,1,1.0,0.0,instacart_grocery,4.5217885770490405,False,-1,-0.07524226850620197
60019,91,1,1.0,0.0,instacart_grocery,4.5217885770490405,False,-1,-0.07524226850620197
114682,90,1,1.0,0.0,instacart_grocery,4.51085950651685,False,-1,-0.07445347376992417
114754,90,1,1.0,0.0,instacart_grocery,4.51085950651685,False,-1,-0.07445347376992417
198916,90,1,1.0,0.0,instacart_grocery,4.51085950651685,False,-1,-0.07445347376992417
81819,90,1,1.0,0.0,instacart_grocery,4.51085950651685,False,-1,-0.07445347376992417
133364,90,1,1.0,0.0,instacart_grocery,4.51085950651685,False,-1,-0.07445347376992417
188446,90,1,1.0,0.0,instacart_grocery,4.51085950651685,False,-1,-0.07445347376992417
130958,90,1,1.0,0.0,instacart_grocery,4.51085950651685,False,-1,-0.07445347376992417
77235,90,1,1.0,0.0,instacart_grocery,4.51085950651685,False,-1,-0.07445347376992417
148861,90,1,1.0,0.0,instacart_grocery,4.51085950651685,False,-1,-0.07445347376992417
45674,90,1,1.0,0.0,instacart_grocery,4.51085950651685,False,-1,-0.07445347376992417
115481,90,1,1.0,0.0,instacart_grocery,4.51085950651685,False,-1,-0.07445347376992417
166027,90,1,1.0,0.0,instacart_grocery,4.51085950651685,False,-1,-0.07445347376992417
35629,90,1,1.0,0.0,instacart_grocery,4.51085950651685,False,-1,-0.07445347376992417
130809,90,1,1.0,0.0,instacart_grocery,4.51085950651685,False,-1,-0.07445347376992417
92699,90,1,1.0,0.0,instacart_grocery,4.51085950651685,False,-1,-0.07445347376992417
92431,90,1,1.0,0.0,instacart_grocery,4.51085950651685,False,-1,-0.07445347376992417
131805,90,1,1.0,0.0,instacart_grocery,4.51085950651685,False,-1,-0.07445347376992417
198832,90,1,1.0,0.0,instacart_grocery,4.51085950651685,False,-1,-0.07445347376992417
201185,90,1,1.0,0.0,instacart_grocery,4.51085950651685,False,-1,-0.07445347376992417
116698,90,1,1.0,0.0,instacart_grocery,4.51085950651685,False,-1,-0.07445347376992417
35933,90,1,1.0,0.0,instacart_grocery,4.51085950651685,False,-1,-0.07445347376992417
112377,90,1,1.0,0.0,instacart_grocery,4.51085950651685,False,-1,-0.07445347376992417
166449,90,1,1.0,0.0,instacart_grocery,4.51085950651685,False,-1,-0.07445347376992417
190389,90,1,1.0,0.0,instacart_grocery,4.51085950651685,False,-1,-0.07445347376992417
56337,90,1,1.0,0.0,instacart_grocery,4.51085950651685,False,-1,-0.07445347376992417
179192,90,1,1.0,0.0,instacart_grocery,4.51085950651685,False,-1,-0.07445347376992417
117789,90,1,1.0,0.0,instacart_grocery,4.51085950651685,False,-1,-0.07445347376992417
61874,90,1,1.0,0.0,instacart_grocery,4.51085950651685,False,-1,-0.07445347376992417
90843,90,1,1.0,0.0,instacart_grocery,4.51085950651685,False,-1,-0.07445347376992417
146382,90,1,1.0,0.0,instacart_grocery,4.51085950651685,False,-1,-0.07445347376992417
80379,90,1,1.0,0.0,instacart_grocery,4.51085950651685,False,-1,-0.07445347376992417
35876,90,1,1.0,0.0,instacart_grocery,4.51085950651685,False,-1,-0.07445347376992417
184175,90,1,1.0,0.0,instacart_grocery,4.51085950651685,False,-1,-0.07445347376992417
90027,90,1,1.0,0.0,instacart_grocery,4.51085950651685,False,-1,-0.07445347376992417
141704,90,1,1.0,0.0,instacart_grocery,4.51085950651685,False,-1,-0.07445347376992417
98688,90,1,1.0,0.0,instacart_grocery,4.51085950651685,False,-1,-0.07445347376992417
145628,90,1,1.0,0.0,instacart_grocery,4.51085950651685,False,-1,-0.07445347376992417
123118,90,1,1.0,0.0,instacart_grocery,4.51085950651685,False,-1,-0.07445347376992417
15735,90,1,1.0,0.0,instacart_grocery,4.51085950651685,False,-1,-0.07445347376992417
15637,90,1,1.0,0.0,instacart_grocery,4.51085950651685,False,-1,-0.07445347376992417
183539,90,1,1.0,0.0,instacart_grocery,4.51085950651685,False,-1,-0.07445347376992417
22929,90,1,1.0,0.0,instacart_grocery,4.51085950651685,False,-1,-0.07445347376992417
50719,90,1,1.0,0.0,instacart_grocery,4.51085950651685,False,-1,-0.07445347376992417
25347,90,1,1.0,0.0,instacart_grocery,4.51085950651685,False,-1,-0.07445347376992417
126124,90,1,1.0,0.0,instacart_grocery,4.51085950651685,False,-1,-0.07445347376992417
203905,90,1,1.0,0.0,instacart_grocery,4.51085950651685,False,-1,-0.07445347376992417
2344,90,1,1.0,0.0,instacart_grocery,4.51085950651685,False,-1,-0.07445347376992417
122003,90,1,1.0,0.0,instacart_grocery,4.51085950651685,False,-1,-0.07445347376992417
99400,90,1,1.0,0.0,instacart_grocery,4.51085950651685,False,-1,-0.07445347376992417
25236,90,1,1.0,0.0,instacart_grocery,4.51085950651685,False,-1,-0.07445347376992417
100285,90,1,1.0,0.0,instacart_grocery,4.51085950651685,False,-1,-0.07445347376992417
138248,90,1,1.0,0.0,instacart_grocery,4.51085950651685,False,-1,-0.07445347376992417
124239,90,1,1.0,0.0,instacart_grocery,4.51085950651685,False,-1,-0.07445347376992417
40846,90,1,1.0,0.0,instacart_grocery,4.51085950651685,False,-1,-0.07445347376992417
41983,90,1,1.0,0.0,instacart_grocery,4.51085950651685,False,-1,-0.07445347376992417
85823,90,1,1.0,0.0,instacart_grocery,4.51085950651685,False,-1,-0.07445347376992417
71176,90,1,1.0,0.0,instacart_grocery,4.51085950651685,False,-1,-0.07445347376992417
193112,90,1,1.0,0.0,instacart_grocery,4.51085950651685,False,-1,-0.07445347376992417
99963,90,1,1.0,0.0,instacart_grocery,4.51085950651685,False,-1,-0.07445347376992417
99758,90,1,1.0,0.0,instacart_grocery,4.51085950651685,False,-1,-0.07445347376992417
24195,90,1,1.0,0.0,instacart_grocery,4.51085950651685,False,-1,-0.07445347376992417
138947,90,1,1.0,0.0,instacart_grocery,4.51085950651685,False,-1,-0.07445347376992417
86350,90,1,1.0,0.0,instacart_grocery,4.51085950651685,False,-1,-0.07445347376992417
142034,90,1,1.0,0.0,instacart_grocery,4.51085950651685,False,-1,-0.07445347376992417
149835,90,1,1.0,0.0,instacart_grocery,4.51085950651685,False,-1,-0.07445347376992417
38494,90,1,1.0,0.0,instacart_grocery,4.51085950651685,False,-1,-0.07445347376992417
75801,90,1,1.0,0.0,instacart_grocery,4.51085950651685,False,-1,-0.07445347376992417
4724,90,1,1.0,0.0,instacart_grocery,4.51085950651685,False,-1,-0.07445347376992417
39453,90,1,1.0,0.0,instacart_grocery,4.51085950651685,False,-1,-0.07445347376992417
10660,90,1,1.0,0.0,instacart_grocery,4.51085950651685,False,-1,-0.07445347376992417
4694,90,1,1.0,0.0,instacart_grocery,4.51085950651685,False,-1,-0.07445347376992417
191665,90,1,1.0,0.0,instacart_grocery,4.51085950651685,False,-1,-0.07445347376992417
195993,90,1,1.0,0.0,instacart_grocery,4.51085950651685,False,-1,-0.07445347376992417
125125,90,1,1.0,0.0,instacart_grocery,4.51085950651685,False,-1,-0.07445347376992417
156913,90,1,1.0,0.0,instacart_grocery,4.51085950651685,False,-1,-0.07445347376992417
180719,90,1,1.0,0.0,instacart_grocery,4.51085950651685,False,-1,-0.07445347376992417
143108,90,1,1.0,0.0,instacart_grocery,4.51085950651685,False,-1,-0.07445347376992417
172902,90,1,1.0,0.0,instacart_grocery,4.51085950651685,False,-1,-0.07445347376992417
157260,90,1,1.0,0.0,instacart_grocery,4.51085950651685,False,-1,-0.07445347376992417
202689,90,1,1.0,0.0,instacart_grocery,4.51085950651685,False,-1,-0.07445347376992417
11809,90,1,1.0,0.0,instacart_grocery,4.51085950651685,False,-1,-0.07445347376992417
105315,90,1,1.0,0.0,instacart_grocery,4.51085950651685,False,-1,-0.07445347376992417
76272,90,1,1.0,0.0,instacart_grocery,4.51085950651685,False,-1,-0.07445347376992417
82525,90,1,1.0,0.0,instacart_grocery,4.51085950651685,False,-1,-0.07445347376992417
121705,90,1,1.0,0.0,instacart_grocery,4.51085950651685,False,-1,-0.07445347376992417
108467,89,1,1.0,0.0,instacart_grocery,4.499809670330265,False,-1,-0.07163222124553581
79570,89,1,1.0,0.0,instacart_grocery,4.499809670330265,False,-1,-0.07163222124553581
107733,89,1,1.0,0.0,instacart_grocery,4.499809670330265,False,-1,-0.07163222124553581
203513,89,1,1.0,0.0,instacart_grocery,4.499809670330265,False,-1,-0.07163222124553581
9239,89,1,1.0,0.0,instacart_grocery,4.499809670330265,False,-1,-0.07163222124553581
84715,89,1,1.0,0.0,instacart_grocery,4.499809670330265,False,-1,-0.07163222124553581
2735,89,1,1.0,0.0,instacart_grocery,4.499809670330265,False,-1,-0.07163222124553581
205968,89,1,1.0,0.0,instacart_grocery,4.499809670330265,False,-1,-0.07163222124553581
79546,89,1,1.0,0.0,instacart_grocery,4.499809670330265,False,-1,-0.07163222124553581
81965,89,1,1.0,0.0,instacart_grocery,4.499809670330265,False,-1,-0.07163222124553581
84474,89,1,1.0,0.0,instacart_grocery,4.499809670330265,False,-1,-0.07163222124553581
202924,89,1,1.0,0.0,instacart_grocery,4.499809670330265,False,-1,-0.07163222124553581
129229,89,1,1.0,0.0,instacart_grocery,4.499809670330265,False,-1,-0.07163222124553581
104698,89,1,1.0,0.0,instacart_grocery,4.499809670330265,False,-1,-0.07163222124553581
109812,89,1,1.0,0.0,instacart_grocery,4.499809670330265,False,-1,-0.07163222124553581
1837,89,1,1.0,0.0,instacart_grocery,4.499809670330265,False,-1,-0.07163222124553581
12205,89,1,1.0,0.0,instacart_grocery,4.499809670330265,False,-1,-0.07163222124553581
117234,89,1,1.0,0.0,instacart_grocery,4.499809670330265,False,-1,-0.07163222124553581
122704,89,1,1.0,0.0,instacart_grocery,4.499809670330265,False,-1,-0.07163222124553581
10241,89,1,1.0,0.0,instacart_grocery,4.499809670330265,False,-1,-0.07163222124553581
201055,89,1,1.0,0.0,instacart_grocery,4.499809670330265,False,-1,-0.07163222124553581
15229,89,1,1.0,0.0,instacart_grocery,4.499809670330265,False,-1,-0.07163222124553581
90788,89,1,1.0,0.0,instacart_grocery,4.499809670330265,False,-1,-0.07163222124553581
13131,89,1,1.0,0.0,instacart_grocery,4.499809670330265,False,-1,-0.07163222124553581
120622,89,1,1.0,0.0,instacart_grocery,4.499809670330265,False,-1,-0.07163222124553581
111784,89,1,1.0,0.0,instacart_grocery,4.499809670330265,False,-1,-0.07163222124553581
127868,89,1,1.0,0.0,instacart_grocery,4.499809670330265,False,-1,-0.07163222124553581
15577,89,1,1.0,0.0,instacart_grocery,4.499809670330265,False,-1,-0.07163222124553581
194670,89,1,1.0,0.0,instacart_grocery,4.499809670330265,False,-1,-0.07163222124553581
52767,89,1,1.0,0.0,instacart_grocery,4.499809670330265,False,-1,-0.07163222124553581
189889,89,1,1.0,0.0,instacart_grocery,4.499809670330265,False,-1,-0.07163222124553581
24860,89,1,1.0,0.0,instacart_grocery,4.499809670330265,False,-1,-0.07163222124553581
158440,89,1,1.0,0.0,instacart_grocery,4.499809670330265,False,-1,-0.07163222124553581
24096,89,1,1.0,0.0,instacart_grocery,4.499809670330265,False,-1,-0.07163222124553581
40332,89,1,1.0,0.0,instacart_grocery,4.499809670330265,False,-1,-0.07163222124553581
159724,89,1,1.0,0.0,instacart_grocery,4.499809670330265,False,-1,-0.07163222124553581
73105,89,1,1.0,0.0,instacart_grocery,4.499809670330265,False,-1,-0.07163222124553581
170848,89,1,1.0,0.0,instacart_grocery,4.499809670330265,False,-1,-0.07163222124553581
136408,89,1,1.0,0.0,instacart_grocery,4.499809670330265,False,-1,-0.07163222124553581
22504,89,1,1.0,0.0,instacart_grocery,4.499809670330265,False,-1,-0.07163222124553581
186419,89,1,1.0,0.0,instacart_grocery,4.499809670330265,False,-1,-0.07163222124553581
42208,89,1,1.0,0.0,instacart_grocery,4.499809670330265,False,-1,-0.07163222124553581
42436,89,1,1.0,0.0,instacart_grocery,4.499809670330265,False,-1,-0.07163222124553581
75005,89,1,1.0,0.0,instacart_grocery,4.499809670330265,False,-1,-0.07163222124553581
48295,89,1,1.0,0.0,instacart_grocery,4.499809670330265,False,-1,-0.07163222124553581
43365,89,1,1.0,0.0,instacart_grocery,4.499809670330265,False,-1,-0.07163222124553581
47631,89,1,1.0,0.0,instacart_grocery,4.499809670330265,False,-1,-0.07163222124553581
77033,89,1,1.0,0.0,instacart_grocery,4.499809670330265,False,-1,-0.07163222124553581
70454,89,1,1.0,0.0,instacart_grocery,4.499809670330265,False,-1,-0.07163222124553581
140609,89,1,1.0,0.0,instacart_grocery,4.499809670330265,False,-1,-0.07163222124553581
70014,89,1,1.0,0.0,instacart_grocery,4.499809670330265,False,-1,-0.07163222124553581
37795,89,1,1.0,0.0,instacart_grocery,4.499809670330265,False,-1,-0.07163222124553581
178612,89,1,1.0,0.0,instacart_grocery,4.499809670330265,False,-1,-0.07163222124553581
60033,89,1,1.0,0.0,instacart_grocery,4.499809670330265,False,-1,-0.07163222124553581
59965,89,1,1.0,0.0,instacart_grocery,4.499809670330265,False,-1,-0.07163222124553581
146255,89,1,1.0,0.0,instacart_grocery,4.499809670330265,False,-1,-0.07163222124553581
149909,89,1,1.0,0.0,instacart_grocery,4.499809670330265,False,-1,-0.07163222124553581
150036,89,1,1.0,0.0,instacart_grocery,4.499809670330265,False,-1,-0.07163222124553581
144750,89,1,1.0,0.0,instacart_grocery,4.499809670330265,False,-1,-0.07163222124553581
144020,89,1,1.0,0.0,instacart_grocery,4.499809670330265,False,-1,-0.07163222124553581
77171,89,1,1.0,0.0,instacart_grocery,4.499809670330265,False,-1,-0.07163222124553581
27353,89,1,1.0,0.0,instacart_grocery,4.499809670330265,False,-1,-0.07163222124553581
68290,89,1,1.0,0.0,instacart_grocery,4.499809670330265,False,-1,-0.07163222124553581
153641,89,1,1.0,0.0,instacart_grocery,4.499809670330265,False,-1,-0.07163222124553581
26712,89,1,1.0,0.0,instacart_grocery,4.499809670330265,False,-1,-0.07163222124553581
36987,89,1,1.0,0.0,instacart_grocery,4.499809670330265,False,-1,-0.07163222124553581
182839,89,1,1.0,0.0,instacart_grocery,4.499809670330265,False,-1,-0.07163222124553581
173897,89,1,1.0,0.0,instacart_grocery,4.499809670330265,False,-1,-0.07163222124553581
140883,89,1,1.0,0.0,instacart_grocery,4.499809670330265,False,-1,-0.07163222124553581
37613,89,1,1.0,0.0,instacart_grocery,4.499809670330265,False,-1,-0.07163222124553581
55948,89,1,1.0,0.0,instacart_grocery,4.499809670330265,False,-1,-0.07163222124553581
47562,89,1,1.0,0.0,instacart_grocery,4.499809670330265,False,-1,-0.07163222124553581
53682,89,1,1.0,0.0,instacart_grocery,4.499809670330265,False,-1,-0.07163222124553581
130342,89,1,1.0,0.0,instacart_grocery,4.499809670330265,False,-1,-0.07163222124553581
169032,89,1,1.0,0.0,instacart_grocery,4.499809670330265,False,-1,-0.07163222124553581
18843,89,1,1.0,0.0,instacart_grocery,4.499809670330265,False,-1,-0.07163222124553581
188659,89,1,1.0,0.0,instacart_grocery,4.499809670330265,False,-1,-0.07163222124553581
6492,88,1,1.0,0.0,instacart_grocery,4.48863636973214,False,-1,-0.07001620841224077
73116,88,1,1.0,0.0,instacart_grocery,4.48863636973214,False,-1,-0.07001620841224077
194587,88,1,1.0,0.0,instacart_grocery,4.48863636973214,False,-1,-0.07001620841224077
108441,88,1,1.0,0.0,instacart_grocery,4.48863636973214,False,-1,-0.07001620841224077
50237,88,1,1.0,0.0,instacart_grocery,4.48863636973214,False,-1,-0.07001620841224077
192439,88,1,1.0,0.0,instacart_grocery,4.48863636973214,False,-1,-0.07001620841224077
183519,88,1,1.0,0.0,instacart_grocery,4.48863636973214,False,-1,-0.07001620841224077
81156,88,1,1.0,0.0,instacart_grocery,4.48863636973214,False,-1,-0.07001620841224077
54463,88,1,1.0,0.0,instacart_grocery,4.48863636973214,False,-1,-0.07001620841224077
73422,88,1,1.0,0.0,instacart_grocery,4.48863636973214,False,-1,-0.07001620841224077
170741,88,1,1.0,0.0,instacart_grocery,4.48863636973214,False,-1,-0.07001620841224077
161390,88,1,1.0,0.0,instacart_grocery,4.48863636973214,False,-1,-0.07001620841224077
180595,88,1,1.0,0.0,instacart_grocery,4.48863636973214,False,-1,-0.07001620841224077
140969,88,1,1.0,0.0,instacart_grocery,4.48863636973214,False,-1,-0.07001620841224077
49701,88,1,1.0,0.0,instacart_grocery,4.48863636973214,False,-1,-0.07001620841224077
183997,88,1,1.0,0.0,instacart_grocery,4.48863636973214,False,-1,-0.07001620841224077
170679,88,1,1.0,0.0,instacart_grocery,4.48863636973214,False,-1,-0.07001620841224077
89509,88,1,1.0,0.0,instacart_grocery,4.48863636973214,False,-1,-0.07001620841224077
25579,88,1,1.0,0.0,instacart_grocery,4.48863636973214,False,-1,-0.07001620841224077
44200,88,1,1.0,0.0,instacart_grocery,4.48863636973214,False,-1,-0.07001620841224077
185301,88,1,1.0,0.0,instacart_grocery,4.48863636973214,False,-1,-0.07001620841224077
203050,88,1,1.0,0.0,instacart_grocery,4.48863636973214,False,-1,-0.07001620841224077
7245,88,1,1.0,0.0,instacart_grocery,4.48863636973214,False,-1,-0.07001620841224077
172646,88,1,1.0,0.0,instacart_grocery,4.48863636973214,False,-1,-0.07001620841224077
176266,88,1,1.0,0.0,instacart_grocery,4.48863636973214,False,-1,-0.07001620841224077
52180,88,1,1.0,0.0,instacart_grocery,4.48863636973214,False,-1,-0.07001620841224077
13562,88,1,1.0,0.0,instacart_grocery,4.48863636973214,False,-1,-0.07001620841224077
52177,88,1,1.0,0.0,instacart_grocery,4.48863636973214,False,-1,-0.07001620841224077
4625,88,1,1.0,0.0,instacart_grocery,4.48863636973214,False,-1,-0.07001620841224077
85862,88,1,1.0,0.0,instacart_grocery,4.48863636973214,False,-1,-0.07001620841224077
24391,88,1,1.0,0.0,instacart_grocery,4.48863636973214,False,-1,-0.07001620841224077
31004,88,1,1.0,0.0,instacart_grocery,4.48863636973214,False,-1,-0.07001620841224077
9476,88,1,1.0,0.0,instacart_grocery,4.48863636973214,False,-1,-0.07001620841224077
86129,88,1,1.0,0.0,instacart_grocery,4.48863636973214,False,-1,-0.07001620841224077
184790,88,1,1.0,0.0,instacart_grocery,4.48863636973214,False,-1,-0.07001620841224077
58919,88,1,1.0,0.0,instacart_grocery,4.48863636973214,False,-1,-0.07001620841224077
72563,88,1,1.0,0.0,instacart_grocery,4.48863636973214,False,-1,-0.07001620841224077
177115,88,1,1.0,0.0,instacart_grocery,4.48863636973214,False,-1,-0.07001620841224077
173138,88,1,1.0,0.0,instacart_grocery,4.48863636973214,False,-1,-0.07001620841224077
123940,88,1,1.0,0.0,instacart_grocery,4.48863636973214,False,-1,-0.07001620841224077
150350,88,1,1.0,0.0,instacart_grocery,4.48863636973214,False,-1,-0.07001620841224077
110808,88,1,1.0,0.0,instacart_grocery,4.48863636973214,False,-1,-0.07001620841224077
5168,88,1,1.0,0.0,instacart_grocery,4.48863636973214,False,-1,-0.07001620841224077
168872,88,1,1.0,0.0,instacart_grocery,4.48863636973214,False,-1,-0.07001620841224077
131125,88,1,1.0,0.0,instacart_grocery,4.48863636973214,False,-1,-0.07001620841224077
144571,88,1,1.0,0.0,instacart_grocery,4.48863636973214,False,-1,-0.07001620841224077
146748,88,1,1.0,0.0,instacart_grocery,4.48863636973214,False,-1,-0.07001620841224077
29032,88,1,1.0,0.0,instacart_grocery,4.48863636973214,False,-1,-0.07001620841224077
117453,88,1,1.0,0.0,instacart_grocery,4.48863636973214,False,-1,-0.07001620841224077
101343,88,1,1.0,0.0,instacart_grocery,4.48863636973214,False,-1,-0.07001620841224077
204622,88,1,1.0,0.0,instacart_grocery,4.48863636973214,False,-1,-0.07001620841224077
21111,88,1,1.0,0.0,instacart_grocery,4.48863636973214,False,-1,-0.07001620841224077
198398,88,1,1.0,0.0,instacart_grocery,4.48863636973214,False,-1,-0.07001620841224077
116387,88,1,1.0,0.0,instacart_grocery,4.48863636973214,False,-1,-0.07001620841224077
66252,88,1,1.0,0.0,instacart_grocery,4.48863636973214,False,-1,-0.07001620841224077
56843,88,1,1.0,0.0,instacart_grocery,4.48863636973214,False,-1,-0.07001620841224077
113089,88,1,1.0,0.0,instacart_grocery,4.48863636973214,False,-1,-0.07001620841224077
188366,88,1,1.0,0.0,instacart_grocery,4.48863636973214,False,-1,-0.07001620841224077
60407,88,1,1.0,0.0,instacart_grocery,4.48863636973214,False,-1,-0.07001620841224077
35689,88,1,1.0,0.0,instacart_grocery,4.48863636973214,False,-1,-0.07001620841224077
105596,88,1,1.0,0.0,instacart_grocery,4.48863636973214,False,-1,-0.07001620841224077
47584,88,1,1.0,0.0,instacart_grocery,4.48863636973214,False,-1,-0.07001620841224077
17738,88,1,1.0,0.0,instacart_grocery,4.48863636973214,False,-1,-0.07001620841224077
116929,88,1,1.0,0.0,instacart_grocery,4.48863636973214,False,-1,-0.07001620841224077
143402,88,1,1.0,0.0,instacart_grocery,4.48863636973214,False,-1,-0.07001620841224077
43113,88,1,1.0,0.0,instacart_grocery,4.48863636973214,False,-1,-0.07001620841224077
22031,88,1,1.0,0.0,instacart_grocery,4.48863636973214,False,-1,-0.07001620841224077
39021,88,1,1.0,0.0,instacart_grocery,4.48863636973214,False,-1,-0.07001620841224077
127170,88,1,1.0,0.0,instacart_grocery,4.48863636973214,False,-1,-0.07001620841224077
153075,88,1,1.0,0.0,instacart_grocery,4.48863636973214,False,-1,-0.07001620841224077
204233,88,1,1.0,0.0,instacart_grocery,4.48863636973214,False,-1,-0.07001620841224077
107360,88,1,1.0,0.0,instacart_grocery,4.48863636973214,False,-1,-0.07001620841224077
122268,88,1,1.0,0.0,instacart_grocery,4.48863636973214,False,-1,-0.07001620841224077
48620,88,1,1.0,0.0,instacart_grocery,4.48863636973214,False,-1,-0.07001620841224077
61476,88,1,1.0,0.0,instacart_grocery,4.48863636973214,False,-1,-0.07001620841224077
107232,88,1,1.0,0.0,instacart_grocery,4.48863636973214,False,-1,-0.07001620841224077
44870,88,1,1.0,0.0,instacart_grocery,4.48863636973214,False,-1,-0.07001620841224077
179149,88,1,1.0,0.0,instacart_grocery,4.48863636973214,False,-1,-0.07001620841224077
55030,88,1,1.0,0.0,instacart_grocery,4.48863636973214,False,-1,-0.07001620841224077
69985,87,1,1.0,0.0,instacart_grocery,4.477336814478207,False,-1,-0.06840390473975888
25085,87,1,1.0,0.0,instacart_grocery,4.477336814478207,False,-1,-0.06840390473975888
66844,87,1,1.0,0.0,instacart_grocery,4.477336814478207,False,-1,-0.06840390473975888
45930,87,1,1.0,0.0,instacart_grocery,4.477336814478207,False,-1,-0.06840390473975888
199306,87,1,1.0,0.0,instacart_grocery,4.477336814478207,False,-1,-0.06840390473975888
154417,87,1,1.0,0.0,instacart_grocery,4.477336814478207,False,-1,-0.06840390473975888
89930,87,1,1.0,0.0,instacart_grocery,4.477336814478207,False,-1,-0.06840390473975888
57009,87,1,1.0,0.0,instacart_grocery,4.477336814478207,False,-1,-0.06840390473975888
156439,87,1,1.0,0.0,instacart_grocery,4.477336814478207,False,-1,-0.06840390473975888
114078,87,1,1.0,0.0,instacart_grocery,4.477336814478207,False,-1,-0.06840390473975888
37983,87,1,1.0,0.0,instacart_grocery,4.477336814478207,False,-1,-0.06840390473975888
195247,87,1,1.0,0.0,instacart_grocery,4.477336814478207,False,-1,-0.06840390473975888
196770,87,1,1.0,0.0,instacart_grocery,4.477336814478207,False,-1,-0.06840390473975888
27122,87,1,1.0,0.0,instacart_grocery,4.477336814478207,False,-1,-0.06840390473975888
180492,87,1,1.0,0.0,instacart_grocery,4.477336814478207,False,-1,-0.06840390473975888
113594,87,1,1.0,0.0,instacart_grocery,4.477336814478207,False,-1,-0.06840390473975888
143840,87,1,1.0,0.0,instacart_grocery,4.477336814478207,False,-1,-0.06840390473975888
142566,87,1,1.0,0.0,instacart_grocery,4.477336814478207,False,-1,-0.06840390473975888
54979,87,1,1.0,0.0,instacart_grocery,4.477336814478207,False,-1,-0.06840390473975888
96576,87,1,1.0,0.0,instacart_grocery,4.477336814478207,False,-1,-0.06840390473975888
26986,87,1,1.0,0.0,instacart_grocery,4.477336814478207,False,-1,-0.06840390473975888
70309,87,1,1.0,0.0,instacart_grocery,4.477336814478207,False,-1,-0.06840390473975888
205804,87,1,1.0,0.0,instacart_grocery,4.477336814478207,False,-1,-0.06840390473975888
152360,87,1,1.0,0.0,instacart_grocery,4.477336814478207,False,-1,-0.06840390473975888
88263,87,1,1.0,0.0,instacart_grocery,4.477336814478207,False,-1,-0.06840390473975888
36285,87,1,1.0,0.0,instacart_grocery,4.477336814478207,False,-1,-0.06840390473975888
124068,87,1,1.0,0.0,instacart_grocery,4.477336814478207,False,-1,-0.06840390473975888
30737,87,1,1.0,0.0,instacart_grocery,4.477336814478207,False,-1,-0.06840390473975888
36725,87,1,1.0,0.0,instacart_grocery,4.477336814478207,False,-1,-0.06840390473975888
94537,87,1,1.0,0.0,instacart_grocery,4.477336814478207,False,-1,-0.06840390473975888
103243,87,1,1.0,0.0,instacart_grocery,4.477336814478207,False,-1,-0.06840390473975888
409,87,1,1.0,0.0,instacart_grocery,4.477336814478207,False,-1,-0.06840390473975888
170787,87,1,1.0,0.0,instacart_grocery,4.477336814478207,False,-1,-0.06840390473975888
115373,87,1,1.0,0.0,instacart_grocery,4.477336814478207,False,-1,-0.06840390473975888
170689,87,1,1.0,0.0,instacart_grocery,4.477336814478207,False,-1,-0.06840390473975888
22824,87,1,1.0,0.0,instacart_grocery,4.477336814478207,False,-1,-0.06840390473975888
49501,87,1,1.0,0.0,instacart_grocery,4.477336814478207,False,-1,-0.06840390473975888
80605,87,1,1.0,0.0,instacart_grocery,4.477336814478207,False,-1,-0.06840390473975888
192025,87,1,1.0,0.0,instacart_grocery,4.477336814478207,False,-1,-0.06840390473975888
22440,87,1,1.0,0.0,instacart_grocery,4.477336814478207,False,-1,-0.06840390473975888
45018,87,1,1.0,0.0,instacart_grocery,4.477336814478207,False,-1,-0.06840390473975888
32373,87,1,1.0,0.0,instacart_grocery,4.477336814478207,False,-1,-0.06840390473975888
8537,87,1,1.0,0.0,instacart_grocery,4.477336814478207,False,-1,-0.06840390473975888
190883,87,1,1.0,0.0,instacart_grocery,4.477336814478207,False,-1,-0.06840390473975888
190687,87,1,1.0,0.0,instacart_grocery,4.477336814478207,False,-1,-0.06840390473975888
170233,87,1,1.0,0.0,instacart_grocery,4.477336814478207,False,-1,-0.06840390473975888
1018,87,1,1.0,0.0,instacart_grocery,4.477336814478207,False,-1,-0.06840390473975888
103742,87,1,1.0,0.0,instacart_grocery,4.477336814478207,False,-1,-0.06840390473975888
43989,87,1,1.0,0.0,instacart_grocery,4.477336814478207,False,-1,-0.06840390473975888
82288,87,1,1.0,0.0,instacart_grocery,4.477336814478207,False,-1,-0.06840390473975888
106583,87,1,1.0,0.0,instacart_grocery,4.477336814478207,False,-1,-0.06840390473975888
43467,87,1,1.0,0.0,instacart_grocery,4.477336814478207,False,-1,-0.06840390473975888
188291,87,1,1.0,0.0,instacart_grocery,4.477336814478207,False,-1,-0.06840390473975888
133258,87,1,1.0,0.0,instacart_grocery,4.477336814478207,False,-1,-0.06840390473975888
16731,87,1,1.0,0.0,instacart_grocery,4.477336814478207,False,-1,-0.06840390473975888
147853,87,1,1.0,0.0,instacart_grocery,4.477336814478207,False,-1,-0.06840390473975888
148214,87,1,1.0,0.0,instacart_grocery,4.477336814478207,False,-1,-0.06840390473975888
127951,87,1,1.0,0.0,instacart_grocery,4.477336814478207,False,-1,-0.06840390473975888
33626,87,1,1.0,0.0,instacart_grocery,4.477336814478207,False,-1,-0.06840390473975888
99576,87,1,1.0,0.0,instacart_grocery,4.477336814478207,False,-1,-0.06840390473975888
51272,87,1,1.0,0.0,instacart_grocery,4.477336814478207,False,-1,-0.06840390473975888
3794,87,1,1.0,0.0,instacart_grocery,4.477336814478207,False,-1,-0.06840390473975888
80232,87,1,1.0,0.0,instacart_grocery,4.477336814478207,False,-1,-0.06840390473975888
115314,87,1,1.0,0.0,instacart_grocery,4.477336814478207,False,-1,-0.06840390473975888
51165,87,1,1.0,0.0,instacart_grocery,4.477336814478207,False,-1,-0.06840390473975888
45635,87,1,1.0,0.0,instacart_grocery,4.477336814478207,False,-1,-0.06840390473975888
39663,87,1,1.0,0.0,instacart_grocery,4.477336814478207,False,-1,-0.06840390473975888
72586,87,1,1.0,0.0,instacart_grocery,4.477336814478207,False,-1,-0.06840390473975888
84321,87,1,1.0,0.0,instacart_grocery,4.477336814478207,False,-1,-0.06840390473975888
158764,87,1,1.0,0.0,instacart_grocery,4.477336814478207,False,-1,-0.06840390473975888
3787,87,1,1.0,0.0,instacart_grocery,4.477336814478207,False,-1,-0.06840390473975888
23764,87,1,1.0,0.0,instacart_grocery,4.477336814478207,False,-1,-0.06840390473975888
88648,87,1,1.0,0.0,instacart_grocery,4.477336814478207,False,-1,-0.06840390473975888
125715,87,1,1.0,0.0,instacart_grocery,4.477336814478207,False,-1,-0.06840390473975888
97932,87,1,1.0,0.0,instacart_grocery,4.477336814478207,False,-1,-0.06840390473975888
93631,87,1,1.0,0.0,instacart_grocery,4.477336814478207,False,-1,-0.06840390473975888
158482,87,1,1.0,0.0,instacart_grocery,4.477336814478207,False,-1,-0.06840390473975888
205496,87,1,1.0,0.0,instacart_grocery,4.477336814478207,False,-1,-0.06840390473975888
94339,86,1,1.0,0.0,instacart_grocery,4.465908118654584,False,-1,-0.0640884304093936
94786,86,1,1.0,0.0,instacart_grocery,4.465908118654584,False,-1,-0.0640884304093936
18718,86,1,1.0,0.0,instacart_grocery,4.465908118654584,False,-1,-0.0640884304093936
181729,86,1,1.0,0.0,instacart_grocery,4.465908118654584,False,-1,-0.0640884304093936
61000,86,1,1.0,0.0,instacart_grocery,4.465908118654584,False,-1,-0.0640884304093936
8417,86,1,1.0,0.0,instacart_grocery,4.465908118654584,False,-1,-0.0640884304093936
60406,86,1,1.0,0.0,instacart_grocery,4.465908118654584,False,-1,-0.0640884304093936
92426,86,1,1.0,0.0,instacart_grocery,4.465908118654584,False,-1,-0.0640884304093936
63227,86,1,1.0,0.0,instacart_grocery,4.465908118654584,False,-1,-0.0640884304093936
7855,86,1,1.0,0.0,instacart_grocery,4.465908118654584,False,-1,-0.0640884304093936
18683,86,1,1.0,0.0,instacart_grocery,4.465908118654584,False,-1,-0.0640884304093936
181782,86,1,1.0,0.0,instacart_grocery,4.465908118654584,False,-1,-0.0640884304093936
34552,86,1,1.0,0.0,instacart_grocery,4.465908118654584,False,-1,-0.0640884304093936
179762,86,1,1.0,0.0,instacart_grocery,4.465908118654584,False,-1,-0.0640884304093936
91270,86,1,1.0,0.0,instacart_grocery,4.465908118654584,False,-1,-0.0640884304093936
9500,86,1,1.0,0.0,instacart_grocery,4.465908118654584,False,-1,-0.0640884304093936
7267,86,1,1.0,0.0,instacart_grocery,4.465908118654584,False,-1,-0.0640884304093936
145253,86,1,1.0,0.0,instacart_grocery,4.465908118654584,False,-1,-0.0640884304093936
119078,86,1,1.0,0.0,instacart_grocery,4.465908118654584,False,-1,-0.0640884304093936
32229,86,1,1.0,0.0,instacart_grocery,4.465908118654584,False,-1,-0.0640884304093936
94455,86,1,1.0,0.0,instacart_grocery,4.465908118654584,False,-1,-0.0640884304093936
57518,86,1,1.0,0.0,instacart_grocery,4.465908118654584,False,-1,-0.0640884304093936
8737,86,1,1.0,0.0,instacart_grocery,4.465908118654584,False,-1,-0.0640884304093936
90235,86,1,1.0,0.0,instacart_grocery,4.465908118654584,False,-1,-0.0640884304093936
120168,86,1,1.0,0.0,instacart_grocery,4.465908118654584,False,-1,-0.0640884304093936
103419,86,1,1.0,0.0,instacart_grocery,4.465908118654584,False,-1,-0.0640884304093936
144542,86,1,1.0,0.0,instacart_grocery,4.465908118654584,False,-1,-0.0640884304093936
180023,86,1,1.0,0.0,instacart_grocery,4.465908118654584,False,-1,-0.0640884304093936
190250,86,1,1.0,0.0,instacart_grocery,4.465908118654584,False,-1,-0.0640884304093936
6933,86,1,1.0,0.0,instacart_grocery,4.465908118654584,False,-1,-0.0640884304093936
58979,86,1,1.0,0.0,instacart_grocery,4.465908118654584,False,-1,-0.0640884304093936
180937,86,1,1.0,0.0,instacart_grocery,4.465908118654584,False,-1,-0.0640884304093936
29386,86,1,1.0,0.0,instacart_grocery,4.465908118654584,False,-1,-0.0640884304093936
90415,86,1,1.0,0.0,instacart_grocery,4.465908118654584,False,-1,-0.0640884304093936
91160,86,1,1.0,0.0,instacart_grocery,4.465908118654584,False,-1,-0.0640884304093936
32270,86,1,1.0,0.0,instacart_grocery,4.465908118654584,False,-1,-0.0640884304093936
198085,86,1,1.0,0.0,instacart_grocery,4.465908118654584,False,-1,-0.0640884304093936
120726,86,1,1.0,0.0,instacart_grocery,4.465908118654584,False,-1,-0.0640884304093936
156420,86,1,1.0,0.0,instacart_grocery,4.465908118654584,False,-1,-0.0640884304093936
193823,86,1,1.0,0.0,instacart_grocery,4.465908118654584,False,-1,-0.0640884304093936
71834,86,1,1.0,0.0,instacart_grocery,4.465908118654584,False,-1,-0.0640884304093936
158669,86,1,1.0,0.0,instacart_grocery,4.465908118654584,False,-1,-0.0640884304093936
72380,86,1,1.0,0.0,instacart_grocery,4.465908118654584,False,-1,-0.0640884304093936
51162,86,1,1.0,0.0,instacart_grocery,4.465908118654584,False,-1,-0.0640884304093936
98810,86,1,1.0,0.0,instacart_grocery,4.465908118654584,False,-1,-0.0640884304093936
159909,86,1,1.0,0.0,instacart_grocery,4.465908118654584,False,-1,-0.0640884304093936
73342,86,1,1.0,0.0,instacart_grocery,4.465908118654584,False,-1,-0.0640884304093936
15447,86,1,1.0,0.0,instacart_grocery,4.465908118654584,False,-1,-0.0640884304093936
192512,86,1,1.0,0.0,instacart_grocery,4.465908118654584,False,-1,-0.0640884304093936
49808,86,1,1.0,0.0,instacart_grocery,4.465908118654584,False,-1,-0.0640884304093936
41698,86,1,1.0,0.0,instacart_grocery,4.465908118654584,False,-1,-0.0640884304093936
15968,86,1,1.0,0.0,instacart_grocery,4.465908118654584,False,-1,-0.0640884304093936
185953,86,1,1.0,0.0,instacart_grocery,4.465908118654584,False,-1,-0.0640884304093936
136590,86,1,1.0,0.0,instacart_grocery,4.465908118654584,False,-1,-0.0640884304093936
868,86,1,1.0,0.0,instacart_grocery,4.465908118654584,False,-1,-0.0640884304093936
47484,86,1,1.0,0.0,instacart_grocery,4.465908118654584,False,-1,-0.0640884304093936
188534,86,1,1.0,0.0,instacart_grocery,4.465908118654584,False,-1,-0.0640884304093936
164212,86,1,1.0,0.0,instacart_grocery,4.465908118654584,False,-1,-0.0640884304093936
105319,86,1,1.0,0.0,instacart_grocery,4.465908118654584,False,-1,-0.0640884304093936
81680,86,1,1.0,0.0,instacart_grocery,4.465908118654584,False,-1,-0.0640884304093936
47647,86,1,1.0,0.0,instacart_grocery,4.465908118654584,False,-1,-0.0640884304093936
172718,86,1,1.0,0.0,instacart_grocery,4.465908118654584,False,-1,-0.0640884304093936
133839,86,1,1.0,0.0,instacart_grocery,4.465908118654584,False,-1,-0.0640884304093936
127581,86,1,1.0,0.0,instacart_grocery,4.465908118654584,False,-1,-0.0640884304093936
2055,86,1,1.0,0.0,instacart_grocery,4.465908118654584,False,-1,-0.0640884304093936
132083,86,1,1.0,0.0,instacart_grocery,4.465908118654584,False,-1,-0.0640884304093936
74884,86,1,1.0,0.0,instacart_grocery,4.465908118654584,False,-1,-0.0640884304093936
42064,86,1,1.0,0.0,instacart_grocery,4.465908118654584,False,-1,-0.0640884304093936
100263,86,1,1.0,0.0,instacart_grocery,4.465908118654584,False,-1,-0.0640884304093936
187736,86,1,1.0,0.0,instacart_grocery,4.465908118654584,False,-1,-0.0640884304093936
91961,86,1,1.0,0.0,instacart_grocery,4.465908118654584,False,-1,-0.0640884304093936
84652,86,1,1.0,0.0,instacart_grocery,4.465908118654584,False,-1,-0.0640884304093936
173027,86,1,1.0,0.0,instacart_grocery,4.465908118654584,False,-1,-0.0640884304093936
194688,86,1,1.0,0.0,instacart_grocery,4.465908118654584,False,-1,-0.0640884304093936
54668,86,1,1.0,0.0,instacart_grocery,4.465908118654584,False,-1,-0.0640884304093936
154508,86,1,1.0,0.0,instacart_grocery,4.465908118654584,False,-1,-0.0640884304093936
190445,86,1,1.0,0.0,instacart_grocery,4.465908118654584,False,-1,-0.0640884304093936
152968,86,1,1.0,0.0,instacart_grocery,4.465908118654584,False,-1,-0.0640884304093936
111109,86,1,1.0,0.0,instacart_grocery,4.465908118654584,False,-1,-0.0640884304093936
12486,86,1,1.0,0.0,instacart_grocery,4.465908118654584,False,-1,-0.0640884304093936
36556,86,1,1.0,0.0,instacart_grocery,4.465908118654584,False,-1,-0.0640884304093936
79577,86,1,1.0,0.0,instacart_grocery,4.465908118654584,False,-1,-0.0640884304093936
173982,86,1,1.0,0.0,instacart_grocery,4.465908118654584,False,-1,-0.0640884304093936
38210,86,1,1.0,0.0,instacart_grocery,4.465908118654584,False,-1,-0.0640884304093936
95768,86,1,1.0,0.0,instacart_grocery,4.465908118654584,False,-1,-0.0640884304093936
152538,86,1,1.0,0.0,instacart_grocery,4.465908118654584,False,-1,-0.0640884304093936
152083,86,1,1.0,0.0,instacart_grocery,4.465908118654584,False,-1,-0.0640884304093936
67080,86,1,1.0,0.0,instacart_grocery,4.465908118654584,False,-1,-0.0640884304093936
103405,86,1,1.0,0.0,instacart_grocery,4.465908118654584,False,-1,-0.0640884304093936
19432,86,1,1.0,0.0,instacart_grocery,4.465908118654584,False,-1,-0.0640884304093936
103142,86,1,1.0,0.0,instacart_grocery,4.465908118654584,False,-1,-0.0640884304093936
18066,86,1,1.0,0.0,instacart_grocery,4.465908118654584,False,-1,-0.0640884304093936
111623,86,1,1.0,0.0,instacart_grocery,4.465908118654584,False,-1,-0.0640884304093936
148345,85,1,1.0,0.0,instacart_grocery,4.454347296253507,False,-1,-0.05892383458356243
178590,85,1,1.0,0.0,instacart_grocery,4.454347296253507,False,-1,-0.05892383458356243
201122,85,1,1.0,0.0,instacart_grocery,4.454347296253507,False,-1,-0.05892383458356243
199980,85,1,1.0,0.0,instacart_grocery,4.454347296253507,False,-1,-0.05892383458356243
163033,85,1,1.0,0.0,instacart_grocery,4.454347296253507,False,-1,-0.05892383458356243
199960,85,1,1.0,0.0,instacart_grocery,4.454347296253507,False,-1,-0.05892383458356243
57252,85,1,1.0,0.0,instacart_grocery,4.454347296253507,False,-1,-0.05892383458356243
169398,85,1,1.0,0.0,instacart_grocery,4.454347296253507,False,-1,-0.05892383458356243
47168,85,1,1.0,0.0,instacart_grocery,4.454347296253507,False,-1,-0.05892383458356243
6754,85,1,1.0,0.0,instacart_grocery,4.454347296253507,False,-1,-0.05892383458356243
175549,85,1,1.0,0.0,instacart_grocery,4.454347296253507,False,-1,-0.05892383458356243
43718,85,1,1.0,0.0,instacart_grocery,4.454347296253507,False,-1,-0.05892383458356243
148155,85,1,1.0,0.0,instacart_grocery,4.454347296253507,False,-1,-0.05892383458356243
162350,85,1,1.0,0.0,instacart_grocery,4.454347296253507,False,-1,-0.05892383458356243
199959,85,1,1.0,0.0,instacart_grocery,4.454347296253507,False,-1,-0.05892383458356243
59712,85,1,1.0,0.0,instacart_grocery,4.454347296253507,False,-1,-0.05892383458356243
153372,85,1,1.0,0.0,instacart_grocery,4.454347296253507,False,-1,-0.05892383458356243
172736,85,1,1.0,0.0,instacart_grocery,4.454347296253507,False,-1,-0.05892383458356243
44494,85,1,1.0,0.0,instacart_grocery,4.454347296253507,False,-1,-0.05892383458356243
110254,85,1,1.0,0.0,instacart_grocery,4.454347296253507,False,-1,-0.05892383458356243
114698,85,1,1.0,0.0,instacart_grocery,4.454347296253507,False,-1,-0.05892383458356243
39155,85,1,1.0,0.0,instacart_grocery,4.454347296253507,False,-1,-0.05892383458356243
165953,85,1,1.0,0.0,instacart_grocery,4.454347296253507,False,-1,-0.05892383458356243
173379,85,1,1.0,0.0,instacart_grocery,4.454347296253507,False,-1,-0.05892383458356243
57027,85,1,1.0,0.0,instacart_grocery,4.454347296253507,False,-1,-0.05892383458356243
149809,85,1,1.0,0.0,instacart_grocery,4.454347296253507,False,-1,-0.05892383458356243
3830,85,1,1.0,0.0,instacart_grocery,4.454347296253507,False,-1,-0.05892383458356243
201891,85,1,1.0,0.0,instacart_grocery,4.454347296253507,False,-1,-0.05892383458356243
51144,85,1,1.0,0.0,instacart_grocery,4.454347296253507,False,-1,-0.05892383458356243
203040,85,1,1.0,0.0,instacart_grocery,4.454347296253507,False,-1,-0.05892383458356243
59398,85,1,1.0,0.0,instacart_grocery,4.454347296253507,False,-1,-0.05892383458356243
115312,85,1,1.0,0.0,instacart_grocery,4.454347296253507,False,-1,-0.05892383458356243
201435,85,1,1.0,0.0,instacart_grocery,4.454347296253507,False,-1,-0.05892383458356243
103255,85,1,1.0,0.0,instacart_grocery,4.454347296253507,False,-1,-0.05892383458356243
33926,85,1,1.0,0.0,instacart_grocery,4.454347296253507,False,-1,-0.05892383458356243
164839,85,1,1.0,0.0,instacart_grocery,4.454347296253507,False,-1,-0.05892383458356243
2399,85,1,1.0,0.0,instacart_grocery,4.454347296253507,False,-1,-0.05892383458356243
101850,85,1,1.0,0.0,instacart_grocery,4.454347296253507,False,-1,-0.05892383458356243
117573,85,1,1.0,0.0,instacart_grocery,4.454347296253507,False,-1,-0.05892383458356243
186764,85,1,1.0,0.0,instacart_grocery,4.454347296253507,False,-1,-0.05892383458356243
185277,85,1,1.0,0.0,instacart_grocery,4.454347296253507,False,-1,-0.05892383458356243
23618,85,1,1.0,0.0,instacart_grocery,4.454347296253507,False,-1,-0.05892383458356243
138203,85,1,1.0,0.0,instacart_grocery,4.454347296253507,False,-1,-0.05892383458356243
126209,85,1,1.0,0.0,instacart_grocery,4.454347296253507,False,-1,-0.05892383458356243
28087,85,1,1.0,0.0,instacart_grocery,4.454347296253507,False,-1,-0.05892383458356243
182217,85,1,1.0,0.0,instacart_grocery,4.454347296253507,False,-1,-0.05892383458356243
23023,85,1,1.0,0.0,instacart_grocery,4.454347296253507,False,-1,-0.05892383458356243
14781,85,1,1.0,0.0,instacart_grocery,4.454347296253507,False,-1,-0.05892383458356243
143457,85,1,1.0,0.0,instacart_grocery,4.454347296253507,False,-1,-0.05892383458356243
66090,85,1,1.0,0.0,instacart_grocery,4.454347296253507,False,-1,-0.05892383458356243
127006,85,1,1.0,0.0,instacart_grocery,4.454347296253507,False,-1,-0.05892383458356243
25275,85,1,1.0,0.0,instacart_grocery,4.454347296253507,False,-1,-0.05892383458356243
73719,85,1,1.0,0.0,instacart_grocery,4.454347296253507,False,-1,-0.05892383458356243
65149,85,1,1.0,0.0,instacart_grocery,4.454347296253507,False,-1,-0.05892383458356243
196762,85,1,1.0,0.0,instacart_grocery,4.454347296253507,False,-1,-0.05892383458356243
145500,85,1,1.0,0.0,instacart_grocery,4.454347296253507,False,-1,-0.05892383458356243
10535,85,1,1.0,0.0,instacart_grocery,4.454347296253507,False,-1,-0.05892383458356243
125586,85,1,1.0,0.0,instacart_grocery,4.454347296253507,False,-1,-0.05892383458356243
184917,85,1,1.0,0.0,instacart_grocery,4.454347296253507,False,-1,-0.05892383458356243
27233,85,1,1.0,0.0,instacart_grocery,4.454347296253507,False,-1,-0.05892383458356243
140671,85,1,1.0,0.0,instacart_grocery,4.454347296253507,False,-1,-0.05892383458356243
69793,85,1,1.0,0.0,instacart_grocery,4.454347296253507,False,-1,-0.05892383458356243
13334,85,1,1.0,0.0,instacart_grocery,4.454347296253507,False,-1,-0.05892383458356243
13623,85,1,1.0,0.0,instacart_grocery,4.454347296253507,False,-1,-0.05892383458356243
24827,85,1,1.0,0.0,instacart_grocery,4.454347296253507,False,-1,-0.05892383458356243
85454,85,1,1.0,0.0,instacart_grocery,4.454347296253507,False,-1,-0.05892383458356243
122694,85,1,1.0,0.0,instacart_grocery,4.454347296253507,False,-1,-0.05892383458356243
139211,85,1,1.0,0.0,instacart_grocery,4.454347296253507,False,-1,-0.05892383458356243
141527,85,1,1.0,0.0,instacart_grocery,4.454347296253507,False,-1,-0.05892383458356243
68478,85,1,1.0,0.0,instacart_grocery,4.454347296253507,False,-1,-0.05892383458356243
71909,85,1,1.0,0.0,instacart_grocery,4.454347296253507,False,-1,-0.05892383458356243
87439,85,1,1.0,0.0,instacart_grocery,4.454347296253507,False,-1,-0.05892383458356243
68347,85,1,1.0,0.0,instacart_grocery,4.454347296253507,False,-1,-0.05892383458356243
184561,85,1,1.0,0.0,instacart_grocery,4.454347296253507,False,-1,-0.05892383458356243
11907,85,1,1.0,0.0,instacart_grocery,4.454347296253507,False,-1,-0.05892383458356243
138401,85,1,1.0,0.0,instacart_grocery,4.454347296253507,False,-1,-0.05892383458356243
14689,85,1,1.0,0.0,instacart_grocery,4.454347296253507,False,-1,-0.05892383458356243
187226,85,1,1.0,0.0,instacart_grocery,4.454347296253507,False,-1,-0.05892383458356243
134482,85,1,1.0,0.0,instacart_grocery,4.454347296253507,False,-1,-0.05892383458356243
10218,85,1,1.0,0.0,instacart_grocery,4.454347296253507,False,-1,-0.05892383458356243
12899,85,1,1.0,0.0,instacart_grocery,4.454347296253507,False,-1,-0.05892383458356243
128787,85,1,1.0,0.0,instacart_grocery,4.454347296253507,False,-1,-0.05892383458356243
17981,85,1,1.0,0.0,instacart_grocery,4.454347296253507,False,-1,-0.05892383458356243
19500,85,1,1.0,0.0,instacart_grocery,4.454347296253507,False,-1,-0.05892383458356243
146379,85,1,1.0,0.0,instacart_grocery,4.454347296253507,False,-1,-0.05892383458356243
61306,85,1,1.0,0.0,instacart_grocery,4.454347296253507,False,-1,-0.05892383458356243
147240,85,1,1.0,0.0,instacart_grocery,4.454347296253507,False,-1,-0.05892383458356243
132028,85,1,1.0,0.0,instacart_grocery,4.454347296253507,False,-1,-0.05892383458356243
80876,85,1,1.0,0.0,instacart_grocery,4.454347296253507,False,-1,-0.05892383458356243
188573,85,1,1.0,0.0,instacart_grocery,4.454347296253507,False,-1,-0.05892383458356243
179752,85,1,1.0,0.0,instacart_grocery,4.454347296253507,False,-1,-0.05892383458356243
20261,85,1,1.0,0.0,instacart_grocery,4.454347296253507,False,-1,-0.05892383458356243
77218,85,1,1.0,0.0,instacart_grocery,4.454347296253507,False,-1,-0.05892383458356243
129304,85,1,1.0,0.0,instacart_grocery,4.454347296253507,False,-1,-0.05892383458356243
17053,85,1,1.0,0.0,instacart_grocery,4.454347296253507,False,-1,-0.05892383458356243
117740,85,1,1.0,0.0,instacart_grocery,4.454347296253507,False,-1,-0.05892383458356243
189823,85,1,1.0,0.0,instacart_grocery,4.454347296253507,False,-1,-0.05892383458356243
62990,85,1,1.0,0.0,instacart_grocery,4.454347296253507,False,-1,-0.05892383458356243
134248,85,1,1.0,0.0,instacart_grocery,4.454347296253507,False,-1,-0.05892383458356243
147990,85,1,1.0,0.0,instacart_grocery,4.454347296253507,False,-1,-0.05892383458356243
139506,84,1,1.0,0.0,instacart_grocery,4.442651256490317,False,-1,-0.0584562290579661
86344,84,1,1.0,0.0,instacart_grocery,4.442651256490317,False,-1,-0.0584562290579661
110507,84,1,1.0,0.0,instacart_grocery,4.442651256490317,False,-1,-0.0584562290579661
44531,84,1,1.0,0.0,instacart_grocery,4.442651256490317,False,-1,-0.0584562290579661
53722,84,1,1.0,0.0,instacart_grocery,4.442651256490317,False,-1,-0.0584562290579661
80089,84,1,1.0,0.0,instacart_grocery,4.442651256490317,False,-1,-0.0584562290579661
184501,84,1,1.0,0.0,instacart_grocery,4.442651256490317,False,-1,-0.0584562290579661
166665,84,1,1.0,0.0,instacart_grocery,4.442651256490317,False,-1,-0.0584562290579661
109279,84,1,1.0,0.0,instacart_grocery,4.442651256490317,False,-1,-0.0584562290579661
84722,84,1,1.0,0.0,instacart_grocery,4.442651256490317,False,-1,-0.0584562290579661
189766,84,1,1.0,0.0,instacart_grocery,4.442651256490317,False,-1,-0.0584562290579661
129087,84,1,1.0,0.0,instacart_grocery,4.442651256490317,False,-1,-0.0584562290579661
51836,84,1,1.0,0.0,instacart_grocery,4.442651256490317,False,-1,-0.0584562290579661
109347,84,1,1.0,0.0,instacart_grocery,4.442651256490317,False,-1,-0.0584562290579661
130475,84,1,1.0,0.0,instacart_grocery,4.442651256490317,False,-1,-0.0584562290579661
172211,84,1,1.0,0.0,instacart_grocery,4.442651256490317,False,-1,-0.0584562290579661
53408,84,1,1.0,0.0,instacart_grocery,4.442651256490317,False,-1,-0.0584562290579661
194031,84,1,1.0,0.0,instacart_grocery,4.442651256490317,False,-1,-0.0584562290579661
103122,84,1,1.0,0.0,instacart_grocery,4.442651256490317,False,-1,-0.0584562290579661
33458,84,1,1.0,0.0,instacart_grocery,4.442651256490317,False,-1,-0.0584562290579661
18632,84,1,1.0,0.0,instacart_grocery,4.442651256490317,False,-1,-0.0584562290579661
166521,84,1,1.0,0.0,instacart_grocery,4.442651256490317,False,-1,-0.0584562290579661
103881,84,1,1.0,0.0,instacart_grocery,4.442651256490317,False,-1,-0.0584562290579661
157932,84,1,1.0,0.0,instacart_grocery,4.442651256490317,False,-1,-0.0584562290579661
13943,84,1,1.0,0.0,instacart_grocery,4.442651256490317,False,-1,-0.0584562290579661
78609,84,1,1.0,0.0,instacart_grocery,4.442651256490317,False,-1,-0.0584562290579661
184079,84,1,1.0,0.0,instacart_grocery,4.442651256490317,False,-1,-0.0584562290579661
204592,84,1,1.0,0.0,instacart_grocery,4.442651256490317,False,-1,-0.0584562290579661
205647,84,1,1.0,0.0,instacart_grocery,4.442651256490317,False,-1,-0.0584562290579661
101294,84,1,1.0,0.0,instacart_grocery,4.442651256490317,False,-1,-0.0584562290579661
106580,84,1,1.0,0.0,instacart_grocery,4.442651256490317,False,-1,-0.0584562290579661
47737,84,1,1.0,0.0,instacart_grocery,4.442651256490317,False,-1,-0.0584562290579661
163972,84,1,1.0,0.0,instacart_grocery,4.442651256490317,False,-1,-0.0584562290579661
169869,84,1,1.0,0.0,instacart_grocery,4.442651256490317,False,-1,-0.0584562290579661
42555,84,1,1.0,0.0,instacart_grocery,4.442651256490317,False,-1,-0.0584562290579661
127427,84,1,1.0,0.0,instacart_grocery,4.442651256490317,False,-1,-0.0584562290579661
186837,84,1,1.0,0.0,instacart_grocery,4.442651256490317,False,-1,-0.0584562290579661
187748,84,1,1.0,0.0,instacart_grocery,4.442651256490317,False,-1,-0.0584562290579661
48992,84,1,1.0,0.0,instacart_grocery,4.442651256490317,False,-1,-0.0584562290579661
204854,84,1,1.0,0.0,instacart_grocery,4.442651256490317,False,-1,-0.0584562290579661
74840,84,1,1.0,0.0,instacart_grocery,4.442651256490317,False,-1,-0.0584562290579661
82895,84,1,1.0,0.0,instacart_grocery,4.442651256490317,False,-1,-0.0584562290579661
186291,84,1,1.0,0.0,instacart_grocery,4.442651256490317,False,-1,-0.0584562290579661
83321,84,1,1.0,0.0,instacart_grocery,4.442651256490317,False,-1,-0.0584562290579661
81413,84,1,1.0,0.0,instacart_grocery,4.442651256490317,False,-1,-0.0584562290579661
185894,84,1,1.0,0.0,instacart_grocery,4.442651256490317,False,-1,-0.0584562290579661
3593,84,1,1.0,0.0,instacart_grocery,4.442651256490317,False,-1,-0.0584562290579661
78039,84,1,1.0,0.0,instacart_grocery,4.442651256490317,False,-1,-0.0584562290579661
41026,84,1,1.0,0.0,instacart_grocery,4.442651256490317,False,-1,-0.0584562290579661
203183,84,1,1.0,0.0,instacart_grocery,4.442651256490317,False,-1,-0.0584562290579661
854,84,1,1.0,0.0,instacart_grocery,4.442651256490317,False,-1,-0.0584562290579661
23029,84,1,1.0,0.0,instacart_grocery,4.442651256490317,False,-1,-0.0584562290579661
165669,84,1,1.0,0.0,instacart_grocery,4.442651256490317,False,-1,-0.0584562290579661
20130,84,1,1.0,0.0,instacart_grocery,4.442651256490317,False,-1,-0.0584562290579661
1075,84,1,1.0,0.0,instacart_grocery,4.442651256490317,False,-1,-0.0584562290579661
171188,84,1,1.0,0.0,instacart_grocery,4.442651256490317,False,-1,-0.0584562290579661
41126,84,1,1.0,0.0,instacart_grocery,4.442651256490317,False,-1,-0.0584562290579661
49934,84,1,1.0,0.0,instacart_grocery,4.442651256490317,False,-1,-0.0584562290579661
22913,84,1,1.0,0.0,instacart_grocery,4.442651256490317,False,-1,-0.0584562290579661
73545,84,1,1.0,0.0,instacart_grocery,4.442651256490317,False,-1,-0.0584562290579661
160613,84,1,1.0,0.0,instacart_grocery,4.442651256490317,False,-1,-0.0584562290579661
19829,84,1,1.0,0.0,instacart_grocery,4.442651256490317,False,-1,-0.0584562290579661
33483,84,1,1.0,0.0,instacart_grocery,4.442651256490317,False,-1,-0.0584562290579661
24530,84,1,1.0,0.0,instacart_grocery,4.442651256490317,False,-1,-0.0584562290579661
60336,84,1,1.0,0.0,instacart_grocery,4.442651256490317,False,-1,-0.0584562290579661
28999,84,1,1.0,0.0,instacart_grocery,4.442651256490317,False,-1,-0.0584562290579661
11431,84,1,1.0,0.0,instacart_grocery,4.442651256490317,False,-1,-0.0584562290579661
87170,84,1,1.0,0.0,instacart_grocery,4.442651256490317,False,-1,-0.0584562290579661
151570,84,1,1.0,0.0,instacart_grocery,4.442651256490317,False,-1,-0.0584562290579661
143415,84,1,1.0,0.0,instacart_grocery,4.442651256490317,False,-1,-0.0584562290579661
141174,84,1,1.0,0.0,instacart_grocery,4.442651256490317,False,-1,-0.0584562290579661
27992,84,1,1.0,0.0,instacart_grocery,4.442651256490317,False,-1,-0.0584562290579661
64372,84,1,1.0,0.0,instacart_grocery,4.442651256490317,False,-1,-0.0584562290579661
143057,84,1,1.0,0.0,instacart_grocery,4.442651256490317,False,-1,-0.0584562290579661
26536,84,1,1.0,0.0,instacart_grocery,4.442651256490317,False,-1,-0.0584562290579661
148993,84,1,1.0,0.0,instacart_grocery,4.442651256490317,False,-1,-0.0584562290579661
95648,84,1,1.0,0.0,instacart_grocery,4.442651256490317,False,-1,-0.0584562290579661
114711,84,1,1.0,0.0,instacart_grocery,4.442651256490317,False,-1,-0.0584562290579661
142427,84,1,1.0,0.0,instacart_grocery,4.442651256490317,False,-1,-0.0584562290579661
36464,84,1,1.0,0.0,instacart_grocery,4.442651256490317,False,-1,-0.0584562290579661
146561,84,1,1.0,0.0,instacart_grocery,4.442651256490317,False,-1,-0.0584562290579661
31811,84,1,1.0,0.0,instacart_grocery,4.442651256490317,False,-1,-0.0584562290579661
195176,84,1,1.0,0.0,instacart_grocery,4.442651256490317,False,-1,-0.0584562290579661
122557,84,1,1.0,0.0,instacart_grocery,4.442651256490317,False,-1,-0.0584562290579661
64112,84,1,1.0,0.0,instacart_grocery,4.442651256490317,False,-1,-0.0584562290579661
62883,84,1,1.0,0.0,instacart_grocery,4.442651256490317,False,-1,-0.0584562290579661
60430,84,1,1.0,0.0,instacart_grocery,4.442651256490317,False,-1,-0.0584562290579661
65897,84,1,1.0,0.0,instacart_grocery,4.442651256490317,False,-1,-0.0584562290579661
173344,84,1,1.0,0.0,instacart_grocery,4.442651256490317,False,-1,-0.0584562290579661
140819,84,1,1.0,0.0,instacart_grocery,4.442651256490317,False,-1,-0.0584562290579661
60828,84,1,1.0,0.0,instacart_grocery,4.442651256490317,False,-1,-0.0584562290579661
54471,84,1,1.0,0.0,instacart_grocery,4.442651256490317,False,-1,-0.0584562290579661
116571,84,1,1.0,0.0,instacart_grocery,4.442651256490317,False,-1,-0.0584562290579661
150784,84,1,1.0,0.0,instacart_grocery,4.442651256490317,False,-1,-0.0584562290579661
180743,84,1,1.0,0.0,instacart_grocery,4.442651256490317,False,-1,-0.0584562290579661
69493,84,1,1.0,0.0,instacart_grocery,4.442651256490317,False,-1,-0.0584562290579661
25481,84,1,1.0,0.0,instacart_grocery,4.442651256490317,False,-1,-0.0584562290579661
87000,84,1,1.0,0.0,instacart_grocery,4.442651256490317,False,-1,-0.0584562290579661
92332,84,1,1.0,0.0,instacart_grocery,4.442651256490317,False,-1,-0.0584562290579661
177006,83,1,1.0,0.0,instacart_grocery,4.430816798843313,False,-1,-0.056787510277130915
63777,83,1,1.0,0.0,instacart_grocery,4.430816798843313,False,-1,-0.056787510277130915
74358,83,1,1.0,0.0,instacart_grocery,4.430816798843313,False,-1,-0.056787510277130915
180193,83,1,1.0,0.0,instacart_grocery,4.430816798843313,False,-1,-0.056787510277130915
100182,83,1,1.0,0.0,instacart_grocery,4.430816798843313,False,-1,-0.056787510277130915
31189,83,1,1.0,0.0,instacart_grocery,4.430816798843313,False,-1,-0.056787510277130915
135222,83,1,1.0,0.0,instacart_grocery,4.430816798843313,False,-1,-0.056787510277130915
101021,83,1,1.0,0.0,instacart_grocery,4.430816798843313,False,-1,-0.056787510277130915
183844,83,1,1.0,0.0,instacart_grocery,4.430816798843313,False,-1,-0.056787510277130915
30024,83,1,1.0,0.0,instacart_grocery,4.430816798843313,False,-1,-0.056787510277130915
204103,83,1,1.0,0.0,instacart_grocery,4.430816798843313,False,-1,-0.056787510277130915
42044,83,1,1.0,0.0,instacart_grocery,4.430816798843313,False,-1,-0.056787510277130915
1776,83,1,1.0,0.0,instacart_grocery,4.430816798843313,False,-1,-0.056787510277130915
107107,83,1,1.0,0.0,instacart_grocery,4.430816798843313,False,-1,-0.056787510277130915
82516,83,1,1.0,0.0,instacart_grocery,4.430816798843313,False,-1,-0.056787510277130915
42892,83,1,1.0,0.0,instacart_grocery,4.430816798843313,False,-1,-0.056787510277130915
16554,83,1,1.0,0.0,instacart_grocery,4.430816798843313,False,-1,-0.056787510277130915
31096,83,1,1.0,0.0,instacart_grocery,4.430816798843313,False,-1,-0.056787510277130915
90958,83,1,1.0,0.0,instacart_grocery,4.430816798843313,False,-1,-0.056787510277130915
127708,83,1,1.0,0.0,instacart_grocery,4.430816798843313,False,-1,-0.056787510277130915
116466,83,1,1.0,0.0,instacart_grocery,4.430816798843313,False,-1,-0.056787510277130915
60425,83,1,1.0,0.0,instacart_grocery,4.430816798843313,False,-1,-0.056787510277130915
166374,83,1,1.0,0.0,instacart_grocery,4.430816798843313,False,-1,-0.056787510277130915
129647,83,1,1.0,0.0,instacart_grocery,4.430816798843313,False,-1,-0.056787510277130915
116845,83,1,1.0,0.0,instacart_grocery,4.430816798843313,False,-1,-0.056787510277130915
147936,83,1,1.0,0.0,instacart_grocery,4.430816798843313,False,-1,-0.056787510277130915
147372,83,1,1.0,0.0,instacart_grocery,4.430816798843313,False,-1,-0.056787510277130915
78343,83,1,1.0,0.0,instacart_grocery,4.430816798843313,False,-1,-0.056787510277130915
117182,83,1,1.0,0.0,instacart_grocery,4.430816798843313,False,-1,-0.056787510277130915
92638,83,1,1.0,0.0,instacart_grocery,4.430816798843313,False,-1,-0.056787510277130915
79289,83,1,1.0,0.0,instacart_grocery,4.430816798843313,False,-1,-0.056787510277130915
131416,83,1,1.0,0.0,instacart_grocery,4.430816798843313,False,-1,-0.056787510277130915
197970,83,1,1.0,0.0,instacart_grocery,4.430816798843313,False,-1,-0.056787510277130915
103118,83,1,1.0,0.0,instacart_grocery,4.430816798843313,False,-1,-0.056787510277130915
165365,83,1,1.0,0.0,instacart_grocery,4.430816798843313,False,-1,-0.056787510277130915
32451,83,1,1.0,0.0,instacart_grocery,4.430816798843313,False,-1,-0.056787510277130915
496,83,1,1.0,0.0,instacart_grocery,4.430816798843313,False,-1,-0.056787510277130915
164941,83,1,1.0,0.0,instacart_grocery,4.430816798843313,False,-1,-0.056787510277130915
148694,83,1,1.0,0.0,instacart_grocery,4.430816798843313,False,-1,-0.056787510277130915
91120,83,1,1.0,0.0,instacart_grocery,4.430816798843313,False,-1,-0.056787510277130915
190870,83,1,1.0,0.0,instacart_grocery,4.430816798843313,False,-1,-0.056787510277130915
91105,83,1,1.0,0.0,instacart_grocery,4.430816798843313,False,-1,-0.056787510277130915
168921,83,1,1.0,0.0,instacart_grocery,4.430816798843313,False,-1,-0.056787510277130915
161897,83,1,1.0,0.0,instacart_grocery,4.430816798843313,False,-1,-0.056787510277130915
77788,83,1,1.0,0.0,instacart_grocery,4.430816798843313,False,-1,-0.056787510277130915
32118,83,1,1.0,0.0,instacart_grocery,4.430816798843313,False,-1,-0.056787510277130915
115121,83,1,1.0,0.0,instacart_grocery,4.430816798843313,False,-1,-0.056787510277130915
127663,83,1,1.0,0.0,instacart_grocery,4.430816798843313,False,-1,-0.056787510277130915
170588,83,1,1.0,0.0,instacart_grocery,4.430816798843313,False,-1,-0.056787510277130915
135854,83,1,1.0,0.0,instacart_grocery,4.430816798843313,False,-1,-0.056787510277130915
153702,83,1,1.0,0.0,instacart_grocery,4.430816798843313,False,-1,-0.056787510277130915
28980,83,1,1.0,0.0,instacart_grocery,4.430816798843313,False,-1,-0.056787510277130915
182017,83,1,1.0,0.0,instacart_grocery,4.430816798843313,False,-1,-0.056787510277130915
112450,83,1,1.0,0.0,instacart_grocery,4.430816798843313,False,-1,-0.056787510277130915
97609,83,1,1.0,0.0,instacart_grocery,4.430816798843313,False,-1,-0.056787510277130915
160489,83,1,1.0,0.0,instacart_grocery,4.430816798843313,False,-1,-0.056787510277130915
52701,83,1,1.0,0.0,instacart_grocery,4.430816798843313,False,-1,-0.056787510277130915
111687,83,1,1.0,0.0,instacart_grocery,4.430816798843313,False,-1,-0.056787510277130915
182595,83,1,1.0,0.0,instacart_grocery,4.430816798843313,False,-1,-0.056787510277130915
50583,83,1,1.0,0.0,instacart_grocery,4.430816798843313,False,-1,-0.056787510277130915
40658,83,1,1.0,0.0,instacart_grocery,4.430816798843313,False,-1,-0.056787510277130915
152158,83,1,1.0,0.0,instacart_grocery,4.430816798843313,False,-1,-0.056787510277130915
37410,83,1,1.0,0.0,instacart_grocery,4.430816798843313,False,-1,-0.056787510277130915
110040,83,1,1.0,0.0,instacart_grocery,4.430816798843313,False,-1,-0.056787510277130915
183173,83,1,1.0,0.0,instacart_grocery,4.430816798843313,False,-1,-0.056787510277130915
67207,83,1,1.0,0.0,instacart_grocery,4.430816798843313,False,-1,-0.056787510277130915
138284,83,1,1.0,0.0,instacart_grocery,4.430816798843313,False,-1,-0.056787510277130915
24565,83,1,1.0,0.0,instacart_grocery,4.430816798843313,False,-1,-0.056787510277130915
172661,83,1,1.0,0.0,instacart_grocery,4.430816798843313,False,-1,-0.056787510277130915
186377,83,1,1.0,0.0,instacart_grocery,4.430816798843313,False,-1,-0.056787510277130915
158656,83,1,1.0,0.0,instacart_grocery,4.430816798843313,False,-1,-0.056787510277130915
151361,83,1,1.0,0.0,instacart_grocery,4.430816798843313,False,-1,-0.056787510277130915
124949,83,1,1.0,0.0,instacart_grocery,4.430816798843313,False,-1,-0.056787510277130915
123327,83,1,1.0,0.0,instacart_grocery,4.430816798843313,False,-1,-0.056787510277130915
199928,83,1,1.0,0.0,instacart_grocery,4.430816798843313,False,-1,-0.056787510277130915
86669,83,1,1.0,0.0,instacart_grocery,4.430816798843313,False,-1,-0.056787510277130915
11997,83,1,1.0,0.0,instacart_grocery,4.430816798843313,False,-1,-0.056787510277130915
139823,83,1,1.0,0.0,instacart_grocery,4.430816798843313,False,-1,-0.056787510277130915
139891,83,1,1.0,0.0,instacart_grocery,4.430816798843313,False,-1,-0.056787510277130915
4345,83,1,1.0,0.0,instacart_grocery,4.430816798843313,False,-1,-0.056787510277130915
53475,83,1,1.0,0.0,instacart_grocery,4.430816798843313,False,-1,-0.056787510277130915
73429,83,1,1.0,0.0,instacart_grocery,4.430816798843313,False,-1,-0.056787510277130915
35583,83,1,1.0,0.0,instacart_grocery,4.430816798843313,False,-1,-0.056787510277130915
126687,83,1,1.0,0.0,instacart_grocery,4.430816798843313,False,-1,-0.056787510277130915
83705,83,1,1.0,0.0,instacart_grocery,4.430816798843313,False,-1,-0.056787510277130915
53393,83,1,1.0,0.0,instacart_grocery,4.430816798843313,False,-1,-0.056787510277130915
132006,82,1,1.0,0.0,instacart_grocery,4.418840607796598,False,-1,-0.05515732708641352
109875,82,1,1.0,0.0,instacart_grocery,4.418840607796598,False,-1,-0.05515732708641352
111651,82,1,1.0,0.0,instacart_grocery,4.418840607796598,False,-1,-0.05515732708641352
168641,82,1,1.0,0.0,instacart_grocery,4.418840607796598,False,-1,-0.05515732708641352
124888,82,1,1.0,0.0,instacart_grocery,4.418840607796598,False,-1,-0.05515732708641352
109434,82,1,1.0,0.0,instacart_grocery,4.418840607796598,False,-1,-0.05515732708641352
203634,82,1,1.0,0.0,instacart_grocery,4.418840607796598,False,-1,-0.05515732708641352
117841,82,1,1.0,0.0,instacart_grocery,4.418840607796598,False,-1,-0.05515732708641352
148658,82,1,1.0,0.0,instacart_grocery,4.418840607796598,False,-1,-0.05515732708641352
183267,82,1,1.0,0.0,instacart_grocery,4.418840607796598,False,-1,-0.05515732708641352
194006,82,1,1.0,0.0,instacart_grocery,4.418840607796598,False,-1,-0.05515732708641352
194025,82,1,1.0,0.0,instacart_grocery,4.418840607796598,False,-1,-0.05515732708641352
183273,82,1,1.0,0.0,instacart_grocery,4.418840607796598,False,-1,-0.05515732708641352
110980,82,1,1.0,0.0,instacart_grocery,4.418840607796598,False,-1,-0.05515732708641352
154837,82,1,1.0,0.0,instacart_grocery,4.418840607796598,False,-1,-0.05515732708641352
155209,82,1,1.0,0.0,instacart_grocery,4.418840607796598,False,-1,-0.05515732708641352
205983,82,1,1.0,0.0,instacart_grocery,4.418840607796598,False,-1,-0.05515732708641352
179286,82,1,1.0,0.0,instacart_grocery,4.418840607796598,False,-1,-0.05515732708641352
172327,82,1,1.0,0.0,instacart_grocery,4.418840607796598,False,-1,-0.05515732708641352
205147,82,1,1.0,0.0,instacart_grocery,4.418840607796598,False,-1,-0.05515732708641352
132363,82,1,1.0,0.0,instacart_grocery,4.418840607796598,False,-1,-0.05515732708641352
134901,82,1,1.0,0.0,instacart_grocery,4.418840607796598,False,-1,-0.05515732708641352
170857,82,1,1.0,0.0,instacart_grocery,4.418840607796598,False,-1,-0.05515732708641352
145950,82,1,1.0,0.0,instacart_grocery,4.418840607796598,False,-1,-0.05515732708641352
108249,82,1,1.0,0.0,instacart_grocery,4.418840607796598,False,-1,-0.05515732708641352
170039,82,1,1.0,0.0,instacart_grocery,4.418840607796598,False,-1,-0.05515732708641352
135193,82,1,1.0,0.0,instacart_grocery,4.418840607796598,False,-1,-0.05515732708641352
176261,82,1,1.0,0.0,instacart_grocery,4.418840607796598,False,-1,-0.05515732708641352
175647,82,1,1.0,0.0,instacart_grocery,4.418840607796598,False,-1,-0.05515732708641352
196317,82,1,1.0,0.0,instacart_grocery,4.418840607796598,False,-1,-0.05515732708641352
135814,82,1,1.0,0.0,instacart_grocery,4.418840607796598,False,-1,-0.05515732708641352
186650,82,1,1.0,0.0,instacart_grocery,4.418840607796598,False,-1,-0.05515732708641352
196421,82,1,1.0,0.0,instacart_grocery,4.418840607796598,False,-1,-0.05515732708641352
170435,82,1,1.0,0.0,instacart_grocery,4.418840607796598,False,-1,-0.05515732708641352
203399,82,1,1.0,0.0,instacart_grocery,4.418840607796598,False,-1,-0.05515732708641352
120161,82,1,1.0,0.0,instacart_grocery,4.418840607796598,False,-1,-0.05515732708641352
134730,82,1,1.0,0.0,instacart_grocery,4.418840607796598,False,-1,-0.05515732708641352
171919,82,1,1.0,0.0,instacart_grocery,4.418840607796598,False,-1,-0.05515732708641352
150028,82,1,1.0,0.0,instacart_grocery,4.418840607796598,False,-1,-0.05515732708641352
185441,82,1,1.0,0.0,instacart_grocery,4.418840607796598,False,-1,-0.05515732708641352
128388,82,1,1.0,0.0,instacart_grocery,4.418840607796598,False,-1,-0.05515732708641352
132686,82,1,1.0,0.0,instacart_grocery,4.418840607796598,False,-1,-0.05515732708641352
146737,82,1,1.0,0.0,instacart_grocery,4.418840607796598,False,-1,-0.05515732708641352
190964,82,1,1.0,0.0,instacart_grocery,4.418840607796598,False,-1,-0.05515732708641352
149075,82,1,1.0,0.0,instacart_grocery,4.418840607796598,False,-1,-0.05515732708641352
121855,82,1,1.0,0.0,instacart_grocery,4.418840607796598,False,-1,-0.05515732708641352
197551,82,1,1.0,0.0,instacart_grocery,4.418840607796598,False,-1,-0.05515732708641352
115032,82,1,1.0,0.0,instacart_grocery,4.418840607796598,False,-1,-0.05515732708641352
142443,82,1,1.0,0.0,instacart_grocery,4.418840607796598,False,-1,-0.05515732708641352
191465,82,1,1.0,0.0,instacart_grocery,4.418840607796598,False,-1,-0.05515732708641352
193040,82,1,1.0,0.0,instacart_grocery,4.418840607796598,False,-1,-0.05515732708641352
187716,82,1,1.0,0.0,instacart_grocery,4.418840607796598,False,-1,-0.05515732708641352
200434,82,1,1.0,0.0,instacart_grocery,4.418840607796598,False,-1,-0.05515732708641352
118530,82,1,1.0,0.0,instacart_grocery,4.418840607796598,False,-1,-0.05515732708641352
108794,82,1,1.0,0.0,instacart_grocery,4.418840607796598,False,-1,-0.05515732708641352
106701,82,1,1.0,0.0,instacart_grocery,4.418840607796598,False,-1,-0.05515732708641352
154977,82,1,1.0,0.0,instacart_grocery,4.418840607796598,False,-1,-0.05515732708641352
27,82,1,1.0,0.0,instacart_grocery,4.418840607796598,False,-1,-0.05515732708641352
97794,82,1,1.0,0.0,instacart_grocery,4.418840607796598,False,-1,-0.05515732708641352
44285,82,1,1.0,0.0,instacart_grocery,4.418840607796598,False,-1,-0.05515732708641352
49551,82,1,1.0,0.0,instacart_grocery,4.418840607796598,False,-1,-0.05515732708641352
40669,82,1,1.0,0.0,instacart_grocery,4.418840607796598,False,-1,-0.05515732708641352
52740,82,1,1.0,0.0,instacart_grocery,4.418840607796598,False,-1,-0.05515732708641352
59112,82,1,1.0,0.0,instacart_grocery,4.418840607796598,False,-1,-0.05515732708641352
79238,82,1,1.0,0.0,instacart_grocery,4.418840607796598,False,-1,-0.05515732708641352
28477,82,1,1.0,0.0,instacart_grocery,4.418840607796598,False,-1,-0.05515732708641352
49240,82,1,1.0,0.0,instacart_grocery,4.418840607796598,False,-1,-0.05515732708641352
27959,82,1,1.0,0.0,instacart_grocery,4.418840607796598,False,-1,-0.05515732708641352
27291,82,1,1.0,0.0,instacart_grocery,4.418840607796598,False,-1,-0.05515732708641352
10429,82,1,1.0,0.0,instacart_grocery,4.418840607796598,False,-1,-0.05515732708641352
3880,82,1,1.0,0.0,instacart_grocery,4.418840607796598,False,-1,-0.05515732708641352
25886,82,1,1.0,0.0,instacart_grocery,4.418840607796598,False,-1,-0.05515732708641352
93461,82,1,1.0,0.0,instacart_grocery,4.418840607796598,False,-1,-0.05515732708641352
3269,82,1,1.0,0.0,instacart_grocery,4.418840607796598,False,-1,-0.05515732708641352
48466,82,1,1.0,0.0,instacart_grocery,4.418840607796598,False,-1,-0.05515732708641352
92825,82,1,1.0,0.0,instacart_grocery,4.418840607796598,False,-1,-0.05515732708641352
11236,82,1,1.0,0.0,instacart_grocery,4.418840607796598,False,-1,-0.05515732708641352
42539,82,1,1.0,0.0,instacart_grocery,4.418840607796598,False,-1,-0.05515732708641352
18374,82,1,1.0,0.0,instacart_grocery,4.418840607796598,False,-1,-0.05515732708641352
83731,82,1,1.0,0.0,instacart_grocery,4.418840607796598,False,-1,-0.05515732708641352
84047,82,1,1.0,0.0,instacart_grocery,4.418840607796598,False,-1,-0.05515732708641352
65945,82,1,1.0,0.0,instacart_grocery,4.418840607796598,False,-1,-0.05515732708641352
19875,82,1,1.0,0.0,instacart_grocery,4.418840607796598,False,-1,-0.05515732708641352
2688,82,1,1.0,0.0,instacart_grocery,4.418840607796598,False,-1,-0.05515732708641352
2225,82,1,1.0,0.0,instacart_grocery,4.418840607796598,False,-1,-0.05515732708641352
86866,82,1,1.0,0.0,instacart_grocery,4.418840607796598,False,-1,-0.05515732708641352
97846,82,1,1.0,0.0,instacart_grocery,4.418840607796598,False,-1,-0.05515732708641352
60884,82,1,1.0,0.0,instacart_grocery,4.418840607796598,False,-1,-0.05515732708641352
3418,82,1,1.0,0.0,instacart_grocery,4.418840607796598,False,-1,-0.05515732708641352
39801,82,1,1.0,0.0,instacart_grocery,4.418840607796598,False,-1,-0.05515732708641352
94316,82,1,1.0,0.0,instacart_grocery,4.418840607796598,False,-1,-0.05515732708641352
17918,82,1,1.0,0.0,instacart_grocery,4.418840607796598,False,-1,-0.05515732708641352
57013,82,1,1.0,0.0,instacart_grocery,4.418840607796598,False,-1,-0.05515732708641352
72668,82,1,1.0,0.0,instacart_grocery,4.418840607796598,False,-1,-0.05515732708641352
50700,82,1,1.0,0.0,instacart_grocery,4.418840607796598,False,-1,-0.05515732708641352
72762,82,1,1.0,0.0,instacart_grocery,4.418840607796598,False,-1,-0.05515732708641352
37171,82,1,1.0,0.0,instacart_grocery,4.418840607796598,False,-1,-0.05515732708641352
73026,82,1,1.0,0.0,instacart_grocery,4.418840607796598,False,-1,-0.05515732708641352
37577,82,1,1.0,0.0,instacart_grocery,4.418840607796598,False,-1,-0.05515732708641352
17679,82,1,1.0,0.0,instacart_grocery,4.418840607796598,False,-1,-0.05515732708641352
73358,82,1,1.0,0.0,instacart_grocery,4.418840607796598,False,-1,-0.05515732708641352
73969,82,1,1.0,0.0,instacart_grocery,4.418840607796598,False,-1,-0.05515732708641352
50652,82,1,1.0,0.0,instacart_grocery,4.418840607796598,False,-1,-0.05515732708641352
95553,82,1,1.0,0.0,instacart_grocery,4.418840607796598,False,-1,-0.05515732708641352
8747,82,1,1.0,0.0,instacart_grocery,4.418840607796598,False,-1,-0.05515732708641352
17964,82,1,1.0,0.0,instacart_grocery,4.418840607796598,False,-1,-0.05515732708641352
74692,82,1,1.0,0.0,instacart_grocery,4.418840607796598,False,-1,-0.05515732708641352
86322,82,1,1.0,0.0,instacart_grocery,4.418840607796598,False,-1,-0.05515732708641352
72109,82,1,1.0,0.0,instacart_grocery,4.418840607796598,False,-1,-0.05515732708641352
39358,82,1,1.0,0.0,instacart_grocery,4.418840607796598,False,-1,-0.05515732708641352
50262,82,1,1.0,0.0,instacart_grocery,4.418840607796598,False,-1,-0.05515732708641352
32328,82,1,1.0,0.0,instacart_grocery,4.418840607796598,False,-1,-0.05515732708641352
69671,82,1,1.0,0.0,instacart_grocery,4.418840607796598,False,-1,-0.05515732708641352
70449,82,1,1.0,0.0,instacart_grocery,4.418840607796598,False,-1,-0.05515732708641352
38999,82,1,1.0,0.0,instacart_grocery,4.418840607796598,False,-1,-0.05515732708641352
102960,82,1,1.0,0.0,instacart_grocery,4.418840607796598,False,-1,-0.05515732708641352
50436,82,1,1.0,0.0,instacart_grocery,4.418840607796598,False,-1,-0.05515732708641352
5377,82,1,1.0,0.0,instacart_grocery,4.418840607796598,False,-1,-0.05515732708641352
57559,82,1,1.0,0.0,instacart_grocery,4.418840607796598,False,-1,-0.05515732708641352
119278,81,1,1.0,0.0,instacart_grocery,4.406719247264253,False,-1,-0.05422752559174715
89782,81,1,1.0,0.0,instacart_grocery,4.406719247264253,False,-1,-0.05422752559174715
62133,81,1,1.0,0.0,instacart_grocery,4.406719247264253,False,-1,-0.05422752559174715
120166,81,1,1.0,0.0,instacart_grocery,4.406719247264253,False,-1,-0.05422752559174715
46272,81,1,1.0,0.0,instacart_grocery,4.406719247264253,False,-1,-0.05422752559174715
89513,81,1,1.0,0.0,instacart_grocery,4.406719247264253,False,-1,-0.05422752559174715
192941,81,1,1.0,0.0,instacart_grocery,4.406719247264253,False,-1,-0.05422752559174715
90652,81,1,1.0,0.0,instacart_grocery,4.406719247264253,False,-1,-0.05422752559174715
62568,81,1,1.0,0.0,instacart_grocery,4.406719247264253,False,-1,-0.05422752559174715
16118,81,1,1.0,0.0,instacart_grocery,4.406719247264253,False,-1,-0.05422752559174715
59577,81,1,1.0,0.0,instacart_grocery,4.406719247264253,False,-1,-0.05422752559174715
194102,81,1,1.0,0.0,instacart_grocery,4.406719247264253,False,-1,-0.05422752559174715
51129,81,1,1.0,0.0,instacart_grocery,4.406719247264253,False,-1,-0.05422752559174715
199337,81,1,1.0,0.0,instacart_grocery,4.406719247264253,False,-1,-0.05422752559174715
95309,81,1,1.0,0.0,instacart_grocery,4.406719247264253,False,-1,-0.05422752559174715
95222,81,1,1.0,0.0,instacart_grocery,4.406719247264253,False,-1,-0.05422752559174715
112128,81,1,1.0,0.0,instacart_grocery,4.406719247264253,False,-1,-0.05422752559174715
160076,81,1,1.0,0.0,instacart_grocery,4.406719247264253,False,-1,-0.05422752559174715
112559,81,1,1.0,0.0,instacart_grocery,4.406719247264253,False,-1,-0.05422752559174715
50174,81,1,1.0,0.0,instacart_grocery,4.406719247264253,False,-1,-0.05422752559174715
161556,81,1,1.0,0.0,instacart_grocery,4.406719247264253,False,-1,-0.05422752559174715
197300,81,1,1.0,0.0,instacart_grocery,4.406719247264253,False,-1,-0.05422752559174715
93638,81,1,1.0,0.0,instacart_grocery,4.406719247264253,False,-1,-0.05422752559174715
149074,81,1,1.0,0.0,instacart_grocery,4.406719247264253,False,-1,-0.05422752559174715
92521,81,1,1.0,0.0,instacart_grocery,4.406719247264253,False,-1,-0.05422752559174715
195326,81,1,1.0,0.0,instacart_grocery,4.406719247264253,False,-1,-0.05422752559174715
48292,81,1,1.0,0.0,instacart_grocery,4.406719247264253,False,-1,-0.05422752559174715
91908,81,1,1.0,0.0,instacart_grocery,4.406719247264253,False,-1,-0.05422752559174715
91880,81,1,1.0,0.0,instacart_grocery,4.406719247264253,False,-1,-0.05422752559174715
148607,81,1,1.0,0.0,instacart_grocery,4.406719247264253,False,-1,-0.05422752559174715
91601,81,1,1.0,0.0,instacart_grocery,4.406719247264253,False,-1,-0.05422752559174715
91573,81,1,1.0,0.0,instacart_grocery,4.406719247264253,False,-1,-0.05422752559174715
194573,81,1,1.0,0.0,instacart_grocery,4.406719247264253,False,-1,-0.05422752559174715
91049,81,1,1.0,0.0,instacart_grocery,4.406719247264253,False,-1,-0.05422752559174715
120216,81,1,1.0,0.0,instacart_grocery,4.406719247264253,False,-1,-0.05422752559174715
103604,81,1,1.0,0.0,instacart_grocery,4.406719247264253,False,-1,-0.05422752559174715
17001,81,1,1.0,0.0,instacart_grocery,4.406719247264253,False,-1,-0.05422752559174715
79586,81,1,1.0,0.0,instacart_grocery,4.406719247264253,False,-1,-0.05422752559174715
171196,81,1,1.0,0.0,instacart_grocery,4.406719247264253,False,-1,-0.05422752559174715
78718,81,1,1.0,0.0,instacart_grocery,4.406719247264253,False,-1,-0.05422752559174715
30096,81,1,1.0,0.0,instacart_grocery,4.406719247264253,False,-1,-0.05422752559174715
30593,81,1,1.0,0.0,instacart_grocery,4.406719247264253,False,-1,-0.05422752559174715
78147,81,1,1.0,0.0,instacart_grocery,4.406719247264253,False,-1,-0.05422752559174715
180156,81,1,1.0,0.0,instacart_grocery,4.406719247264253,False,-1,-0.05422752559174715
132274,81,1,1.0,0.0,instacart_grocery,4.406719247264253,False,-1,-0.05422752559174715
141181,81,1,1.0,0.0,instacart_grocery,4.406719247264253,False,-1,-0.05422752559174715
179516,81,1,1.0,0.0,instacart_grocery,4.406719247264253,False,-1,-0.05422752559174715
178947,81,1,1.0,0.0,instacart_grocery,4.406719247264253,False,-1,-0.05422752559174715
170941,81,1,1.0,0.0,instacart_grocery,4.406719247264253,False,-1,-0.05422752559174715
33799,81,1,1.0,0.0,instacart_grocery,4.406719247264253,False,-1,-0.05422752559174715
134599,81,1,1.0,0.0,instacart_grocery,4.406719247264253,False,-1,-0.05422752559174715
134895,81,1,1.0,0.0,instacart_grocery,4.406719247264253,False,-1,-0.05422752559174715
135490,81,1,1.0,0.0,instacart_grocery,4.406719247264253,False,-1,-0.05422752559174715
34768,81,1,1.0,0.0,instacart_grocery,4.406719247264253,False,-1,-0.05422752559174715
136094,81,1,1.0,0.0,instacart_grocery,4.406719247264253,False,-1,-0.05422752559174715
139935,81,1,1.0,0.0,instacart_grocery,4.406719247264253,False,-1,-0.05422752559174715
139790,81,1,1.0,0.0,instacart_grocery,4.406719247264253,False,-1,-0.05422752559174715
175203,81,1,1.0,0.0,instacart_grocery,4.406719247264253,False,-1,-0.05422752559174715
138249,81,1,1.0,0.0,instacart_grocery,4.406719247264253,False,-1,-0.05422752559174715
138483,81,1,1.0,0.0,instacart_grocery,4.406719247264253,False,-1,-0.05422752559174715
71902,81,1,1.0,0.0,instacart_grocery,4.406719247264253,False,-1,-0.05422752559174715
70481,81,1,1.0,0.0,instacart_grocery,4.406719247264253,False,-1,-0.05422752559174715
63014,81,1,1.0,0.0,instacart_grocery,4.406719247264253,False,-1,-0.05422752559174715
68128,81,1,1.0,0.0,instacart_grocery,4.406719247264253,False,-1,-0.05422752559174715
81791,81,1,1.0,0.0,instacart_grocery,4.406719247264253,False,-1,-0.05422752559174715
45595,81,1,1.0,0.0,instacart_grocery,4.406719247264253,False,-1,-0.05422752559174715
145686,81,1,1.0,0.0,instacart_grocery,4.406719247264253,False,-1,-0.05422752559174715
88271,81,1,1.0,0.0,instacart_grocery,4.406719247264253,False,-1,-0.05422752559174715
166817,81,1,1.0,0.0,instacart_grocery,4.406719247264253,False,-1,-0.05422752559174715
190045,81,1,1.0,0.0,instacart_grocery,4.406719247264253,False,-1,-0.05422752559174715
18446,81,1,1.0,0.0,instacart_grocery,4.406719247264253,False,-1,-0.05422752559174715
18807,81,1,1.0,0.0,instacart_grocery,4.406719247264253,False,-1,-0.05422752559174715
188688,81,1,1.0,0.0,instacart_grocery,4.406719247264253,False,-1,-0.05422752559174715
188525,81,1,1.0,0.0,instacart_grocery,4.406719247264253,False,-1,-0.05422752559174715
168771,81,1,1.0,0.0,instacart_grocery,4.406719247264253,False,-1,-0.05422752559174715
65300,81,1,1.0,0.0,instacart_grocery,4.406719247264253,False,-1,-0.05422752559174715
170339,81,1,1.0,0.0,instacart_grocery,4.406719247264253,False,-1,-0.05422752559174715
21163,81,1,1.0,0.0,instacart_grocery,4.406719247264253,False,-1,-0.05422752559174715
21171,81,1,1.0,0.0,instacart_grocery,4.406719247264253,False,-1,-0.05422752559174715
84998,81,1,1.0,0.0,instacart_grocery,4.406719247264253,False,-1,-0.05422752559174715
84837,81,1,1.0,0.0,instacart_grocery,4.406719247264253,False,-1,-0.05422752559174715
168985,81,1,1.0,0.0,instacart_grocery,4.406719247264253,False,-1,-0.05422752559174715
65927,81,1,1.0,0.0,instacart_grocery,4.406719247264253,False,-1,-0.05422752559174715
186599,81,1,1.0,0.0,instacart_grocery,4.406719247264253,False,-1,-0.05422752559174715
126398,81,1,1.0,0.0,instacart_grocery,4.406719247264253,False,-1,-0.05422752559174715
83518,81,1,1.0,0.0,instacart_grocery,4.406719247264253,False,-1,-0.05422752559174715
22948,81,1,1.0,0.0,instacart_grocery,4.406719247264253,False,-1,-0.05422752559174715
42322,81,1,1.0,0.0,instacart_grocery,4.406719247264253,False,-1,-0.05422752559174715
170224,81,1,1.0,0.0,instacart_grocery,4.406719247264253,False,-1,-0.05422752559174715
124542,81,1,1.0,0.0,instacart_grocery,4.406719247264253,False,-1,-0.05422752559174715
20008,81,1,1.0,0.0,instacart_grocery,4.406719247264253,False,-1,-0.05422752559174715
45258,81,1,1.0,0.0,instacart_grocery,4.406719247264253,False,-1,-0.05422752559174715
54112,81,1,1.0,0.0,instacart_grocery,4.406719247264253,False,-1,-0.05422752559174715
54214,81,1,1.0,0.0,instacart_grocery,4.406719247264253,False,-1,-0.05422752559174715
105224,81,1,1.0,0.0,instacart_grocery,4.406719247264253,False,-1,-0.05422752559174715
99435,81,1,1.0,0.0,instacart_grocery,4.406719247264253,False,-1,-0.05422752559174715
109523,81,1,1.0,0.0,instacart_grocery,4.406719247264253,False,-1,-0.05422752559174715
4645,81,1,1.0,0.0,instacart_grocery,4.406719247264253,False,-1,-0.05422752559174715
157610,81,1,1.0,0.0,instacart_grocery,4.406719247264253,False,-1,-0.05422752559174715
4596,81,1,1.0,0.0,instacart_grocery,4.406719247264253,False,-1,-0.05422752559174715
56218,81,1,1.0,0.0,instacart_grocery,4.406719247264253,False,-1,-0.05422752559174715
51706,81,1,1.0,0.0,instacart_grocery,4.406719247264253,False,-1,-0.05422752559174715
154521,81,1,1.0,0.0,instacart_grocery,4.406719247264253,False,-1,-0.05422752559174715
54988,81,1,1.0,0.0,instacart_grocery,4.406719247264253,False,-1,-0.05422752559174715
107608,81,1,1.0,0.0,instacart_grocery,4.406719247264253,False,-1,-0.05422752559174715
104596,81,1,1.0,0.0,instacart_grocery,4.406719247264253,False,-1,-0.05422752559174715
98538,81,1,1.0,0.0,instacart_grocery,4.406719247264253,False,-1,-0.05422752559174715
98256,81,1,1.0,0.0,instacart_grocery,4.406719247264253,False,-1,-0.05422752559174715
150000,80,1,1.0,0.0,instacart_grocery,4.394449154672439,False,-1,-0.051677049481944626
88317,80,1,1.0,0.0,instacart_grocery,4.394449154672439,False,-1,-0.051677049481944626
189238,80,1,1.0,0.0,instacart_grocery,4.394449154672439,False,-1,-0.051677049481944626
69483,80,1,1.0,0.0,instacart_grocery,4.394449154672439,False,-1,-0.051677049481944626
64622,80,1,1.0,0.0,instacart_grocery,4.394449154672439,False,-1,-0.051677049481944626
161928,80,1,1.0,0.0,instacart_grocery,4.394449154672439,False,-1,-0.051677049481944626
92773,80,1,1.0,0.0,instacart_grocery,4.394449154672439,False,-1,-0.051677049481944626
21167,80,1,1.0,0.0,instacart_grocery,4.394449154672439,False,-1,-0.051677049481944626
160826,80,1,1.0,0.0,instacart_grocery,4.394449154672439,False,-1,-0.051677049481944626
108858,80,1,1.0,0.0,instacart_grocery,4.394449154672439,False,-1,-0.051677049481944626
204061,80,1,1.0,0.0,instacart_grocery,4.394449154672439,False,-1,-0.051677049481944626
195371,80,1,1.0,0.0,instacart_grocery,4.394449154672439,False,-1,-0.051677049481944626
52167,80,1,1.0,0.0,instacart_grocery,4.394449154672439,False,-1,-0.051677049481944626
195456,80,1,1.0,0.0,instacart_grocery,4.394449154672439,False,-1,-0.051677049481944626
115862,80,1,1.0,0.0,instacart_grocery,4.394449154672439,False,-1,-0.051677049481944626
133810,80,1,1.0,0.0,instacart_grocery,4.394449154672439,False,-1,-0.051677049481944626
64706,80,1,1.0,0.0,instacart_grocery,4.394449154672439,False,-1,-0.051677049481944626
87208,80,1,1.0,0.0,instacart_grocery,4.394449154672439,False,-1,-0.051677049481944626
149399,80,1,1.0,0.0,instacart_grocery,4.394449154672439,False,-1,-0.051677049481944626
172693,80,1,1.0,0.0,instacart_grocery,4.394449154672439,False,-1,-0.051677049481944626
59498,80,1,1.0,0.0,instacart_grocery,4.394449154672439,False,-1,-0.051677049481944626
10221,80,1,1.0,0.0,instacart_grocery,4.394449154672439,False,-1,-0.051677049481944626
154286,80,1,1.0,0.0,instacart_grocery,4.394449154672439,False,-1,-0.051677049481944626
156366,80,1,1.0,0.0,instacart_grocery,4.394449154672439,False,-1,-0.051677049481944626
5278,80,1,1.0,0.0,instacart_grocery,4.394449154672439,False,-1,-0.051677049481944626
34117,80,1,1.0,0.0,instacart_grocery,4.394449154672439,False,-1,-0.051677049481944626
52152,80,1,1.0,0.0,instacart_grocery,4.394449154672439,False,-1,-0.051677049481944626
94312,80,1,1.0,0.0,instacart_grocery,4.394449154672439,False,-1,-0.051677049481944626
162898,80,1,1.0,0.0,instacart_grocery,4.394449154672439,False,-1,-0.051677049481944626
10886,80,1,1.0,0.0,instacart_grocery,4.394449154672439,False,-1,-0.051677049481944626
179105,80,1,1.0,0.0,instacart_grocery,4.394449154672439,False,-1,-0.051677049481944626
76399,80,1,1.0,0.0,instacart_grocery,4.394449154672439,False,-1,-0.051677049481944626
76879,80,1,1.0,0.0,instacart_grocery,4.394449154672439,False,-1,-0.051677049481944626
116592,80,1,1.0,0.0,instacart_grocery,4.394449154672439,False,-1,-0.051677049481944626
142595,80,1,1.0,0.0,instacart_grocery,4.394449154672439,False,-1,-0.051677049481944626
15182,80,1,1.0,0.0,instacart_grocery,4.394449154672439,False,-1,-0.051677049481944626
81671,80,1,1.0,0.0,instacart_grocery,4.394449154672439,False,-1,-0.051677049481944626
192355,80,1,1.0,0.0,instacart_grocery,4.394449154672439,False,-1,-0.051677049481944626
142735,80,1,1.0,0.0,instacart_grocery,4.394449154672439,False,-1,-0.051677049481944626
170232,80,1,1.0,0.0,instacart_grocery,4.394449154672439,False,-1,-0.051677049481944626
165479,80,1,1.0,0.0,instacart_grocery,4.394449154672439,False,-1,-0.051677049481944626
82537,80,1,1.0,0.0,instacart_grocery,4.394449154672439,False,-1,-0.051677049481944626
22599,80,1,1.0,0.0,instacart_grocery,4.394449154672439,False,-1,-0.051677049481944626
3579,80,1,1.0,0.0,instacart_grocery,4.394449154672439,False,-1,-0.051677049481944626
66793,80,1,1.0,0.0,instacart_grocery,4.394449154672439,False,-1,-0.051677049481944626
154372,80,1,1.0,0.0,instacart_grocery,4.394449154672439,False,-1,-0.051677049481944626
88716,80,1,1.0,0.0,instacart_grocery,4.394449154672439,False,-1,-0.051677049481944626
66465,80,1,1.0,0.0,instacart_grocery,4.394449154672439,False,-1,-0.051677049481944626
203085,80,1,1.0,0.0,instacart_grocery,4.394449154672439,False,-1,-0.051677049481944626
63149,80,1,1.0,0.0,instacart_grocery,4.394449154672439,False,-1,-0.051677049481944626
169455,80,1,1.0,0.0,instacart_grocery,4.394449154672439,False,-1,-0.051677049481944626
15071,80,1,1.0,0.0,instacart_grocery,4.394449154672439,False,-1,-0.051677049481944626
99272,80,1,1.0,0.0,instacart_grocery,4.394449154672439,False,-1,-0.051677049481944626
55607,80,1,1.0,0.0,instacart_grocery,4.394449154672439,False,-1,-0.051677049481944626
118853,80,1,1.0,0.0,instacart_grocery,4.394449154672439,False,-1,-0.051677049481944626
77971,80,1,1.0,0.0,instacart_grocery,4.394449154672439,False,-1,-0.051677049481944626
55731,80,1,1.0,0.0,instacart_grocery,4.394449154672439,False,-1,-0.051677049481944626
171671,80,1,1.0,0.0,instacart_grocery,4.394449154672439,False,-1,-0.051677049481944626
78213,80,1,1.0,0.0,instacart_grocery,4.394449154672439,False,-1,-0.051677049481944626
40641,80,1,1.0,0.0,instacart_grocery,4.394449154672439,False,-1,-0.051677049481944626
117460,80,1,1.0,0.0,instacart_grocery,4.394449154672439,False,-1,-0.051677049481944626
29041,80,1,1.0,0.0,instacart_grocery,4.394449154672439,False,-1,-0.051677049481944626
91289,80,1,1.0,0.0,instacart_grocery,4.394449154672439,False,-1,-0.051677049481944626
194321,80,1,1.0,0.0,instacart_grocery,4.394449154672439,False,-1,-0.051677049481944626
145596,80,1,1.0,0.0,instacart_grocery,4.394449154672439,False,-1,-0.051677049481944626
68439,80,1,1.0,0.0,instacart_grocery,4.394449154672439,False,-1,-0.051677049481944626
1378,80,1,1.0,0.0,instacart_grocery,4.394449154672439,False,-1,-0.051677049481944626
14428,80,1,1.0,0.0,instacart_grocery,4.394449154672439,False,-1,-0.051677049481944626
79704,80,1,1.0,0.0,instacart_grocery,4.394449154672439,False,-1,-0.051677049481944626
142289,80,1,1.0,0.0,instacart_grocery,4.394449154672439,False,-1,-0.051677049481944626
164894,80,1,1.0,0.0,instacart_grocery,4.394449154672439,False,-1,-0.051677049481944626
80249,80,1,1.0,0.0,instacart_grocery,4.394449154672439,False,-1,-0.051677049481944626
183151,80,1,1.0,0.0,instacart_grocery,4.394449154672439,False,-1,-0.051677049481944626
113946,80,1,1.0,0.0,instacart_grocery,4.394449154672439,False,-1,-0.051677049481944626
166512,80,1,1.0,0.0,instacart_grocery,4.394449154672439,False,-1,-0.051677049481944626
137276,80,1,1.0,0.0,instacart_grocery,4.394449154672439,False,-1,-0.051677049481944626
96048,80,1,1.0,0.0,instacart_grocery,4.394449154672439,False,-1,-0.051677049481944626
104433,80,1,1.0,0.0,instacart_grocery,4.394449154672439,False,-1,-0.051677049481944626
35752,80,1,1.0,0.0,instacart_grocery,4.394449154672439,False,-1,-0.051677049481944626
70964,80,1,1.0,0.0,instacart_grocery,4.394449154672439,False,-1,-0.051677049481944626
51333,80,1,1.0,0.0,instacart_grocery,4.394449154672439,False,-1,-0.051677049481944626
94988,80,1,1.0,0.0,instacart_grocery,4.394449154672439,False,-1,-0.051677049481944626
71232,80,1,1.0,0.0,instacart_grocery,4.394449154672439,False,-1,-0.051677049481944626
109478,80,1,1.0,0.0,instacart_grocery,4.394449154672439,False,-1,-0.051677049481944626
6801,80,1,1.0,0.0,instacart_grocery,4.394449154672439,False,-1,-0.051677049481944626
51704,80,1,1.0,0.0,instacart_grocery,4.394449154672439,False,-1,-0.051677049481944626
96338,80,1,1.0,0.0,instacart_grocery,4.394449154672439,False,-1,-0.051677049481944626
5493,80,1,1.0,0.0,instacart_grocery,4.394449154672439,False,-1,-0.051677049481944626
73364,80,1,1.0,0.0,instacart_grocery,4.394449154672439,False,-1,-0.051677049481944626
20320,80,1,1.0,0.0,instacart_grocery,4.394449154672439,False,-1,-0.051677049481944626
54876,80,1,1.0,0.0,instacart_grocery,4.394449154672439,False,-1,-0.051677049481944626
56825,80,1,1.0,0.0,instacart_grocery,4.394449154672439,False,-1,-0.051677049481944626
137927,80,1,1.0,0.0,instacart_grocery,4.394449154672439,False,-1,-0.051677049481944626
152016,80,1,1.0,0.0,instacart_grocery,4.394449154672439,False,-1,-0.051677049481944626
103433,80,1,1.0,0.0,instacart_grocery,4.394449154672439,False,-1,-0.051677049481944626
35345,80,1,1.0,0.0,instacart_grocery,4.394449154672439,False,-1,-0.051677049481944626
96838,80,1,1.0,0.0,instacart_grocery,4.394449154672439,False,-1,-0.051677049481944626
8058,80,1,1.0,0.0,instacart_grocery,4.394449154672439,False,-1,-0.051677049481944626
174075,80,1,1.0,0.0,instacart_grocery,4.394449154672439,False,-1,-0.051677049481944626
112940,80,1,1.0,0.0,instacart_grocery,4.394449154672439,False,-1,-0.051677049481944626
56827,80,1,1.0,0.0,instacart_grocery,4.394449154672439,False,-1,-0.051677049481944626
51601,80,1,1.0,0.0,instacart_grocery,4.394449154672439,False,-1,-0.051677049481944626
110168,80,1,1.0,0.0,instacart_grocery,4.394449154672439,False,-1,-0.051677049481944626
53694,80,1,1.0,0.0,instacart_grocery,4.394449154672439,False,-1,-0.051677049481944626
204039,80,1,1.0,0.0,instacart_grocery,4.394449154672439,False,-1,-0.051677049481944626
124085,80,1,1.0,0.0,instacart_grocery,4.394449154672439,False,-1,-0.051677049481944626
188616,80,1,1.0,0.0,instacart_grocery,4.394449154672439,False,-1,-0.051677049481944626
34227,80,1,1.0,0.0,instacart_grocery,4.394449154672439,False,-1,-0.051677049481944626
135610,80,1,1.0,0.0,instacart_grocery,4.394449154672439,False,-1,-0.051677049481944626
176811,80,1,1.0,0.0,instacart_grocery,4.394449154672439,False,-1,-0.051677049481944626
75333,80,1,1.0,0.0,instacart_grocery,4.394449154672439,False,-1,-0.051677049481944626
38279,80,1,1.0,0.0,instacart_grocery,4.394449154672439,False,-1,-0.051677049481944626
174337,80,1,1.0,0.0,instacart_grocery,4.394449154672439,False,-1,-0.051677049481944626
71540,80,1,1.0,0.0,instacart_grocery,4.394449154672439,False,-1,-0.051677049481944626
150329,80,1,1.0,0.0,instacart_grocery,4.394449154672439,False,-1,-0.051677049481944626
20046,80,1,1.0,0.0,instacart_grocery,4.394449154672439,False,-1,-0.051677049481944626
128347,79,1,1.0,0.0,instacart_grocery,4.382026634673881,False,-1,-0.050751954218787976
96410,79,1,1.0,0.0,instacart_grocery,4.382026634673881,False,-1,-0.050751954218787976
44103,79,1,1.0,0.0,instacart_grocery,4.382026634673881,False,-1,-0.050751954218787976
128151,79,1,1.0,0.0,instacart_grocery,4.382026634673881,False,-1,-0.050751954218787976
129697,79,1,1.0,0.0,instacart_grocery,4.382026634673881,False,-1,-0.050751954218787976
84436,79,1,1.0,0.0,instacart_grocery,4.382026634673881,False,-1,-0.050751954218787976
143793,79,1,1.0,0.0,instacart_grocery,4.382026634673881,False,-1,-0.050751954218787976
28000,79,1,1.0,0.0,instacart_grocery,4.382026634673881,False,-1,-0.050751954218787976
79549,79,1,1.0,0.0,instacart_grocery,4.382026634673881,False,-1,-0.050751954218787976
73084,79,1,1.0,0.0,instacart_grocery,4.382026634673881,False,-1,-0.050751954218787976
204846,79,1,1.0,0.0,instacart_grocery,4.382026634673881,False,-1,-0.050751954218787976
182649,79,1,1.0,0.0,instacart_grocery,4.382026634673881,False,-1,-0.050751954218787976
139365,79,1,1.0,0.0,instacart_grocery,4.382026634673881,False,-1,-0.050751954218787976
79747,79,1,1.0,0.0,instacart_grocery,4.382026634673881,False,-1,-0.050751954218787976
138050,79,1,1.0,0.0,instacart_grocery,4.382026634673881,False,-1,-0.050751954218787976
104242,79,1,1.0,0.0,instacart_grocery,4.382026634673881,False,-1,-0.050751954218787976
193506,79,1,1.0,0.0,instacart_grocery,4.382026634673881,False,-1,-0.050751954218787976
90648,79,1,1.0,0.0,instacart_grocery,4.382026634673881,False,-1,-0.050751954218787976
124042,79,1,1.0,0.0,instacart_grocery,4.382026634673881,False,-1,-0.050751954218787976
80628,79,1,1.0,0.0,instacart_grocery,4.382026634673881,False,-1,-0.050751954218787976
40964,79,1,1.0,0.0,instacart_grocery,4.382026634673881,False,-1,-0.050751954218787976
119777,79,1,1.0,0.0,instacart_grocery,4.382026634673881,False,-1,-0.050751954218787976
55527,79,1,1.0,0.0,instacart_grocery,4.382026634673881,False,-1,-0.050751954218787976
42914,79,1,1.0,0.0,instacart_grocery,4.382026634673881,False,-1,-0.050751954218787976
191027,79,1,1.0,0.0,instacart_grocery,4.382026634673881,False,-1,-0.050751954218787976
18165,79,1,1.0,0.0,instacart_grocery,4.382026634673881,False,-1,-0.050751954218787976
66673,79,1,1.0,0.0,instacart_grocery,4.382026634673881,False,-1,-0.050751954218787976
66478,79,1,1.0,0.0,instacart_grocery,4.382026634673881,False,-1,-0.050751954218787976
121140,79,1,1.0,0.0,instacart_grocery,4.382026634673881,False,-1,-0.050751954218787976
123496,79,1,1.0,0.0,instacart_grocery,4.382026634673881,False,-1,-0.050751954218787976
110181,79,1,1.0,0.0,instacart_grocery,4.382026634673881,False,-1,-0.050751954218787976
63075,79,1,1.0,0.0,instacart_grocery,4.382026634673881,False,-1,-0.050751954218787976
17927,79,1,1.0,0.0,instacart_grocery,4.382026634673881,False,-1,-0.050751954218787976
155646,79,1,1.0,0.0,instacart_grocery,4.382026634673881,False,-1,-0.050751954218787976
120899,79,1,1.0,0.0,instacart_grocery,4.382026634673881,False,-1,-0.050751954218787976
43281,79,1,1.0,0.0,instacart_grocery,4.382026634673881,False,-1,-0.050751954218787976
138574,79,1,1.0,0.0,instacart_grocery,4.382026634673881,False,-1,-0.050751954218787976
190453,79,1,1.0,0.0,instacart_grocery,4.382026634673881,False,-1,-0.050751954218787976
107926,79,1,1.0,0.0,instacart_grocery,4.382026634673881,False,-1,-0.050751954218787976
72577,79,1,1.0,0.0,instacart_grocery,4.382026634673881,False,-1,-0.050751954218787976
126152,79,1,1.0,0.0,instacart_grocery,4.382026634673881,False,-1,-0.050751954218787976
139315,79,1,1.0,0.0,instacart_grocery,4.382026634673881,False,-1,-0.050751954218787976
67418,79,1,1.0,0.0,instacart_grocery,4.382026634673881,False,-1,-0.050751954218787976
104042,79,1,1.0,0.0,instacart_grocery,4.382026634673881,False,-1,-0.050751954218787976
119825,79,1,1.0,0.0,instacart_grocery,4.382026634673881,False,-1,-0.050751954218787976
99735,79,1,1.0,0.0,instacart_grocery,4.382026634673881,False,-1,-0.050751954218787976
46186,79,1,1.0,0.0,instacart_grocery,4.382026634673881,False,-1,-0.050751954218787976
190289,79,1,1.0,0.0,instacart_grocery,4.382026634673881,False,-1,-0.050751954218787976
143560,79,1,1.0,0.0,instacart_grocery,4.382026634673881,False,-1,-0.050751954218787976
107466,79,1,1.0,0.0,instacart_grocery,4.382026634673881,False,-1,-0.050751954218787976
145672,79,1,1.0,0.0,instacart_grocery,4.382026634673881,False,-1,-0.050751954218787976
120147,79,1,1.0,0.0,instacart_grocery,4.382026634673881,False,-1,-0.050751954218787976
66373,79,1,1.0,0.0,instacart_grocery,4.382026634673881,False,-1,-0.050751954218787976
204446,79,1,1.0,0.0,instacart_grocery,4.382026634673881,False,-1,-0.050751954218787976
101565,79,1,1.0,0.0,instacart_grocery,4.382026634673881,False,-1,-0.050751954218787976
107607,79,1,1.0,0.0,instacart_grocery,4.382026634673881,False,-1,-0.050751954218787976
192607,79,1,1.0,0.0,instacart_grocery,4.382026634673881,False,-1,-0.050751954218787976
187017,79,1,1.0,0.0,instacart_grocery,4.382026634673881,False,-1,-0.050751954218787976
94589,79,1,1.0,0.0,instacart_grocery,4.382026634673881,False,-1,-0.050751954218787976
139559,79,1,1.0,0.0,instacart_grocery,4.382026634673881,False,-1,-0.050751954218787976
179069,79,1,1.0,0.0,instacart_grocery,4.382026634673881,False,-1,-0.050751954218787976
44250,79,1,1.0,0.0,instacart_grocery,4.382026634673881,False,-1,-0.050751954218787976
32802,79,1,1.0,0.0,instacart_grocery,4.382026634673881,False,-1,-0.050751954218787976
201957,79,1,1.0,0.0,instacart_grocery,4.382026634673881,False,-1,-0.050751954218787976
196153,79,1,1.0,0.0,instacart_grocery,4.382026634673881,False,-1,-0.050751954218787976
160367,79,1,1.0,0.0,instacart_grocery,4.382026634673881,False,-1,-0.050751954218787976
65711,79,1,1.0,0.0,instacart_grocery,4.382026634673881,False,-1,-0.050751954218787976
136288,79,1,1.0,0.0,instacart_grocery,4.382026634673881,False,-1,-0.050751954218787976
188810,79,1,1.0,0.0,instacart_grocery,4.382026634673881,False,-1,-0.050751954218787976
52836,79,1,1.0,0.0,instacart_grocery,4.382026634673881,False,-1,-0.050751954218787976
151102,79,1,1.0,0.0,instacart_grocery,4.382026634673881,False,-1,-0.050751954218787976
179410,79,1,1.0,0.0,instacart_grocery,4.382026634673881,False,-1,-0.050751954218787976
53103,79,1,1.0,0.0,instacart_grocery,4.382026634673881,False,-1,-0.050751954218787976
179529,79,1,1.0,0.0,instacart_grocery,4.382026634673881,False,-1,-0.050751954218787976
2241,79,1,1.0,0.0,instacart_grocery,4.382026634673881,False,-1,-0.050751954218787976
86905,79,1,1.0,0.0,instacart_grocery,4.382026634673881,False,-1,-0.050751954218787976
154781,79,1,1.0,0.0,instacart_grocery,4.382026634673881,False,-1,-0.050751954218787976
655,79,1,1.0,0.0,instacart_grocery,4.382026634673881,False,-1,-0.050751954218787976
54001,79,1,1.0,0.0,instacart_grocery,4.382026634673881,False,-1,-0.050751954218787976
75437,79,1,1.0,0.0,instacart_grocery,4.382026634673881,False,-1,-0.050751954218787976
114060,79,1,1.0,0.0,instacart_grocery,4.382026634673881,False,-1,-0.050751954218787976
55727,79,1,1.0,0.0,instacart_grocery,4.382026634673881,False,-1,-0.050751954218787976
122682,79,1,1.0,0.0,instacart_grocery,4.382026634673881,False,-1,-0.050751954218787976
134550,79,1,1.0,0.0,instacart_grocery,4.382026634673881,False,-1,-0.050751954218787976
75762,79,1,1.0,0.0,instacart_grocery,4.382026634673881,False,-1,-0.050751954218787976
176787,79,1,1.0,0.0,instacart_grocery,4.382026634673881,False,-1,-0.050751954218787976
113559,79,1,1.0,0.0,instacart_grocery,4.382026634673881,False,-1,-0.050751954218787976
74787,79,1,1.0,0.0,instacart_grocery,4.382026634673881,False,-1,-0.050751954218787976
98879,79,1,1.0,0.0,instacart_grocery,4.382026634673881,False,-1,-0.050751954218787976
9655,79,1,1.0,0.0,instacart_grocery,4.382026634673881,False,-1,-0.050751954218787976
98888,79,1,1.0,0.0,instacart_grocery,4.382026634673881,False,-1,-0.050751954218787976
75887,79,1,1.0,0.0,instacart_grocery,4.382026634673881,False,-1,-0.050751954218787976
144242,79,1,1.0,0.0,instacart_grocery,4.382026634673881,False,-1,-0.050751954218787976
198228,79,1,1.0,0.0,instacart_grocery,4.382026634673881,False,-1,-0.050751954218787976
1022,79,1,1.0,0.0,instacart_grocery,4.382026634673881,False,-1,-0.050751954218787976
31789,79,1,1.0,0.0,instacart_grocery,4.382026634673881,False,-1,-0.050751954218787976
86569,79,1,1.0,0.0,instacart_grocery,4.382026634673881,False,-1,-0.050751954218787976
95160,79,1,1.0,0.0,instacart_grocery,4.382026634673881,False,-1,-0.050751954218787976
117284,79,1,1.0,0.0,instacart_grocery,4.382026634673881,False,-1,-0.050751954218787976
91620,79,1,1.0,0.0,instacart_grocery,4.382026634673881,False,-1,-0.050751954218787976
29543,79,1,1.0,0.0,instacart_grocery,4.382026634673881,False,-1,-0.050751954218787976
91666,79,1,1.0,0.0,instacart_grocery,4.382026634673881,False,-1,-0.050751954218787976
22055,79,1,1.0,0.0,instacart_grocery,4.382026634673881,False,-1,-0.050751954218787976
148233,79,1,1.0,0.0,instacart_grocery,4.382026634673881,False,-1,-0.050751954218787976
117075,79,1,1.0,0.0,instacart_grocery,4.382026634673881,False,-1,-0.050751954218787976
12319,79,1,1.0,0.0,instacart_grocery,4.382026634673881,False,-1,-0.050751954218787976
123491,79,1,1.0,0.0,instacart_grocery,4.382026634673881,False,-1,-0.050751954218787976
166943,79,1,1.0,0.0,instacart_grocery,4.382026634673881,False,-1,-0.050751954218787976
122851,79,1,1.0,0.0,instacart_grocery,4.382026634673881,False,-1,-0.050751954218787976
57281,79,1,1.0,0.0,instacart_grocery,4.382026634673881,False,-1,-0.050751954218787976
29167,79,1,1.0,0.0,instacart_grocery,4.382026634673881,False,-1,-0.050751954218787976
117289,79,1,1.0,0.0,instacart_grocery,4.382026634673881,False,-1,-0.050751954218787976
163753,79,1,1.0,0.0,instacart_grocery,4.382026634673881,False,-1,-0.050751954218787976
144000,79,1,1.0,0.0,instacart_grocery,4.382026634673881,False,-1,-0.050751954218787976
31633,79,1,1.0,0.0,instacart_grocery,4.382026634673881,False,-1,-0.050751954218787976
167111,79,1,1.0,0.0,instacart_grocery,4.382026634673881,False,-1,-0.050751954218787976
111799,79,1,1.0,0.0,instacart_grocery,4.382026634673881,False,-1,-0.050751954218787976
116572,79,1,1.0,0.0,instacart_grocery,4.382026634673881,False,-1,-0.050751954218787976
1164,79,1,1.0,0.0,instacart_grocery,4.382026634673881,False,-1,-0.050751954218787976
39598,79,1,1.0,0.0,instacart_grocery,4.382026634673881,False,-1,-0.050751954218787976
175724,79,1,1.0,0.0,instacart_grocery,4.382026634673881,False,-1,-0.050751954218787976
78795,79,1,1.0,0.0,instacart_grocery,4.382026634673881,False,-1,-0.050751954218787976
111941,79,1,1.0,0.0,instacart_grocery,4.382026634673881,False,-1,-0.050751954218787976
73692,79,1,1.0,0.0,instacart_grocery,4.382026634673881,False,-1,-0.050751954218787976
154152,79,1,1.0,0.0,instacart_grocery,4.382026634673881,False,-1,-0.050751954218787976
108495,79,1,1.0,0.0,instacart_grocery,4.382026634673881,False,-1,-0.050751954218787976
78547,79,1,1.0,0.0,instacart_grocery,4.382026634673881,False,-1,-0.050751954218787976
20944,78,1,1.0,0.0,instacart_grocery,4.3694478524670215,False,-1,-0.04637480638724445
187046,78,1,1.0,0.0,instacart_grocery,4.3694478524670215,False,-1,-0.04637480638724445
86383,78,1,1.0,0.0,instacart_grocery,4.3694478524670215,False,-1,-0.04637480638724445
20809,78,1,1.0,0.0,instacart_grocery,4.3694478524670215,False,-1,-0.04637480638724445
168388,78,1,1.0,0.0,instacart_grocery,4.3694478524670215,False,-1,-0.04637480638724445
168940,78,1,1.0,0.0,instacart_grocery,4.3694478524670215,False,-1,-0.04637480638724445
143630,78,1,1.0,0.0,instacart_grocery,4.3694478524670215,False,-1,-0.04637480638724445
84969,78,1,1.0,0.0,instacart_grocery,4.3694478524670215,False,-1,-0.04637480638724445
65764,78,1,1.0,0.0,instacart_grocery,4.3694478524670215,False,-1,-0.04637480638724445
20593,78,1,1.0,0.0,instacart_grocery,4.3694478524670215,False,-1,-0.04637480638724445
85185,78,1,1.0,0.0,instacart_grocery,4.3694478524670215,False,-1,-0.04637480638724445
110111,78,1,1.0,0.0,instacart_grocery,4.3694478524670215,False,-1,-0.04637480638724445
83902,78,1,1.0,0.0,instacart_grocery,4.3694478524670215,False,-1,-0.04637480638724445
177889,78,1,1.0,0.0,instacart_grocery,4.3694478524670215,False,-1,-0.04637480638724445
140380,78,1,1.0,0.0,instacart_grocery,4.3694478524670215,False,-1,-0.04637480638724445
177494,78,1,1.0,0.0,instacart_grocery,4.3694478524670215,False,-1,-0.04637480638724445
134604,78,1,1.0,0.0,instacart_grocery,4.3694478524670215,False,-1,-0.04637480638724445
75584,78,1,1.0,0.0,instacart_grocery,4.3694478524670215,False,-1,-0.04637480638724445
103036,78,1,1.0,0.0,instacart_grocery,4.3694478524670215,False,-1,-0.04637480638724445
140292,78,1,1.0,0.0,instacart_grocery,4.3694478524670215,False,-1,-0.04637480638724445
176424,78,1,1.0,0.0,instacart_grocery,4.3694478524670215,False,-1,-0.04637480638724445
74521,78,1,1.0,0.0,instacart_grocery,4.3694478524670215,False,-1,-0.04637480638724445
136300,78,1,1.0,0.0,instacart_grocery,4.3694478524670215,False,-1,-0.04637480638724445
139829,78,1,1.0,0.0,instacart_grocery,4.3694478524670215,False,-1,-0.04637480638724445
73946,78,1,1.0,0.0,instacart_grocery,4.3694478524670215,False,-1,-0.04637480638724445
102962,78,1,1.0,0.0,instacart_grocery,4.3694478524670215,False,-1,-0.04637480638724445
73901,78,1,1.0,0.0,instacart_grocery,4.3694478524670215,False,-1,-0.04637480638724445
35404,78,1,1.0,0.0,instacart_grocery,4.3694478524670215,False,-1,-0.04637480638724445
35476,78,1,1.0,0.0,instacart_grocery,4.3694478524670215,False,-1,-0.04637480638724445
136920,78,1,1.0,0.0,instacart_grocery,4.3694478524670215,False,-1,-0.04637480638724445
71234,78,1,1.0,0.0,instacart_grocery,4.3694478524670215,False,-1,-0.04637480638724445
175537,78,1,1.0,0.0,instacart_grocery,4.3694478524670215,False,-1,-0.04637480638724445
139399,78,1,1.0,0.0,instacart_grocery,4.3694478524670215,False,-1,-0.04637480638724445
73127,78,1,1.0,0.0,instacart_grocery,4.3694478524670215,False,-1,-0.04637480638724445
137814,78,1,1.0,0.0,instacart_grocery,4.3694478524670215,False,-1,-0.04637480638724445
138208,78,1,1.0,0.0,instacart_grocery,4.3694478524670215,False,-1,-0.04637480638724445
54,78,1,1.0,0.0,instacart_grocery,4.3694478524670215,False,-1,-0.04637480638724445
138365,78,1,1.0,0.0,instacart_grocery,4.3694478524670215,False,-1,-0.04637480638724445
36630,78,1,1.0,0.0,instacart_grocery,4.3694478524670215,False,-1,-0.04637480638724445
175950,78,1,1.0,0.0,instacart_grocery,4.3694478524670215,False,-1,-0.04637480638724445
76461,78,1,1.0,0.0,instacart_grocery,4.3694478524670215,False,-1,-0.04637480638724445
133299,78,1,1.0,0.0,instacart_grocery,4.3694478524670215,False,-1,-0.04637480638724445
77280,78,1,1.0,0.0,instacart_grocery,4.3694478524670215,False,-1,-0.04637480638724445
54717,78,1,1.0,0.0,instacart_grocery,4.3694478524670215,False,-1,-0.04637480638724445
169589,78,1,1.0,0.0,instacart_grocery,4.3694478524670215,False,-1,-0.04637480638724445
169988,78,1,1.0,0.0,instacart_grocery,4.3694478524670215,False,-1,-0.04637480638724445
185650,78,1,1.0,0.0,instacart_grocery,4.3694478524670215,False,-1,-0.04637480638724445
185646,78,1,1.0,0.0,instacart_grocery,4.3694478524670215,False,-1,-0.04637480638724445
143037,78,1,1.0,0.0,instacart_grocery,4.3694478524670215,False,-1,-0.04637480638724445
127206,78,1,1.0,0.0,instacart_grocery,4.3694478524670215,False,-1,-0.04637480638724445
127523,78,1,1.0,0.0,instacart_grocery,4.3694478524670215,False,-1,-0.04637480638724445
142964,78,1,1.0,0.0,instacart_grocery,4.3694478524670215,False,-1,-0.04637480638724445
81982,78,1,1.0,0.0,instacart_grocery,4.3694478524670215,False,-1,-0.04637480638724445
54444,78,1,1.0,0.0,instacart_grocery,4.3694478524670215,False,-1,-0.04637480638724445
25980,78,1,1.0,0.0,instacart_grocery,4.3694478524670215,False,-1,-0.04637480638724445
170732,78,1,1.0,0.0,instacart_grocery,4.3694478524670215,False,-1,-0.04637480638724445
27445,78,1,1.0,0.0,instacart_grocery,4.3694478524670215,False,-1,-0.04637480638724445
129701,78,1,1.0,0.0,instacart_grocery,4.3694478524670215,False,-1,-0.04637480638724445
28470,78,1,1.0,0.0,instacart_grocery,4.3694478524670215,False,-1,-0.04637480638724445
105320,78,1,1.0,0.0,instacart_grocery,4.3694478524670215,False,-1,-0.04637480638724445
40957,78,1,1.0,0.0,instacart_grocery,4.3694478524670215,False,-1,-0.04637480638724445
29672,78,1,1.0,0.0,instacart_grocery,4.3694478524670215,False,-1,-0.04637480638724445
171661,78,1,1.0,0.0,instacart_grocery,4.3694478524670215,False,-1,-0.04637480638724445
172034,78,1,1.0,0.0,instacart_grocery,4.3694478524670215,False,-1,-0.04637480638724445
1197,78,1,1.0,0.0,instacart_grocery,4.3694478524670215,False,-1,-0.04637480638724445
77968,78,1,1.0,0.0,instacart_grocery,4.3694478524670215,False,-1,-0.04637480638724445
179897,78,1,1.0,0.0,instacart_grocery,4.3694478524670215,False,-1,-0.04637480638724445
179886,78,1,1.0,0.0,instacart_grocery,4.3694478524670215,False,-1,-0.04637480638724445
132438,78,1,1.0,0.0,instacart_grocery,4.3694478524670215,False,-1,-0.04637480638724445
155022,78,1,1.0,0.0,instacart_grocery,4.3694478524670215,False,-1,-0.04637480638724445
103671,78,1,1.0,0.0,instacart_grocery,4.3694478524670215,False,-1,-0.04637480638724445
131432,78,1,1.0,0.0,instacart_grocery,4.3694478524670215,False,-1,-0.04637480638724445
203896,78,1,1.0,0.0,instacart_grocery,4.3694478524670215,False,-1,-0.04637480638724445
72097,78,1,1.0,0.0,instacart_grocery,4.3694478524670215,False,-1,-0.04637480638724445
153632,78,1,1.0,0.0,instacart_grocery,4.3694478524670215,False,-1,-0.04637480638724445
109467,78,1,1.0,0.0,instacart_grocery,4.3694478524670215,False,-1,-0.04637480638724445
189895,78,1,1.0,0.0,instacart_grocery,4.3694478524670215,False,-1,-0.04637480638724445
148393,78,1,1.0,0.0,instacart_grocery,4.3694478524670215,False,-1,-0.04637480638724445
87494,78,1,1.0,0.0,instacart_grocery,4.3694478524670215,False,-1,-0.04637480638724445
60970,78,1,1.0,0.0,instacart_grocery,4.3694478524670215,False,-1,-0.04637480638724445
162722,78,1,1.0,0.0,instacart_grocery,4.3694478524670215,False,-1,-0.04637480638724445
202465,78,1,1.0,0.0,instacart_grocery,4.3694478524670215,False,-1,-0.04637480638724445
162635,78,1,1.0,0.0,instacart_grocery,4.3694478524670215,False,-1,-0.04637480638724445
50675,78,1,1.0,0.0,instacart_grocery,4.3694478524670215,False,-1,-0.04637480638724445
18225,78,1,1.0,0.0,instacart_grocery,4.3694478524670215,False,-1,-0.04637480638724445
202508,78,1,1.0,0.0,instacart_grocery,4.3694478524670215,False,-1,-0.04637480638724445
164723,78,1,1.0,0.0,instacart_grocery,4.3694478524670215,False,-1,-0.04637480638724445
203341,78,1,1.0,0.0,instacart_grocery,4.3694478524670215,False,-1,-0.04637480638724445
199688,78,1,1.0,0.0,instacart_grocery,4.3694478524670215,False,-1,-0.04637480638724445
158102,78,1,1.0,0.0,instacart_grocery,4.3694478524670215,False,-1,-0.04637480638724445
49973,78,1,1.0,0.0,instacart_grocery,4.3694478524670215,False,-1,-0.04637480638724445
45236,78,1,1.0,0.0,instacart_grocery,4.3694478524670215,False,-1,-0.04637480638724445
108451,78,1,1.0,0.0,instacart_grocery,4.3694478524670215,False,-1,-0.04637480638724445
95471,78,1,1.0,0.0,instacart_grocery,4.3694478524670215,False,-1,-0.04637480638724445
56325,78,1,1.0,0.0,instacart_grocery,4.3694478524670215,False,-1,-0.04637480638724445
151348,78,1,1.0,0.0,instacart_grocery,4.3694478524670215,False,-1,-0.04637480638724445
158001,78,1,1.0,0.0,instacart_grocery,4.3694478524670215,False,-1,-0.04637480638724445
88504,78,1,1.0,0.0,instacart_grocery,4.3694478524670215,False,-1,-0.04637480638724445
98514,78,1,1.0,0.0,instacart_grocery,4.3694478524670215,False,-1,-0.04637480638724445
91133,78,1,1.0,0.0,instacart_grocery,4.3694478524670215,False,-1,-0.04637480638724445
99495,78,1,1.0,0.0,instacart_grocery,4.3694478524670215,False,-1,-0.04637480638724445
120488,78,1,1.0,0.0,instacart_grocery,4.3694478524670215,False,-1,-0.04637480638724445
94585,78,1,1.0,0.0,instacart_grocery,4.3694478524670215,False,-1,-0.04637480638724445
19140,78,1,1.0,0.0,instacart_grocery,4.3694478524670215,False,-1,-0.04637480638724445
163340,78,1,1.0,0.0,instacart_grocery,4.3694478524670215,False,-1,-0.04637480638724445
47599,78,1,1.0,0.0,instacart_grocery,4.3694478524670215,False,-1,-0.04637480638724445
5971,78,1,1.0,0.0,instacart_grocery,4.3694478524670215,False,-1,-0.04637480638724445
113159,78,1,1.0,0.0,instacart_grocery,4.3694478524670215,False,-1,-0.04637480638724445
92493,78,1,1.0,0.0,instacart_grocery,4.3694478524670215,False,-1,-0.04637480638724445
160553,78,1,1.0,0.0,instacart_grocery,4.3694478524670215,False,-1,-0.04637480638724445
146754,78,1,1.0,0.0,instacart_grocery,4.3694478524670215,False,-1,-0.04637480638724445
198159,78,1,1.0,0.0,instacart_grocery,4.3694478524670215,False,-1,-0.04637480638724445
113106,78,1,1.0,0.0,instacart_grocery,4.3694478524670215,False,-1,-0.04637480638724445
64758,78,1,1.0,0.0,instacart_grocery,4.3694478524670215,False,-1,-0.04637480638724445
202349,78,1,1.0,0.0,instacart_grocery,4.3694478524670215,False,-1,-0.04637480638724445
148932,78,1,1.0,0.0,instacart_grocery,4.3694478524670215,False,-1,-0.04637480638724445
145213,78,1,1.0,0.0,instacart_grocery,4.3694478524670215,False,-1,-0.04637480638724445
97699,78,1,1.0,0.0,instacart_grocery,4.3694478524670215,False,-1,-0.04637480638724445
202180,78,1,1.0,0.0,instacart_grocery,4.3694478524670215,False,-1,-0.04637480638724445
50250,78,1,1.0,0.0,instacart_grocery,4.3694478524670215,False,-1,-0.04637480638724445
189034,78,1,1.0,0.0,instacart_grocery,4.3694478524670215,False,-1,-0.04637480638724445
19467,78,1,1.0,0.0,instacart_grocery,4.3694478524670215,False,-1,-0.04637480638724445
116010,78,1,1.0,0.0,instacart_grocery,4.3694478524670215,False,-1,-0.04637480638724445
167151,78,1,1.0,0.0,instacart_grocery,4.3694478524670215,False,-1,-0.04637480638724445
94750,78,1,1.0,0.0,instacart_grocery,4.3694478524670215,False,-1,-0.04637480638724445
46321,78,1,1.0,0.0,instacart_grocery,4.3694478524670215,False,-1,-0.04637480638724445
6650,78,1,1.0,0.0,instacart_grocery,4.3694478524670215,False,-1,-0.04637480638724445
204745,77,1,1.0,0.0,instacart_grocery,4.356708826689592,False,-1,-0.042247762688278456
5283,77,1,1.0,0.0,instacart_grocery,4.356708826689592,False,-1,-0.042247762688278456
94686,77,1,1.0,0.0,instacart_grocery,4.356708826689592,False,-1,-0.042247762688278456
49753,77,1,1.0,0.0,instacart_grocery,4.356708826689592,False,-1,-0.042247762688278456
182930,77,1,1.0,0.0,instacart_grocery,4.356708826689592,False,-1,-0.042247762688278456
49842,77,1,1.0,0.0,instacart_grocery,4.356708826689592,False,-1,-0.042247762688278456
74942,77,1,1.0,0.0,instacart_grocery,4.356708826689592,False,-1,-0.042247762688278456
74962,77,1,1.0,0.0,instacart_grocery,4.356708826689592,False,-1,-0.042247762688278456
150647,77,1,1.0,0.0,instacart_grocery,4.356708826689592,False,-1,-0.042247762688278456
193708,77,1,1.0,0.0,instacart_grocery,4.356708826689592,False,-1,-0.042247762688278456
46291,77,1,1.0,0.0,instacart_grocery,4.356708826689592,False,-1,-0.042247762688278456
142182,77,1,1.0,0.0,instacart_grocery,4.356708826689592,False,-1,-0.042247762688278456
42016,77,1,1.0,0.0,instacart_grocery,4.356708826689592,False,-1,-0.042247762688278456
41739,77,1,1.0,0.0,instacart_grocery,4.356708826689592,False,-1,-0.042247762688278456
41043,77,1,1.0,0.0,instacart_grocery,4.356708826689592,False,-1,-0.042247762688278456
47077,77,1,1.0,0.0,instacart_grocery,4.356708826689592,False,-1,-0.042247762688278456
134902,77,1,1.0,0.0,instacart_grocery,4.356708826689592,False,-1,-0.042247762688278456
75386,77,1,1.0,0.0,instacart_grocery,4.356708826689592,False,-1,-0.042247762688278456
177411,77,1,1.0,0.0,instacart_grocery,4.356708826689592,False,-1,-0.042247762688278456
25956,77,1,1.0,0.0,instacart_grocery,4.356708826689592,False,-1,-0.042247762688278456
177643,77,1,1.0,0.0,instacart_grocery,4.356708826689592,False,-1,-0.042247762688278456
164041,77,1,1.0,0.0,instacart_grocery,4.356708826689592,False,-1,-0.042247762688278456
201821,77,1,1.0,0.0,instacart_grocery,4.356708826689592,False,-1,-0.042247762688278456
172049,77,1,1.0,0.0,instacart_grocery,4.356708826689592,False,-1,-0.042247762688278456
131959,77,1,1.0,0.0,instacart_grocery,4.356708826689592,False,-1,-0.042247762688278456
52188,77,1,1.0,0.0,instacart_grocery,4.356708826689592,False,-1,-0.042247762688278456
196196,77,1,1.0,0.0,instacart_grocery,4.356708826689592,False,-1,-0.042247762688278456
32582,77,1,1.0,0.0,instacart_grocery,4.356708826689592,False,-1,-0.042247762688278456
195889,77,1,1.0,0.0,instacart_grocery,4.356708826689592,False,-1,-0.042247762688278456
134084,77,1,1.0,0.0,instacart_grocery,4.356708826689592,False,-1,-0.042247762688278456
179309,77,1,1.0,0.0,instacart_grocery,4.356708826689592,False,-1,-0.042247762688278456
140898,77,1,1.0,0.0,instacart_grocery,4.356708826689592,False,-1,-0.042247762688278456
179970,77,1,1.0,0.0,instacart_grocery,4.356708826689592,False,-1,-0.042247762688278456
116422,77,1,1.0,0.0,instacart_grocery,4.356708826689592,False,-1,-0.042247762688278456
4705,77,1,1.0,0.0,instacart_grocery,4.356708826689592,False,-1,-0.042247762688278456
76797,77,1,1.0,0.0,instacart_grocery,4.356708826689592,False,-1,-0.042247762688278456
32127,77,1,1.0,0.0,instacart_grocery,4.356708826689592,False,-1,-0.042247762688278456
116187,77,1,1.0,0.0,instacart_grocery,4.356708826689592,False,-1,-0.042247762688278456
105147,77,1,1.0,0.0,instacart_grocery,4.356708826689592,False,-1,-0.042247762688278456
39911,77,1,1.0,0.0,instacart_grocery,4.356708826689592,False,-1,-0.042247762688278456
196374,77,1,1.0,0.0,instacart_grocery,4.356708826689592,False,-1,-0.042247762688278456
201779,77,1,1.0,0.0,instacart_grocery,4.356708826689592,False,-1,-0.042247762688278456
182293,77,1,1.0,0.0,instacart_grocery,4.356708826689592,False,-1,-0.042247762688278456
79307,77,1,1.0,0.0,instacart_grocery,4.356708826689592,False,-1,-0.042247762688278456
194310,77,1,1.0,0.0,instacart_grocery,4.356708826689592,False,-1,-0.042247762688278456
28644,77,1,1.0,0.0,instacart_grocery,4.356708826689592,False,-1,-0.042247762688278456
60569,77,1,1.0,0.0,instacart_grocery,4.356708826689592,False,-1,-0.042247762688278456
142590,77,1,1.0,0.0,instacart_grocery,4.356708826689592,False,-1,-0.042247762688278456
181920,77,1,1.0,0.0,instacart_grocery,4.356708826689592,False,-1,-0.042247762688278456
177673,77,1,1.0,0.0,instacart_grocery,4.356708826689592,False,-1,-0.042247762688278456
102067,77,1,1.0,0.0,instacart_grocery,4.356708826689592,False,-1,-0.042247762688278456
161568,77,1,1.0,0.0,instacart_grocery,4.356708826689592,False,-1,-0.042247762688278456
29151,77,1,1.0,0.0,instacart_grocery,4.356708826689592,False,-1,-0.042247762688278456
171379,77,1,1.0,0.0,instacart_grocery,4.356708826689592,False,-1,-0.042247762688278456
60219,77,1,1.0,0.0,instacart_grocery,4.356708826689592,False,-1,-0.042247762688278456
29874,77,1,1.0,0.0,instacart_grocery,4.356708826689592,False,-1,-0.042247762688278456
172697,77,1,1.0,0.0,instacart_grocery,4.356708826689592,False,-1,-0.042247762688278456
117086,77,1,1.0,0.0,instacart_grocery,4.356708826689592,False,-1,-0.042247762688278456
55695,77,1,1.0,0.0,instacart_grocery,4.356708826689592,False,-1,-0.042247762688278456
177531,77,1,1.0,0.0,instacart_grocery,4.356708826689592,False,-1,-0.042247762688278456
176717,77,1,1.0,0.0,instacart_grocery,4.356708826689592,False,-1,-0.042247762688278456
140132,77,1,1.0,0.0,instacart_grocery,4.356708826689592,False,-1,-0.042247762688278456
74766,77,1,1.0,0.0,instacart_grocery,4.356708826689592,False,-1,-0.042247762688278456
199999,77,1,1.0,0.0,instacart_grocery,4.356708826689592,False,-1,-0.042247762688278456
189861,77,1,1.0,0.0,instacart_grocery,4.356708826689592,False,-1,-0.042247762688278456
204322,77,1,1.0,0.0,instacart_grocery,4.356708826689592,False,-1,-0.042247762688278456
51515,77,1,1.0,0.0,instacart_grocery,4.356708826689592,False,-1,-0.042247762688278456
140,77,1,1.0,0.0,instacart_grocery,4.356708826689592,False,-1,-0.042247762688278456
22097,77,1,1.0,0.0,instacart_grocery,4.356708826689592,False,-1,-0.042247762688278456
53303,77,1,1.0,0.0,instacart_grocery,4.356708826689592,False,-1,-0.042247762688278456
109955,77,1,1.0,0.0,instacart_grocery,4.356708826689592,False,-1,-0.042247762688278456
125899,77,1,1.0,0.0,instacart_grocery,4.356708826689592,False,-1,-0.042247762688278456
95738,77,1,1.0,0.0,instacart_grocery,4.356708826689592,False,-1,-0.042247762688278456
151242,77,1,1.0,0.0,instacart_grocery,4.356708826689592,False,-1,-0.042247762688278456
22414,77,1,1.0,0.0,instacart_grocery,4.356708826689592,False,-1,-0.042247762688278456
166076,77,1,1.0,0.0,instacart_grocery,4.356708826689592,False,-1,-0.042247762688278456
190847,77,1,1.0,0.0,instacart_grocery,4.356708826689592,False,-1,-0.042247762688278456
55179,77,1,1.0,0.0,instacart_grocery,4.356708826689592,False,-1,-0.042247762688278456
71172,77,1,1.0,0.0,instacart_grocery,4.356708826689592,False,-1,-0.042247762688278456
21463,77,1,1.0,0.0,instacart_grocery,4.356708826689592,False,-1,-0.042247762688278456
200349,77,1,1.0,0.0,instacart_grocery,4.356708826689592,False,-1,-0.042247762688278456
20383,77,1,1.0,0.0,instacart_grocery,4.356708826689592,False,-1,-0.042247762688278456
51468,77,1,1.0,0.0,instacart_grocery,4.356708826689592,False,-1,-0.042247762688278456
168019,77,1,1.0,0.0,instacart_grocery,4.356708826689592,False,-1,-0.042247762688278456
139011,77,1,1.0,0.0,instacart_grocery,4.356708826689592,False,-1,-0.042247762688278456
100833,77,1,1.0,0.0,instacart_grocery,4.356708826689592,False,-1,-0.042247762688278456
200758,77,1,1.0,0.0,instacart_grocery,4.356708826689592,False,-1,-0.042247762688278456
21240,77,1,1.0,0.0,instacart_grocery,4.356708826689592,False,-1,-0.042247762688278456
97453,77,1,1.0,0.0,instacart_grocery,4.356708826689592,False,-1,-0.042247762688278456
122866,77,1,1.0,0.0,instacart_grocery,4.356708826689592,False,-1,-0.042247762688278456
2663,77,1,1.0,0.0,instacart_grocery,4.356708826689592,False,-1,-0.042247762688278456
44948,77,1,1.0,0.0,instacart_grocery,4.356708826689592,False,-1,-0.042247762688278456
124212,77,1,1.0,0.0,instacart_grocery,4.356708826689592,False,-1,-0.042247762688278456
201033,77,1,1.0,0.0,instacart_grocery,4.356708826689592,False,-1,-0.042247762688278456
106705,77,1,1.0,0.0,instacart_grocery,4.356708826689592,False,-1,-0.042247762688278456
37152,77,1,1.0,0.0,instacart_grocery,4.356708826689592,False,-1,-0.042247762688278456
158936,77,1,1.0,0.0,instacart_grocery,4.356708826689592,False,-1,-0.042247762688278456
77264,77,1,1.0,0.0,instacart_grocery,4.356708826689592,False,-1,-0.042247762688278456
34682,77,1,1.0,0.0,instacart_grocery,4.356708826689592,False,-1,-0.042247762688278456
155270,77,1,1.0,0.0,instacart_grocery,4.356708826689592,False,-1,-0.042247762688278456
23087,77,1,1.0,0.0,instacart_grocery,4.356708826689592,False,-1,-0.042247762688278456
165705,77,1,1.0,0.0,instacart_grocery,4.356708826689592,False,-1,-0.042247762688278456
150722,77,1,1.0,0.0,instacart_grocery,4.356708826689592,False,-1,-0.042247762688278456
22963,77,1,1.0,0.0,instacart_grocery,4.356708826689592,False,-1,-0.042247762688278456
165708,77,1,1.0,0.0,instacart_grocery,4.356708826689592,False,-1,-0.042247762688278456
16127,77,1,1.0,0.0,instacart_grocery,4.356708826689592,False,-1,-0.042247762688278456
150910,77,1,1.0,0.0,instacart_grocery,4.356708826689592,False,-1,-0.042247762688278456
127167,77,1,1.0,0.0,instacart_grocery,4.356708826689592,False,-1,-0.042247762688278456
46248,77,1,1.0,0.0,instacart_grocery,4.356708826689592,False,-1,-0.042247762688278456
37866,77,1,1.0,0.0,instacart_grocery,4.356708826689592,False,-1,-0.042247762688278456
22534,77,1,1.0,0.0,instacart_grocery,4.356708826689592,False,-1,-0.042247762688278456
61738,77,1,1.0,0.0,instacart_grocery,4.356708826689592,False,-1,-0.042247762688278456
95069,77,1,1.0,0.0,instacart_grocery,4.356708826689592,False,-1,-0.042247762688278456
202602,77,1,1.0,0.0,instacart_grocery,4.356708826689592,False,-1,-0.042247762688278456
173375,77,1,1.0,0.0,instacart_grocery,4.356708826689592,False,-1,-0.042247762688278456
165998,77,1,1.0,0.0,instacart_grocery,4.356708826689592,False,-1,-0.042247762688278456
126822,77,1,1.0,0.0,instacart_grocery,4.356708826689592,False,-1,-0.042247762688278456
70665,77,1,1.0,0.0,instacart_grocery,4.356708826689592,False,-1,-0.042247762688278456
35269,77,1,1.0,0.0,instacart_grocery,4.356708826689592,False,-1,-0.042247762688278456
142929,77,1,1.0,0.0,instacart_grocery,4.356708826689592,False,-1,-0.042247762688278456
205908,76,1,1.0,0.0,instacart_grocery,4.343805421853684,False,-1,-0.037857920823172186
51069,76,1,1.0,0.0,instacart_grocery,4.343805421853684,False,-1,-0.037857920823172186
110033,76,1,1.0,0.0,instacart_grocery,4.343805421853684,False,-1,-0.037857920823172186
134057,76,1,1.0,0.0,instacart_grocery,4.343805421853684,False,-1,-0.037857920823172186
93481,76,1,1.0,0.0,instacart_grocery,4.343805421853684,False,-1,-0.037857920823172186
198788,76,1,1.0,0.0,instacart_grocery,4.343805421853684,False,-1,-0.037857920823172186
53614,76,1,1.0,0.0,instacart_grocery,4.343805421853684,False,-1,-0.037857920823172186
50276,76,1,1.0,0.0,instacart_grocery,4.343805421853684,False,-1,-0.037857920823172186
70083,76,1,1.0,0.0,instacart_grocery,4.343805421853684,False,-1,-0.037857920823172186
38865,76,1,1.0,0.0,instacart_grocery,4.343805421853684,False,-1,-0.037857920823172186
115912,76,1,1.0,0.0,instacart_grocery,4.343805421853684,False,-1,-0.037857920823172186
74537,76,1,1.0,0.0,instacart_grocery,4.343805421853684,False,-1,-0.037857920823172186
5760,76,1,1.0,0.0,instacart_grocery,4.343805421853684,False,-1,-0.037857920823172186
8161,76,1,1.0,0.0,instacart_grocery,4.343805421853684,False,-1,-0.037857920823172186
179378,76,1,1.0,0.0,instacart_grocery,4.343805421853684,False,-1,-0.037857920823172186
195885,76,1,1.0,0.0,instacart_grocery,4.343805421853684,False,-1,-0.037857920823172186
39026,76,1,1.0,0.0,instacart_grocery,4.343805421853684,False,-1,-0.037857920823172186
8500,76,1,1.0,0.0,instacart_grocery,4.343805421853684,False,-1,-0.037857920823172186
151842,76,1,1.0,0.0,instacart_grocery,4.343805421853684,False,-1,-0.037857920823172186
36346,76,1,1.0,0.0,instacart_grocery,4.343805421853684,False,-1,-0.037857920823172186
198691,76,1,1.0,0.0,instacart_grocery,4.343805421853684,False,-1,-0.037857920823172186
198885,76,1,1.0,0.0,instacart_grocery,4.343805421853684,False,-1,-0.037857920823172186
139770,76,1,1.0,0.0,instacart_grocery,4.343805421853684,False,-1,-0.037857920823172186
205787,76,1,1.0,0.0,instacart_grocery,4.343805421853684,False,-1,-0.037857920823172186
35494,76,1,1.0,0.0,instacart_grocery,4.343805421853684,False,-1,-0.037857920823172186
75497,76,1,1.0,0.0,instacart_grocery,4.343805421853684,False,-1,-0.037857920823172186
199091,76,1,1.0,0.0,instacart_grocery,4.343805421853684,False,-1,-0.037857920823172186
75469,76,1,1.0,0.0,instacart_grocery,4.343805421853684,False,-1,-0.037857920823172186
73421,76,1,1.0,0.0,instacart_grocery,4.343805421853684,False,-1,-0.037857920823172186
151364,76,1,1.0,0.0,instacart_grocery,4.343805421853684,False,-1,-0.037857920823172186
667,76,1,1.0,0.0,instacart_grocery,4.343805421853684,False,-1,-0.037857920823172186
149590,76,1,1.0,0.0,instacart_grocery,4.343805421853684,False,-1,-0.037857920823172186
198567,76,1,1.0,0.0,instacart_grocery,4.343805421853684,False,-1,-0.037857920823172186
111550,76,1,1.0,0.0,instacart_grocery,4.343805421853684,False,-1,-0.037857920823172186
5756,76,1,1.0,0.0,instacart_grocery,4.343805421853684,False,-1,-0.037857920823172186
175302,76,1,1.0,0.0,instacart_grocery,4.343805421853684,False,-1,-0.037857920823172186
197759,76,1,1.0,0.0,instacart_grocery,4.343805421853684,False,-1,-0.037857920823172186
33524,76,1,1.0,0.0,instacart_grocery,4.343805421853684,False,-1,-0.037857920823172186
151606,76,1,1.0,0.0,instacart_grocery,4.343805421853684,False,-1,-0.037857920823172186
175167,76,1,1.0,0.0,instacart_grocery,4.343805421853684,False,-1,-0.037857920823172186
140595,76,1,1.0,0.0,instacart_grocery,4.343805421853684,False,-1,-0.037857920823172186
33340,76,1,1.0,0.0,instacart_grocery,4.343805421853684,False,-1,-0.037857920823172186
50806,76,1,1.0,0.0,instacart_grocery,4.343805421853684,False,-1,-0.037857920823172186
155159,76,1,1.0,0.0,instacart_grocery,4.343805421853684,False,-1,-0.037857920823172186
93630,76,1,1.0,0.0,instacart_grocery,4.343805421853684,False,-1,-0.037857920823172186
140335,76,1,1.0,0.0,instacart_grocery,4.343805421853684,False,-1,-0.037857920823172186
114747,76,1,1.0,0.0,instacart_grocery,4.343805421853684,False,-1,-0.037857920823172186
44944,76,1,1.0,0.0,instacart_grocery,4.343805421853684,False,-1,-0.037857920823172186
59632,76,1,1.0,0.0,instacart_grocery,4.343805421853684,False,-1,-0.037857920823172186
45765,76,1,1.0,0.0,instacart_grocery,4.343805421853684,False,-1,-0.037857920823172186
17255,76,1,1.0,0.0,instacart_grocery,4.343805421853684,False,-1,-0.037857920823172186
158257,76,1,1.0,0.0,instacart_grocery,4.343805421853684,False,-1,-0.037857920823172186
105939,76,1,1.0,0.0,instacart_grocery,4.343805421853684,False,-1,-0.037857920823172186
185512,76,1,1.0,0.0,instacart_grocery,4.343805421853684,False,-1,-0.037857920823172186
67154,76,1,1.0,0.0,instacart_grocery,4.343805421853684,False,-1,-0.037857920823172186
23946,76,1,1.0,0.0,instacart_grocery,4.343805421853684,False,-1,-0.037857920823172186
24294,76,1,1.0,0.0,instacart_grocery,4.343805421853684,False,-1,-0.037857920823172186
184301,76,1,1.0,0.0,instacart_grocery,4.343805421853684,False,-1,-0.037857920823172186
67227,76,1,1.0,0.0,instacart_grocery,4.343805421853684,False,-1,-0.037857920823172186
108047,76,1,1.0,0.0,instacart_grocery,4.343805421853684,False,-1,-0.037857920823172186
88900,76,1,1.0,0.0,instacart_grocery,4.343805421853684,False,-1,-0.037857920823172186
101597,76,1,1.0,0.0,instacart_grocery,4.343805421853684,False,-1,-0.037857920823172186
42319,76,1,1.0,0.0,instacart_grocery,4.343805421853684,False,-1,-0.037857920823172186
108167,76,1,1.0,0.0,instacart_grocery,4.343805421853684,False,-1,-0.037857920823172186
61495,76,1,1.0,0.0,instacart_grocery,4.343805421853684,False,-1,-0.037857920823172186
25369,76,1,1.0,0.0,instacart_grocery,4.343805421853684,False,-1,-0.037857920823172186
81288,76,1,1.0,0.0,instacart_grocery,4.343805421853684,False,-1,-0.037857920823172186
158481,76,1,1.0,0.0,instacart_grocery,4.343805421853684,False,-1,-0.037857920823172186
14920,76,1,1.0,0.0,instacart_grocery,4.343805421853684,False,-1,-0.037857920823172186
142514,76,1,1.0,0.0,instacart_grocery,4.343805421853684,False,-1,-0.037857920823172186
192806,76,1,1.0,0.0,instacart_grocery,4.343805421853684,False,-1,-0.037857920823172186
101638,76,1,1.0,0.0,instacart_grocery,4.343805421853684,False,-1,-0.037857920823172186
192808,76,1,1.0,0.0,instacart_grocery,4.343805421853684,False,-1,-0.037857920823172186
154595,76,1,1.0,0.0,instacart_grocery,4.343805421853684,False,-1,-0.037857920823172186
128406,76,1,1.0,0.0,instacart_grocery,4.343805421853684,False,-1,-0.037857920823172186
186497,76,1,1.0,0.0,instacart_grocery,4.343805421853684,False,-1,-0.037857920823172186
43502,76,1,1.0,0.0,instacart_grocery,4.343805421853684,False,-1,-0.037857920823172186
44867,76,1,1.0,0.0,instacart_grocery,4.343805421853684,False,-1,-0.037857920823172186
20361,76,1,1.0,0.0,instacart_grocery,4.343805421853684,False,-1,-0.037857920823172186
188012,76,1,1.0,0.0,instacart_grocery,4.343805421853684,False,-1,-0.037857920823172186
168694,76,1,1.0,0.0,instacart_grocery,4.343805421853684,False,-1,-0.037857920823172186
124110,76,1,1.0,0.0,instacart_grocery,4.343805421853684,False,-1,-0.037857920823172186
122821,76,1,1.0,0.0,instacart_grocery,4.343805421853684,False,-1,-0.037857920823172186
145121,76,1,1.0,0.0,instacart_grocery,4.343805421853684,False,-1,-0.037857920823172186
153848,76,1,1.0,0.0,instacart_grocery,4.343805421853684,False,-1,-0.037857920823172186
87340,76,1,1.0,0.0,instacart_grocery,4.343805421853684,False,-1,-0.037857920823172186
187337,76,1,1.0,0.0,instacart_grocery,4.343805421853684,False,-1,-0.037857920823172186
19020,76,1,1.0,0.0,instacart_grocery,4.343805421853684,False,-1,-0.037857920823172186
22358,76,1,1.0,0.0,instacart_grocery,4.343805421853684,False,-1,-0.037857920823172186
52385,76,1,1.0,0.0,instacart_grocery,4.343805421853684,False,-1,-0.037857920823172186
187238,76,1,1.0,0.0,instacart_grocery,4.343805421853684,False,-1,-0.037857920823172186
153719,76,1,1.0,0.0,instacart_grocery,4.343805421853684,False,-1,-0.037857920823172186
203194,76,1,1.0,0.0,instacart_grocery,4.343805421853684,False,-1,-0.037857920823172186
157346,76,1,1.0,0.0,instacart_grocery,4.343805421853684,False,-1,-0.037857920823172186
101330,76,1,1.0,0.0,instacart_grocery,4.343805421853684,False,-1,-0.037857920823172186
121592,76,1,1.0,0.0,instacart_grocery,4.343805421853684,False,-1,-0.037857920823172186
121575,76,1,1.0,0.0,instacart_grocery,4.343805421853684,False,-1,-0.037857920823172186
84079,76,1,1.0,0.0,instacart_grocery,4.343805421853684,False,-1,-0.037857920823172186
190301,76,1,1.0,0.0,instacart_grocery,4.343805421853684,False,-1,-0.037857920823172186
121303,76,1,1.0,0.0,instacart_grocery,4.343805421853684,False,-1,-0.037857920823172186
84008,76,1,1.0,0.0,instacart_grocery,4.343805421853684,False,-1,-0.037857920823172186
101232,76,1,1.0,0.0,instacart_grocery,4.343805421853684,False,-1,-0.037857920823172186
41457,76,1,1.0,0.0,instacart_grocery,4.343805421853684,False,-1,-0.037857920823172186
192011,76,1,1.0,0.0,instacart_grocery,4.343805421853684,False,-1,-0.037857920823172186
193012,76,1,1.0,0.0,instacart_grocery,4.343805421853684,False,-1,-0.037857920823172186
40822,76,1,1.0,0.0,instacart_grocery,4.343805421853684,False,-1,-0.037857920823172186
102288,76,1,1.0,0.0,instacart_grocery,4.343805421853684,False,-1,-0.037857920823172186
158483,76,1,1.0,0.0,instacart_grocery,4.343805421853684,False,-1,-0.037857920823172186
132289,76,1,1.0,0.0,instacart_grocery,4.343805421853684,False,-1,-0.037857920823172186
181278,76,1,1.0,0.0,instacart_grocery,4.343805421853684,False,-1,-0.037857920823172186
78331,76,1,1.0,0.0,instacart_grocery,4.343805421853684,False,-1,-0.037857920823172186
77889,76,1,1.0,0.0,instacart_grocery,4.343805421853684,False,-1,-0.037857920823172186
28685,76,1,1.0,0.0,instacart_grocery,4.343805421853684,False,-1,-0.037857920823172186
39769,76,1,1.0,0.0,instacart_grocery,4.343805421853684,False,-1,-0.037857920823172186
145036,76,1,1.0,0.0,instacart_grocery,4.343805421853684,False,-1,-0.037857920823172186
12237,76,1,1.0,0.0,instacart_grocery,4.343805421853684,False,-1,-0.037857920823172186
157162,76,1,1.0,0.0,instacart_grocery,4.343805421853684,False,-1,-0.037857920823172186
163324,76,1,1.0,0.0,instacart_grocery,4.343805421853684,False,-1,-0.037857920823172186
116859,76,1,1.0,0.0,instacart_grocery,4.343805421853684,False,-1,-0.037857920823172186
12160,76,1,1.0,0.0,instacart_grocery,4.343805421853684,False,-1,-0.037857920823172186
91860,76,1,1.0,0.0,instacart_grocery,4.343805421853684,False,-1,-0.037857920823172186
180075,76,1,1.0,0.0,instacart_grocery,4.343805421853684,False,-1,-0.037857920823172186
32084,76,1,1.0,0.0,instacart_grocery,4.343805421853684,False,-1,-0.037857920823172186
117693,76,1,1.0,0.0,instacart_grocery,4.343805421853684,False,-1,-0.037857920823172186
195608,76,1,1.0,0.0,instacart_grocery,4.343805421853684,False,-1,-0.037857920823172186
141075,76,1,1.0,0.0,instacart_grocery,4.343805421853684,False,-1,-0.037857920823172186
170882,76,1,1.0,0.0,instacart_grocery,4.343805421853684,False,-1,-0.037857920823172186
26546,76,1,1.0,0.0,instacart_grocery,4.343805421853684,False,-1,-0.037857920823172186
132821,76,1,1.0,0.0,instacart_grocery,4.343805421853684,False,-1,-0.037857920823172186
194095,76,1,1.0,0.0,instacart_grocery,4.343805421853684,False,-1,-0.037857920823172186
27822,76,1,1.0,0.0,instacart_grocery,4.343805421853684,False,-1,-0.037857920823172186
180098,76,1,1.0,0.0,instacart_grocery,4.343805421853684,False,-1,-0.037857920823172186
14399,76,1,1.0,0.0,instacart_grocery,4.343805421853684,False,-1,-0.037857920823172186
147883,76,1,1.0,0.0,instacart_grocery,4.343805421853684,False,-1,-0.037857920823172186
39176,75,1,1.0,0.0,instacart_grocery,4.330733340286331,False,-1,-0.034929798207429474
159379,75,1,1.0,0.0,instacart_grocery,4.330733340286331,False,-1,-0.034929798207429474
44515,75,1,1.0,0.0,instacart_grocery,4.330733340286331,False,-1,-0.034929798207429474
148787,75,1,1.0,0.0,instacart_grocery,4.330733340286331,False,-1,-0.034929798207429474
152300,75,1,1.0,0.0,instacart_grocery,4.330733340286331,False,-1,-0.034929798207429474
163200,75,1,1.0,0.0,instacart_grocery,4.330733340286331,False,-1,-0.034929798207429474
162762,75,1,1.0,0.0,instacart_grocery,4.330733340286331,False,-1,-0.034929798207429474
144773,75,1,1.0,0.0,instacart_grocery,4.330733340286331,False,-1,-0.034929798207429474
45098,75,1,1.0,0.0,instacart_grocery,4.330733340286331,False,-1,-0.034929798207429474
139379,75,1,1.0,0.0,instacart_grocery,4.330733340286331,False,-1,-0.034929798207429474
138948,75,1,1.0,0.0,instacart_grocery,4.330733340286331,False,-1,-0.034929798207429474
64861,75,1,1.0,0.0,instacart_grocery,4.330733340286331,False,-1,-0.034929798207429474
152291,75,1,1.0,0.0,instacart_grocery,4.330733340286331,False,-1,-0.034929798207429474
151628,75,1,1.0,0.0,instacart_grocery,4.330733340286331,False,-1,-0.034929798207429474
52919,75,1,1.0,0.0,instacart_grocery,4.330733340286331,False,-1,-0.034929798207429474
56907,75,1,1.0,0.0,instacart_grocery,4.330733340286331,False,-1,-0.034929798207429474
69657,75,1,1.0,0.0,instacart_grocery,4.330733340286331,False,-1,-0.034929798207429474
39188,75,1,1.0,0.0,instacart_grocery,4.330733340286331,False,-1,-0.034929798207429474
163191,75,1,1.0,0.0,instacart_grocery,4.330733340286331,False,-1,-0.034929798207429474
57245,75,1,1.0,0.0,instacart_grocery,4.330733340286331,False,-1,-0.034929798207429474
168456,75,1,1.0,0.0,instacart_grocery,4.330733340286331,False,-1,-0.034929798207429474
144116,75,1,1.0,0.0,instacart_grocery,4.330733340286331,False,-1,-0.034929798207429474
44145,75,1,1.0,0.0,instacart_grocery,4.330733340286331,False,-1,-0.034929798207429474
144019,75,1,1.0,0.0,instacart_grocery,4.330733340286331,False,-1,-0.034929798207429474
45284,75,1,1.0,0.0,instacart_grocery,4.330733340286331,False,-1,-0.034929798207429474
57267,75,1,1.0,0.0,instacart_grocery,4.330733340286331,False,-1,-0.034929798207429474
38152,75,1,1.0,0.0,instacart_grocery,4.330733340286331,False,-1,-0.034929798207429474
53981,75,1,1.0,0.0,instacart_grocery,4.330733340286331,False,-1,-0.034929798207429474
60519,75,1,1.0,0.0,instacart_grocery,4.330733340286331,False,-1,-0.034929798207429474
156480,75,1,1.0,0.0,instacart_grocery,4.330733340286331,False,-1,-0.034929798207429474
147885,75,1,1.0,0.0,instacart_grocery,4.330733340286331,False,-1,-0.034929798207429474
156835,75,1,1.0,0.0,instacart_grocery,4.330733340286331,False,-1,-0.034929798207429474
54330,75,1,1.0,0.0,instacart_grocery,4.330733340286331,False,-1,-0.034929798207429474
67550,75,1,1.0,0.0,instacart_grocery,4.330733340286331,False,-1,-0.034929798207429474
68317,75,1,1.0,0.0,instacart_grocery,4.330733340286331,False,-1,-0.034929798207429474
52705,75,1,1.0,0.0,instacart_grocery,4.330733340286331,False,-1,-0.034929798207429474
47244,75,1,1.0,0.0,instacart_grocery,4.330733340286331,False,-1,-0.034929798207429474
57674,75,1,1.0,0.0,instacart_grocery,4.330733340286331,False,-1,-0.034929798207429474
38886,75,1,1.0,0.0,instacart_grocery,4.330733340286331,False,-1,-0.034929798207429474
46320,75,1,1.0,0.0,instacart_grocery,4.330733340286331,False,-1,-0.034929798207429474
46328,75,1,1.0,0.0,instacart_grocery,4.330733340286331,False,-1,-0.034929798207429474
42384,75,1,1.0,0.0,instacart_grocery,4.330733340286331,False,-1,-0.034929798207429474
173588,75,1,1.0,0.0,instacart_grocery,4.330733340286331,False,-1,-0.034929798207429474
48684,75,1,1.0,0.0,instacart_grocery,4.330733340286331,False,-1,-0.034929798207429474
146686,75,1,1.0,0.0,instacart_grocery,4.330733340286331,False,-1,-0.034929798207429474
66224,75,1,1.0,0.0,instacart_grocery,4.330733340286331,False,-1,-0.034929798207429474
141525,75,1,1.0,0.0,instacart_grocery,4.330733340286331,False,-1,-0.034929798207429474
139688,75,1,1.0,0.0,instacart_grocery,4.330733340286331,False,-1,-0.034929798207429474
149142,75,1,1.0,0.0,instacart_grocery,4.330733340286331,False,-1,-0.034929798207429474
141638,75,1,1.0,0.0,instacart_grocery,4.330733340286331,False,-1,-0.034929798207429474
63914,75,1,1.0,0.0,instacart_grocery,4.330733340286331,False,-1,-0.034929798207429474
159921,75,1,1.0,0.0,instacart_grocery,4.330733340286331,False,-1,-0.034929798207429474
68500,75,1,1.0,0.0,instacart_grocery,4.330733340286331,False,-1,-0.034929798207429474
40574,75,1,1.0,0.0,instacart_grocery,4.330733340286331,False,-1,-0.034929798207429474
158051,75,1,1.0,0.0,instacart_grocery,4.330733340286331,False,-1,-0.034929798207429474
156505,75,1,1.0,0.0,instacart_grocery,4.330733340286331,False,-1,-0.034929798207429474
146312,75,1,1.0,0.0,instacart_grocery,4.330733340286331,False,-1,-0.034929798207429474
45936,75,1,1.0,0.0,instacart_grocery,4.330733340286331,False,-1,-0.034929798207429474
71070,75,1,1.0,0.0,instacart_grocery,4.330733340286331,False,-1,-0.034929798207429474
170007,75,1,1.0,0.0,instacart_grocery,4.330733340286331,False,-1,-0.034929798207429474
48176,75,1,1.0,0.0,instacart_grocery,4.330733340286331,False,-1,-0.034929798207429474
163375,75,1,1.0,0.0,instacart_grocery,4.330733340286331,False,-1,-0.034929798207429474
155827,75,1,1.0,0.0,instacart_grocery,4.330733340286331,False,-1,-0.034929798207429474
22195,75,1,1.0,0.0,instacart_grocery,4.330733340286331,False,-1,-0.034929798207429474
25322,75,1,1.0,0.0,instacart_grocery,4.330733340286331,False,-1,-0.034929798207429474
24898,75,1,1.0,0.0,instacart_grocery,4.330733340286331,False,-1,-0.034929798207429474
81919,75,1,1.0,0.0,instacart_grocery,4.330733340286331,False,-1,-0.034929798207429474
184691,75,1,1.0,0.0,instacart_grocery,4.330733340286331,False,-1,-0.034929798207429474
185531,75,1,1.0,0.0,instacart_grocery,4.330733340286331,False,-1,-0.034929798207429474
186227,75,1,1.0,0.0,instacart_grocery,4.330733340286331,False,-1,-0.034929798207429474
183403,75,1,1.0,0.0,instacart_grocery,4.330733340286331,False,-1,-0.034929798207429474
110350,75,1,1.0,0.0,instacart_grocery,4.330733340286331,False,-1,-0.034929798207429474
97168,75,1,1.0,0.0,instacart_grocery,4.330733340286331,False,-1,-0.034929798207429474
22325,75,1,1.0,0.0,instacart_grocery,4.330733340286331,False,-1,-0.034929798207429474
6118,75,1,1.0,0.0,instacart_grocery,4.330733340286331,False,-1,-0.034929798207429474
96775,75,1,1.0,0.0,instacart_grocery,4.330733340286331,False,-1,-0.034929798207429474
200016,75,1,1.0,0.0,instacart_grocery,4.330733340286331,False,-1,-0.034929798207429474
96057,75,1,1.0,0.0,instacart_grocery,4.330733340286331,False,-1,-0.034929798207429474
22428,75,1,1.0,0.0,instacart_grocery,4.330733340286331,False,-1,-0.034929798207429474
199951,75,1,1.0,0.0,instacart_grocery,4.330733340286331,False,-1,-0.034929798207429474
25640,75,1,1.0,0.0,instacart_grocery,4.330733340286331,False,-1,-0.034929798207429474
108350,75,1,1.0,0.0,instacart_grocery,4.330733340286331,False,-1,-0.034929798207429474
179920,75,1,1.0,0.0,instacart_grocery,4.330733340286331,False,-1,-0.034929798207429474
106869,75,1,1.0,0.0,instacart_grocery,4.330733340286331,False,-1,-0.034929798207429474
31098,75,1,1.0,0.0,instacart_grocery,4.330733340286331,False,-1,-0.034929798207429474
100574,75,1,1.0,0.0,instacart_grocery,4.330733340286331,False,-1,-0.034929798207429474
180649,75,1,1.0,0.0,instacart_grocery,4.330733340286331,False,-1,-0.034929798207429474
180690,75,1,1.0,0.0,instacart_grocery,4.330733340286331,False,-1,-0.034929798207429474
128143,75,1,1.0,0.0,instacart_grocery,4.330733340286331,False,-1,-0.034929798207429474
155895,75,1,1.0,0.0,instacart_grocery,4.330733340286331,False,-1,-0.034929798207429474
203077,75,1,1.0,0.0,instacart_grocery,4.330733340286331,False,-1,-0.034929798207429474
79372,75,1,1.0,0.0,instacart_grocery,4.330733340286331,False,-1,-0.034929798207429474
129083,75,1,1.0,0.0,instacart_grocery,4.330733340286331,False,-1,-0.034929798207429474
202658,75,1,1.0,0.0,instacart_grocery,4.330733340286331,False,-1,-0.034929798207429474
26250,75,1,1.0,0.0,instacart_grocery,4.330733340286331,False,-1,-0.034929798207429474
80179,75,1,1.0,0.0,instacart_grocery,4.330733340286331,False,-1,-0.034929798207429474
99896,75,1,1.0,0.0,instacart_grocery,4.330733340286331,False,-1,-0.034929798207429474
101030,75,1,1.0,0.0,instacart_grocery,4.330733340286331,False,-1,-0.034929798207429474
125424,75,1,1.0,0.0,instacart_grocery,4.330733340286331,False,-1,-0.034929798207429474
6821,75,1,1.0,0.0,instacart_grocery,4.330733340286331,False,-1,-0.034929798207429474
113697,75,1,1.0,0.0,instacart_grocery,4.330733340286331,False,-1,-0.034929798207429474
89431,75,1,1.0,0.0,instacart_grocery,4.330733340286331,False,-1,-0.034929798207429474
16126,75,1,1.0,0.0,instacart_grocery,4.330733340286331,False,-1,-0.034929798207429474
94384,75,1,1.0,0.0,instacart_grocery,4.330733340286331,False,-1,-0.034929798207429474
192999,75,1,1.0,0.0,instacart_grocery,4.330733340286331,False,-1,-0.034929798207429474
193014,75,1,1.0,0.0,instacart_grocery,4.330733340286331,False,-1,-0.034929798207429474
88513,75,1,1.0,0.0,instacart_grocery,4.330733340286331,False,-1,-0.034929798207429474
90856,75,1,1.0,0.0,instacart_grocery,4.330733340286331,False,-1,-0.034929798207429474
118101,75,1,1.0,0.0,instacart_grocery,4.330733340286331,False,-1,-0.034929798207429474
13362,75,1,1.0,0.0,instacart_grocery,4.330733340286331,False,-1,-0.034929798207429474
93881,75,1,1.0,0.0,instacart_grocery,4.330733340286331,False,-1,-0.034929798207429474
196519,75,1,1.0,0.0,instacart_grocery,4.330733340286331,False,-1,-0.034929798207429474
194994,75,1,1.0,0.0,instacart_grocery,4.330733340286331,False,-1,-0.034929798207429474
92952,75,1,1.0,0.0,instacart_grocery,4.330733340286331,False,-1,-0.034929798207429474
9577,75,1,1.0,0.0,instacart_grocery,4.330733340286331,False,-1,-0.034929798207429474
187305,75,1,1.0,0.0,instacart_grocery,4.330733340286331,False,-1,-0.034929798207429474
190474,75,1,1.0,0.0,instacart_grocery,4.330733340286331,False,-1,-0.034929798207429474
198305,75,1,1.0,0.0,instacart_grocery,4.330733340286331,False,-1,-0.034929798207429474
85387,75,1,1.0,0.0,instacart_grocery,4.330733340286331,False,-1,-0.034929798207429474
85731,75,1,1.0,0.0,instacart_grocery,4.330733340286331,False,-1,-0.034929798207429474
199774,75,1,1.0,0.0,instacart_grocery,4.330733340286331,False,-1,-0.034929798207429474
187930,75,1,1.0,0.0,instacart_grocery,4.330733340286331,False,-1,-0.034929798207429474
124124,75,1,1.0,0.0,instacart_grocery,4.330733340286331,False,-1,-0.034929798207429474
187984,75,1,1.0,0.0,instacart_grocery,4.330733340286331,False,-1,-0.034929798207429474
113214,75,1,1.0,0.0,instacart_grocery,4.330733340286331,False,-1,-0.034929798207429474
20659,75,1,1.0,0.0,instacart_grocery,4.330733340286331,False,-1,-0.034929798207429474
122725,75,1,1.0,0.0,instacart_grocery,4.330733340286331,False,-1,-0.034929798207429474
87113,75,1,1.0,0.0,instacart_grocery,4.330733340286331,False,-1,-0.034929798207429474
122051,75,1,1.0,0.0,instacart_grocery,4.330733340286331,False,-1,-0.034929798207429474
121846,75,1,1.0,0.0,instacart_grocery,4.330733340286331,False,-1,-0.034929798207429474
112793,75,1,1.0,0.0,instacart_grocery,4.330733340286331,False,-1,-0.034929798207429474
198497,75,1,1.0,0.0,instacart_grocery,4.330733340286331,False,-1,-0.034929798207429474
188548,75,1,1.0,0.0,instacart_grocery,4.330733340286331,False,-1,-0.034929798207429474
132912,75,1,1.0,0.0,instacart_grocery,4.330733340286331,False,-1,-0.034929798207429474
93123,75,1,1.0,0.0,instacart_grocery,4.330733340286331,False,-1,-0.034929798207429474
73283,75,1,1.0,0.0,instacart_grocery,4.330733340286331,False,-1,-0.034929798207429474
174573,75,1,1.0,0.0,instacart_grocery,4.330733340286331,False,-1,-0.034929798207429474
137379,75,1,1.0,0.0,instacart_grocery,4.330733340286331,False,-1,-0.034929798207429474
1120,75,1,1.0,0.0,instacart_grocery,4.330733340286331,False,-1,-0.034929798207429474
136235,75,1,1.0,0.0,instacart_grocery,4.330733340286331,False,-1,-0.034929798207429474
74285,75,1,1.0,0.0,instacart_grocery,4.330733340286331,False,-1,-0.034929798207429474
105539,75,1,1.0,0.0,instacart_grocery,4.330733340286331,False,-1,-0.034929798207429474
32863,75,1,1.0,0.0,instacart_grocery,4.330733340286331,False,-1,-0.034929798207429474
136307,75,1,1.0,0.0,instacart_grocery,4.330733340286331,False,-1,-0.034929798207429474
72738,75,1,1.0,0.0,instacart_grocery,4.330733340286331,False,-1,-0.034929798207429474
102638,75,1,1.0,0.0,instacart_grocery,4.330733340286331,False,-1,-0.034929798207429474
72988,75,1,1.0,0.0,instacart_grocery,4.330733340286331,False,-1,-0.034929798207429474
102601,75,1,1.0,0.0,instacart_grocery,4.330733340286331,False,-1,-0.034929798207429474
138089,75,1,1.0,0.0,instacart_grocery,4.330733340286331,False,-1,-0.034929798207429474
105479,75,1,1.0,0.0,instacart_grocery,4.330733340286331,False,-1,-0.034929798207429474
34644,75,1,1.0,0.0,instacart_grocery,4.330733340286331,False,-1,-0.034929798207429474
176517,75,1,1.0,0.0,instacart_grocery,4.330733340286331,False,-1,-0.034929798207429474
72973,75,1,1.0,0.0,instacart_grocery,4.330733340286331,False,-1,-0.034929798207429474
36663,75,1,1.0,0.0,instacart_grocery,4.330733340286331,False,-1,-0.034929798207429474
103299,75,1,1.0,0.0,instacart_grocery,4.330733340286331,False,-1,-0.034929798207429474
1754,75,1,1.0,0.0,instacart_grocery,4.330733340286331,False,-1,-0.034929798207429474
133815,75,1,1.0,0.0,instacart_grocery,4.330733340286331,False,-1,-0.034929798207429474
204354,75,1,1.0,0.0,instacart_grocery,4.330733340286331,False,-1,-0.034929798207429474
179310,75,1,1.0,0.0,instacart_grocery,4.330733340286331,False,-1,-0.034929798207429474
101099,75,1,1.0,0.0,instacart_grocery,4.330733340286331,False,-1,-0.034929798207429474
133716,75,1,1.0,0.0,instacart_grocery,4.330733340286331,False,-1,-0.034929798207429474
175656,75,1,1.0,0.0,instacart_grocery,4.330733340286331,False,-1,-0.034929798207429474
188241,74,1,1.0,0.0,instacart_grocery,4.31748811353631,False,-1,-0.03139319501763305
103431,74,1,1.0,0.0,instacart_grocery,4.31748811353631,False,-1,-0.03139319501763305
44749,74,1,1.0,0.0,instacart_grocery,4.31748811353631,False,-1,-0.03139319501763305
45461,74,1,1.0,0.0,instacart_grocery,4.31748811353631,False,-1,-0.03139319501763305
120923,74,1,1.0,0.0,instacart_grocery,4.31748811353631,False,-1,-0.03139319501763305
166254,74,1,1.0,0.0,instacart_grocery,4.31748811353631,False,-1,-0.03139319501763305
166141,74,1,1.0,0.0,instacart_grocery,4.31748811353631,False,-1,-0.03139319501763305
111669,74,1,1.0,0.0,instacart_grocery,4.31748811353631,False,-1,-0.03139319501763305
173620,74,1,1.0,0.0,instacart_grocery,4.31748811353631,False,-1,-0.03139319501763305
36875,74,1,1.0,0.0,instacart_grocery,4.31748811353631,False,-1,-0.03139319501763305
89198,74,1,1.0,0.0,instacart_grocery,4.31748811353631,False,-1,-0.03139319501763305
62999,74,1,1.0,0.0,instacart_grocery,4.31748811353631,False,-1,-0.03139319501763305
62877,74,1,1.0,0.0,instacart_grocery,4.31748811353631,False,-1,-0.03139319501763305
191443,74,1,1.0,0.0,instacart_grocery,4.31748811353631,False,-1,-0.03139319501763305
88423,74,1,1.0,0.0,instacart_grocery,4.31748811353631,False,-1,-0.03139319501763305
18125,74,1,1.0,0.0,instacart_grocery,4.31748811353631,False,-1,-0.03139319501763305
19364,74,1,1.0,0.0,instacart_grocery,4.31748811353631,False,-1,-0.03139319501763305
151064,74,1,1.0,0.0,instacart_grocery,4.31748811353631,False,-1,-0.03139319501763305
45074,74,1,1.0,0.0,instacart_grocery,4.31748811353631,False,-1,-0.03139319501763305
175561,74,1,1.0,0.0,instacart_grocery,4.31748811353631,False,-1,-0.03139319501763305
64680,74,1,1.0,0.0,instacart_grocery,4.31748811353631,False,-1,-0.03139319501763305
64366,74,1,1.0,0.0,instacart_grocery,4.31748811353631,False,-1,-0.03139319501763305
53924,74,1,1.0,0.0,instacart_grocery,4.31748811353631,False,-1,-0.03139319501763305
188974,74,1,1.0,0.0,instacart_grocery,4.31748811353631,False,-1,-0.03139319501763305
112654,74,1,1.0,0.0,instacart_grocery,4.31748811353631,False,-1,-0.03139319501763305
71516,74,1,1.0,0.0,instacart_grocery,4.31748811353631,False,-1,-0.03139319501763305
16712,74,1,1.0,0.0,instacart_grocery,4.31748811353631,False,-1,-0.03139319501763305
112295,74,1,1.0,0.0,instacart_grocery,4.31748811353631,False,-1,-0.03139319501763305
121224,74,1,1.0,0.0,instacart_grocery,4.31748811353631,False,-1,-0.03139319501763305
20034,74,1,1.0,0.0,instacart_grocery,4.31748811353631,False,-1,-0.03139319501763305
111955,74,1,1.0,0.0,instacart_grocery,4.31748811353631,False,-1,-0.03139319501763305
95188,74,1,1.0,0.0,instacart_grocery,4.31748811353631,False,-1,-0.03139319501763305
73796,74,1,1.0,0.0,instacart_grocery,4.31748811353631,False,-1,-0.03139319501763305
95605,74,1,1.0,0.0,instacart_grocery,4.31748811353631,False,-1,-0.03139319501763305
121298,74,1,1.0,0.0,instacart_grocery,4.31748811353631,False,-1,-0.03139319501763305
62556,74,1,1.0,0.0,instacart_grocery,4.31748811353631,False,-1,-0.03139319501763305
69075,74,1,1.0,0.0,instacart_grocery,4.31748811353631,False,-1,-0.03139319501763305
191702,74,1,1.0,0.0,instacart_grocery,4.31748811353631,False,-1,-0.03139319501763305
60563,74,1,1.0,0.0,instacart_grocery,4.31748811353631,False,-1,-0.03139319501763305
194575,74,1,1.0,0.0,instacart_grocery,4.31748811353631,False,-1,-0.03139319501763305
48096,74,1,1.0,0.0,instacart_grocery,4.31748811353631,False,-1,-0.03139319501763305
149451,74,1,1.0,0.0,instacart_grocery,4.31748811353631,False,-1,-0.03139319501763305
60292,74,1,1.0,0.0,instacart_grocery,4.31748811353631,False,-1,-0.03139319501763305
93860,74,1,1.0,0.0,instacart_grocery,4.31748811353631,False,-1,-0.03139319501763305
194982,74,1,1.0,0.0,instacart_grocery,4.31748811353631,False,-1,-0.03139319501763305
48206,74,1,1.0,0.0,instacart_grocery,4.31748811353631,False,-1,-0.03139319501763305
72110,74,1,1.0,0.0,instacart_grocery,4.31748811353631,False,-1,-0.03139319501763305
116932,74,1,1.0,0.0,instacart_grocery,4.31748811353631,False,-1,-0.03139319501763305
115097,74,1,1.0,0.0,instacart_grocery,4.31748811353631,False,-1,-0.03139319501763305
48632,74,1,1.0,0.0,instacart_grocery,4.31748811353631,False,-1,-0.03139319501763305
115248,74,1,1.0,0.0,instacart_grocery,4.31748811353631,False,-1,-0.03139319501763305
116566,74,1,1.0,0.0,instacart_grocery,4.31748811353631,False,-1,-0.03139319501763305
11204,74,1,1.0,0.0,instacart_grocery,4.31748811353631,False,-1,-0.03139319501763305
59792,74,1,1.0,0.0,instacart_grocery,4.31748811353631,False,-1,-0.03139319501763305
10451,74,1,1.0,0.0,instacart_grocery,4.31748811353631,False,-1,-0.03139319501763305
116122,74,1,1.0,0.0,instacart_grocery,4.31748811353631,False,-1,-0.03139319501763305
196130,74,1,1.0,0.0,instacart_grocery,4.31748811353631,False,-1,-0.03139319501763305
206096,74,1,1.0,0.0,instacart_grocery,4.31748811353631,False,-1,-0.03139319501763305
93083,74,1,1.0,0.0,instacart_grocery,4.31748811353631,False,-1,-0.03139319501763305
196664,74,1,1.0,0.0,instacart_grocery,4.31748811353631,False,-1,-0.03139319501763305
62450,74,1,1.0,0.0,instacart_grocery,4.31748811353631,False,-1,-0.03139319501763305
162340,74,1,1.0,0.0,instacart_grocery,4.31748811353631,False,-1,-0.03139319501763305
47869,74,1,1.0,0.0,instacart_grocery,4.31748811353631,False,-1,-0.03139319501763305
191715,74,1,1.0,0.0,instacart_grocery,4.31748811353631,False,-1,-0.03139319501763305
119976,74,1,1.0,0.0,instacart_grocery,4.31748811353631,False,-1,-0.03139319501763305
175490,74,1,1.0,0.0,instacart_grocery,4.31748811353631,False,-1,-0.03139319501763305
61879,74,1,1.0,0.0,instacart_grocery,4.31748811353631,False,-1,-0.03139319501763305
188109,74,1,1.0,0.0,instacart_grocery,4.31748811353631,False,-1,-0.03139319501763305
146882,74,1,1.0,0.0,instacart_grocery,4.31748811353631,False,-1,-0.03139319501763305
49818,74,1,1.0,0.0,instacart_grocery,4.31748811353631,False,-1,-0.03139319501763305
119434,74,1,1.0,0.0,instacart_grocery,4.31748811353631,False,-1,-0.03139319501763305
15553,74,1,1.0,0.0,instacart_grocery,4.31748811353631,False,-1,-0.03139319501763305
8812,74,1,1.0,0.0,instacart_grocery,4.31748811353631,False,-1,-0.03139319501763305
149822,74,1,1.0,0.0,instacart_grocery,4.31748811353631,False,-1,-0.03139319501763305
118728,74,1,1.0,0.0,instacart_grocery,4.31748811353631,False,-1,-0.03139319501763305
9192,74,1,1.0,0.0,instacart_grocery,4.31748811353631,False,-1,-0.03139319501763305
46761,74,1,1.0,0.0,instacart_grocery,4.31748811353631,False,-1,-0.03139319501763305
71612,74,1,1.0,0.0,instacart_grocery,4.31748811353631,False,-1,-0.03139319501763305
14860,74,1,1.0,0.0,instacart_grocery,4.31748811353631,False,-1,-0.03139319501763305
193488,74,1,1.0,0.0,instacart_grocery,4.31748811353631,False,-1,-0.03139319501763305
164465,74,1,1.0,0.0,instacart_grocery,4.31748811353631,False,-1,-0.03139319501763305
193948,74,1,1.0,0.0,instacart_grocery,4.31748811353631,False,-1,-0.03139319501763305
103874,74,1,1.0,0.0,instacart_grocery,4.31748811353631,False,-1,-0.03139319501763305
13354,74,1,1.0,0.0,instacart_grocery,4.31748811353631,False,-1,-0.03139319501763305
48028,74,1,1.0,0.0,instacart_grocery,4.31748811353631,False,-1,-0.03139319501763305
65088,74,1,1.0,0.0,instacart_grocery,4.31748811353631,False,-1,-0.03139319501763305
29344,74,1,1.0,0.0,instacart_grocery,4.31748811353631,False,-1,-0.03139319501763305
176896,74,1,1.0,0.0,instacart_grocery,4.31748811353631,False,-1,-0.03139319501763305
109935,74,1,1.0,0.0,instacart_grocery,4.31748811353631,False,-1,-0.03139319501763305
68494,74,1,1.0,0.0,instacart_grocery,4.31748811353631,False,-1,-0.03139319501763305
110019,74,1,1.0,0.0,instacart_grocery,4.31748811353631,False,-1,-0.03139319501763305
1537,74,1,1.0,0.0,instacart_grocery,4.31748811353631,False,-1,-0.03139319501763305
3011,74,1,1.0,0.0,instacart_grocery,4.31748811353631,False,-1,-0.03139319501763305
200940,74,1,1.0,0.0,instacart_grocery,4.31748811353631,False,-1,-0.03139319501763305
110141,74,1,1.0,0.0,instacart_grocery,4.31748811353631,False,-1,-0.03139319501763305
200916,74,1,1.0,0.0,instacart_grocery,4.31748811353631,False,-1,-0.03139319501763305
78504,74,1,1.0,0.0,instacart_grocery,4.31748811353631,False,-1,-0.03139319501763305
172909,74,1,1.0,0.0,instacart_grocery,4.31748811353631,False,-1,-0.03139319501763305
135579,74,1,1.0,0.0,instacart_grocery,4.31748811353631,False,-1,-0.03139319501763305
52529,74,1,1.0,0.0,instacart_grocery,4.31748811353631,False,-1,-0.03139319501763305
126594,74,1,1.0,0.0,instacart_grocery,4.31748811353631,False,-1,-0.03139319501763305
66536,74,1,1.0,0.0,instacart_grocery,4.31748811353631,False,-1,-0.03139319501763305
26030,74,1,1.0,0.0,instacart_grocery,4.31748811353631,False,-1,-0.03139319501763305
130393,74,1,1.0,0.0,instacart_grocery,4.31748811353631,False,-1,-0.03139319501763305
201412,74,1,1.0,0.0,instacart_grocery,4.31748811353631,False,-1,-0.03139319501763305
20687,74,1,1.0,0.0,instacart_grocery,4.31748811353631,False,-1,-0.03139319501763305
28681,74,1,1.0,0.0,instacart_grocery,4.31748811353631,False,-1,-0.03139319501763305
170515,74,1,1.0,0.0,instacart_grocery,4.31748811353631,False,-1,-0.03139319501763305
99720,74,1,1.0,0.0,instacart_grocery,4.31748811353631,False,-1,-0.03139319501763305
99701,74,1,1.0,0.0,instacart_grocery,4.31748811353631,False,-1,-0.03139319501763305
33439,74,1,1.0,0.0,instacart_grocery,4.31748811353631,False,-1,-0.03139319501763305
4650,74,1,1.0,0.0,instacart_grocery,4.31748811353631,False,-1,-0.03139319501763305
183188,74,1,1.0,0.0,instacart_grocery,4.31748811353631,False,-1,-0.03139319501763305
70505,74,1,1.0,0.0,instacart_grocery,4.31748811353631,False,-1,-0.03139319501763305
56775,74,1,1.0,0.0,instacart_grocery,4.31748811353631,False,-1,-0.03139319501763305
177827,74,1,1.0,0.0,instacart_grocery,4.31748811353631,False,-1,-0.03139319501763305
81757,74,1,1.0,0.0,instacart_grocery,4.31748811353631,False,-1,-0.03139319501763305
204976,74,1,1.0,0.0,instacart_grocery,4.31748811353631,False,-1,-0.03139319501763305
153529,74,1,1.0,0.0,instacart_grocery,4.31748811353631,False,-1,-0.03139319501763305
129198,74,1,1.0,0.0,instacart_grocery,4.31748811353631,False,-1,-0.03139319501763305
3530,74,1,1.0,0.0,instacart_grocery,4.31748811353631,False,-1,-0.03139319501763305
129488,74,1,1.0,0.0,instacart_grocery,4.31748811353631,False,-1,-0.03139319501763305
5287,74,1,1.0,0.0,instacart_grocery,4.31748811353631,False,-1,-0.03139319501763305
133970,74,1,1.0,0.0,instacart_grocery,4.31748811353631,False,-1,-0.03139319501763305
140809,74,1,1.0,0.0,instacart_grocery,4.31748811353631,False,-1,-0.03139319501763305
40590,74,1,1.0,0.0,instacart_grocery,4.31748811353631,False,-1,-0.03139319501763305
2926,74,1,1.0,0.0,instacart_grocery,4.31748811353631,False,-1,-0.03139319501763305
52383,74,1,1.0,0.0,instacart_grocery,4.31748811353631,False,-1,-0.03139319501763305
131915,74,1,1.0,0.0,instacart_grocery,4.31748811353631,False,-1,-0.03139319501763305
65495,74,1,1.0,0.0,instacart_grocery,4.31748811353631,False,-1,-0.03139319501763305
168938,74,1,1.0,0.0,instacart_grocery,4.31748811353631,False,-1,-0.03139319501763305
205273,74,1,1.0,0.0,instacart_grocery,4.31748811353631,False,-1,-0.03139319501763305
44171,74,1,1.0,0.0,instacart_grocery,4.31748811353631,False,-1,-0.03139319501763305
50679,74,1,1.0,0.0,instacart_grocery,4.31748811353631,False,-1,-0.03139319501763305
102915,74,1,1.0,0.0,instacart_grocery,4.31748811353631,False,-1,-0.03139319501763305
111467,74,1,1.0,0.0,instacart_grocery,4.31748811353631,False,-1,-0.03139319501763305
104785,74,1,1.0,0.0,instacart_grocery,4.31748811353631,False,-1,-0.03139319501763305
86373,74,1,1.0,0.0,instacart_grocery,4.31748811353631,False,-1,-0.03139319501763305
73994,74,1,1.0,0.0,instacart_grocery,4.31748811353631,False,-1,-0.03139319501763305
100698,74,1,1.0,0.0,instacart_grocery,4.31748811353631,False,-1,-0.03139319501763305
77197,74,1,1.0,0.0,instacart_grocery,4.31748811353631,False,-1,-0.03139319501763305
141026,74,1,1.0,0.0,instacart_grocery,4.31748811353631,False,-1,-0.03139319501763305
173213,74,1,1.0,0.0,instacart_grocery,4.31748811353631,False,-1,-0.03139319501763305
141331,74,1,1.0,0.0,instacart_grocery,4.31748811353631,False,-1,-0.03139319501763305
104928,74,1,1.0,0.0,instacart_grocery,4.31748811353631,False,-1,-0.03139319501763305
144055,74,1,1.0,0.0,instacart_grocery,4.31748811353631,False,-1,-0.03139319501763305
126305,74,1,1.0,0.0,instacart_grocery,4.31748811353631,False,-1,-0.03139319501763305
186747,74,1,1.0,0.0,instacart_grocery,4.31748811353631,False,-1,-0.03139319501763305
59613,74,1,1.0,0.0,instacart_grocery,4.31748811353631,False,-1,-0.03139319501763305
169272,74,1,1.0,0.0,instacart_grocery,4.31748811353631,False,-1,-0.03139319501763305
199973,74,1,1.0,0.0,instacart_grocery,4.31748811353631,False,-1,-0.03139319501763305
153987,74,1,1.0,0.0,instacart_grocery,4.31748811353631,False,-1,-0.03139319501763305
68756,74,1,1.0,0.0,instacart_grocery,4.31748811353631,False,-1,-0.03139319501763305
37811,74,1,1.0,0.0,instacart_grocery,4.31748811353631,False,-1,-0.03139319501763305
125361,74,1,1.0,0.0,instacart_grocery,4.31748811353631,False,-1,-0.03139319501763305
6808,74,1,1.0,0.0,instacart_grocery,4.31748811353631,False,-1,-0.03139319501763305
125159,74,1,1.0,0.0,instacart_grocery,4.31748811353631,False,-1,-0.03139319501763305
84820,74,1,1.0,0.0,instacart_grocery,4.31748811353631,False,-1,-0.03139319501763305
55104,74,1,1.0,0.0,instacart_grocery,4.31748811353631,False,-1,-0.03139319501763305
139828,74,1,1.0,0.0,instacart_grocery,4.31748811353631,False,-1,-0.03139319501763305
85120,74,1,1.0,0.0,instacart_grocery,4.31748811353631,False,-1,-0.03139319501763305
76142,74,1,1.0,0.0,instacart_grocery,4.31748811353631,False,-1,-0.03139319501763305
52468,73,1,1.0,0.0,instacart_grocery,4.30406509320417,False,-1,-0.031075555042397673
10000,73,1,1.0,0.0,instacart_grocery,4.30406509320417,False,-1,-0.031075555042397673
157520,73,1,1.0,0.0,instacart_grocery,4.30406509320417,False,-1,-0.031075555042397673
153471,73,1,1.0,0.0,instacart_grocery,4.30406509320417,False,-1,-0.031075555042397673
105643,73,1,1.0,0.0,instacart_grocery,4.30406509320417,False,-1,-0.031075555042397673
105739,73,1,1.0,0.0,instacart_grocery,4.30406509320417,False,-1,-0.031075555042397673
153893,73,1,1.0,0.0,instacart_grocery,4.30406509320417,False,-1,-0.031075555042397673
196710,73,1,1.0,0.0,instacart_grocery,4.30406509320417,False,-1,-0.031075555042397673
111488,73,1,1.0,0.0,instacart_grocery,4.30406509320417,False,-1,-0.031075555042397673
161753,73,1,1.0,0.0,instacart_grocery,4.30406509320417,False,-1,-0.031075555042397673
94619,73,1,1.0,0.0,instacart_grocery,4.30406509320417,False,-1,-0.031075555042397673
102488,73,1,1.0,0.0,instacart_grocery,4.30406509320417,False,-1,-0.031075555042397673
94629,73,1,1.0,0.0,instacart_grocery,4.30406509320417,False,-1,-0.031075555042397673
53823,73,1,1.0,0.0,instacart_grocery,4.30406509320417,False,-1,-0.031075555042397673
7911,73,1,1.0,0.0,instacart_grocery,4.30406509320417,False,-1,-0.031075555042397673
159735,73,1,1.0,0.0,instacart_grocery,4.30406509320417,False,-1,-0.031075555042397673
97243,73,1,1.0,0.0,instacart_grocery,4.30406509320417,False,-1,-0.031075555042397673
198645,73,1,1.0,0.0,instacart_grocery,4.30406509320417,False,-1,-0.031075555042397673
205513,73,1,1.0,0.0,instacart_grocery,4.30406509320417,False,-1,-0.031075555042397673
159763,73,1,1.0,0.0,instacart_grocery,4.30406509320417,False,-1,-0.031075555042397673
198896,73,1,1.0,0.0,instacart_grocery,4.30406509320417,False,-1,-0.031075555042397673
95740,73,1,1.0,0.0,instacart_grocery,4.30406509320417,False,-1,-0.031075555042397673
151446,73,1,1.0,0.0,instacart_grocery,4.30406509320417,False,-1,-0.031075555042397673
719,73,1,1.0,0.0,instacart_grocery,4.30406509320417,False,-1,-0.031075555042397673
95077,73,1,1.0,0.0,instacart_grocery,4.30406509320417,False,-1,-0.031075555042397673
101719,73,1,1.0,0.0,instacart_grocery,4.30406509320417,False,-1,-0.031075555042397673
104156,73,1,1.0,0.0,instacart_grocery,4.30406509320417,False,-1,-0.031075555042397673
102090,73,1,1.0,0.0,instacart_grocery,4.30406509320417,False,-1,-0.031075555042397673
202347,73,1,1.0,0.0,instacart_grocery,4.30406509320417,False,-1,-0.031075555042397673
156190,73,1,1.0,0.0,instacart_grocery,4.30406509320417,False,-1,-0.031075555042397673
156783,73,1,1.0,0.0,instacart_grocery,4.30406509320417,False,-1,-0.031075555042397673
108726,73,1,1.0,0.0,instacart_grocery,4.30406509320417,False,-1,-0.031075555042397673
114134,73,1,1.0,0.0,instacart_grocery,4.30406509320417,False,-1,-0.031075555042397673
202062,73,1,1.0,0.0,instacart_grocery,4.30406509320417,False,-1,-0.031075555042397673
8687,73,1,1.0,0.0,instacart_grocery,4.30406509320417,False,-1,-0.031075555042397673
197381,73,1,1.0,0.0,instacart_grocery,4.30406509320417,False,-1,-0.031075555042397673
98156,73,1,1.0,0.0,instacart_grocery,4.30406509320417,False,-1,-0.031075555042397673
5363,73,1,1.0,0.0,instacart_grocery,4.30406509320417,False,-1,-0.031075555042397673
201358,73,1,1.0,0.0,instacart_grocery,4.30406509320417,False,-1,-0.031075555042397673
114008,73,1,1.0,0.0,instacart_grocery,4.30406509320417,False,-1,-0.031075555042397673
150268,73,1,1.0,0.0,instacart_grocery,4.30406509320417,False,-1,-0.031075555042397673
94533,73,1,1.0,0.0,instacart_grocery,4.30406509320417,False,-1,-0.031075555042397673
50082,73,1,1.0,0.0,instacart_grocery,4.30406509320417,False,-1,-0.031075555042397673
95898,73,1,1.0,0.0,instacart_grocery,4.30406509320417,False,-1,-0.031075555042397673
138772,73,1,1.0,0.0,instacart_grocery,4.30406509320417,False,-1,-0.031075555042397673
162954,73,1,1.0,0.0,instacart_grocery,4.30406509320417,False,-1,-0.031075555042397673
78664,73,1,1.0,0.0,instacart_grocery,4.30406509320417,False,-1,-0.031075555042397673
28159,73,1,1.0,0.0,instacart_grocery,4.30406509320417,False,-1,-0.031075555042397673
129355,73,1,1.0,0.0,instacart_grocery,4.30406509320417,False,-1,-0.031075555042397673
80144,73,1,1.0,0.0,instacart_grocery,4.30406509320417,False,-1,-0.031075555042397673
26216,73,1,1.0,0.0,instacart_grocery,4.30406509320417,False,-1,-0.031075555042397673
26199,73,1,1.0,0.0,instacart_grocery,4.30406509320417,False,-1,-0.031075555042397673
80861,73,1,1.0,0.0,instacart_grocery,4.30406509320417,False,-1,-0.031075555042397673
142664,73,1,1.0,0.0,instacart_grocery,4.30406509320417,False,-1,-0.031075555042397673
127604,73,1,1.0,0.0,instacart_grocery,4.30406509320417,False,-1,-0.031075555042397673
81974,73,1,1.0,0.0,instacart_grocery,4.30406509320417,False,-1,-0.031075555042397673
184085,73,1,1.0,0.0,instacart_grocery,4.30406509320417,False,-1,-0.031075555042397673
141896,73,1,1.0,0.0,instacart_grocery,4.30406509320417,False,-1,-0.031075555042397673
184248,73,1,1.0,0.0,instacart_grocery,4.30406509320417,False,-1,-0.031075555042397673
195822,73,1,1.0,0.0,instacart_grocery,4.30406509320417,False,-1,-0.031075555042397673
66881,73,1,1.0,0.0,instacart_grocery,4.30406509320417,False,-1,-0.031075555042397673
126891,73,1,1.0,0.0,instacart_grocery,4.30406509320417,False,-1,-0.031075555042397673
126575,73,1,1.0,0.0,instacart_grocery,4.30406509320417,False,-1,-0.031075555042397673
186408,73,1,1.0,0.0,instacart_grocery,4.30406509320417,False,-1,-0.031075555042397673
186506,73,1,1.0,0.0,instacart_grocery,4.30406509320417,False,-1,-0.031075555042397673
125843,73,1,1.0,0.0,instacart_grocery,4.30406509320417,False,-1,-0.031075555042397673
125525,73,1,1.0,0.0,instacart_grocery,4.30406509320417,False,-1,-0.031075555042397673
186981,73,1,1.0,0.0,instacart_grocery,4.30406509320417,False,-1,-0.031075555042397673
169049,73,1,1.0,0.0,instacart_grocery,4.30406509320417,False,-1,-0.031075555042397673
65794,73,1,1.0,0.0,instacart_grocery,4.30406509320417,False,-1,-0.031075555042397673
170068,73,1,1.0,0.0,instacart_grocery,4.30406509320417,False,-1,-0.031075555042397673
78162,73,1,1.0,0.0,instacart_grocery,4.30406509320417,False,-1,-0.031075555042397673
180536,73,1,1.0,0.0,instacart_grocery,4.30406509320417,False,-1,-0.031075555042397673
141434,73,1,1.0,0.0,instacart_grocery,4.30406509320417,False,-1,-0.031075555042397673
174297,73,1,1.0,0.0,instacart_grocery,4.30406509320417,False,-1,-0.031075555042397673
137448,73,1,1.0,0.0,instacart_grocery,4.30406509320417,False,-1,-0.031075555042397673
139516,73,1,1.0,0.0,instacart_grocery,4.30406509320417,False,-1,-0.031075555042397673
36007,73,1,1.0,0.0,instacart_grocery,4.30406509320417,False,-1,-0.031075555042397673
71256,73,1,1.0,0.0,instacart_grocery,4.30406509320417,False,-1,-0.031075555042397673
139631,73,1,1.0,0.0,instacart_grocery,4.30406509320417,False,-1,-0.031075555042397673
176035,73,1,1.0,0.0,instacart_grocery,4.30406509320417,False,-1,-0.031075555042397673
176039,73,1,1.0,0.0,instacart_grocery,4.30406509320417,False,-1,-0.031075555042397673
74194,73,1,1.0,0.0,instacart_grocery,4.30406509320417,False,-1,-0.031075555042397673
139820,73,1,1.0,0.0,instacart_grocery,4.30406509320417,False,-1,-0.031075555042397673
37854,73,1,1.0,0.0,instacart_grocery,4.30406509320417,False,-1,-0.031075555042397673
34850,73,1,1.0,0.0,instacart_grocery,4.30406509320417,False,-1,-0.031075555042397673
34565,73,1,1.0,0.0,instacart_grocery,4.30406509320417,False,-1,-0.031075555042397673
177129,73,1,1.0,0.0,instacart_grocery,4.30406509320417,False,-1,-0.031075555042397673
177133,73,1,1.0,0.0,instacart_grocery,4.30406509320417,False,-1,-0.031075555042397673
76345,73,1,1.0,0.0,instacart_grocery,4.30406509320417,False,-1,-0.031075555042397673
32860,73,1,1.0,0.0,instacart_grocery,4.30406509320417,False,-1,-0.031075555042397673
76468,73,1,1.0,0.0,instacart_grocery,4.30406509320417,False,-1,-0.031075555042397673
172467,73,1,1.0,0.0,instacart_grocery,4.30406509320417,False,-1,-0.031075555042397673
172369,73,1,1.0,0.0,instacart_grocery,4.30406509320417,False,-1,-0.031075555042397673
32240,73,1,1.0,0.0,instacart_grocery,4.30406509320417,False,-1,-0.031075555042397673
179592,73,1,1.0,0.0,instacart_grocery,4.30406509320417,False,-1,-0.031075555042397673
132279,73,1,1.0,0.0,instacart_grocery,4.30406509320417,False,-1,-0.031075555042397673
132154,73,1,1.0,0.0,instacart_grocery,4.30406509320417,False,-1,-0.031075555042397673
31550,73,1,1.0,0.0,instacart_grocery,4.30406509320417,False,-1,-0.031075555042397673
124714,73,1,1.0,0.0,instacart_grocery,4.30406509320417,False,-1,-0.031075555042397673
124636,73,1,1.0,0.0,instacart_grocery,4.30406509320417,False,-1,-0.031075555042397673
170041,73,1,1.0,0.0,instacart_grocery,4.30406509320417,False,-1,-0.031075555042397673
124160,73,1,1.0,0.0,instacart_grocery,4.30406509320417,False,-1,-0.031075555042397673
121291,73,1,1.0,0.0,instacart_grocery,4.30406509320417,False,-1,-0.031075555042397673
18094,73,1,1.0,0.0,instacart_grocery,4.30406509320417,False,-1,-0.031075555042397673
63388,73,1,1.0,0.0,instacart_grocery,4.30406509320417,False,-1,-0.031075555042397673
18037,73,1,1.0,0.0,instacart_grocery,4.30406509320417,False,-1,-0.031075555042397673
146369,73,1,1.0,0.0,instacart_grocery,4.30406509320417,False,-1,-0.031075555042397673
120185,73,1,1.0,0.0,instacart_grocery,4.30406509320417,False,-1,-0.031075555042397673
124341,73,1,1.0,0.0,instacart_grocery,4.30406509320417,False,-1,-0.031075555042397673
165684,73,1,1.0,0.0,instacart_grocery,4.30406509320417,False,-1,-0.031075555042397673
16103,73,1,1.0,0.0,instacart_grocery,4.30406509320417,False,-1,-0.031075555042397673
16011,73,1,1.0,0.0,instacart_grocery,4.30406509320417,False,-1,-0.031075555042397673
118776,73,1,1.0,0.0,instacart_grocery,4.30406509320417,False,-1,-0.031075555042397673
90282,73,1,1.0,0.0,instacart_grocery,4.30406509320417,False,-1,-0.031075555042397673
192931,73,1,1.0,0.0,instacart_grocery,4.30406509320417,False,-1,-0.031075555042397673
164304,73,1,1.0,0.0,instacart_grocery,4.30406509320417,False,-1,-0.031075555042397673
163902,73,1,1.0,0.0,instacart_grocery,4.30406509320417,False,-1,-0.031075555042397673
148085,73,1,1.0,0.0,instacart_grocery,4.30406509320417,False,-1,-0.031075555042397673
194375,73,1,1.0,0.0,instacart_grocery,4.30406509320417,False,-1,-0.031075555042397673
91565,73,1,1.0,0.0,instacart_grocery,4.30406509320417,False,-1,-0.031075555042397673
91700,73,1,1.0,0.0,instacart_grocery,4.30406509320417,False,-1,-0.031075555042397673
195175,73,1,1.0,0.0,instacart_grocery,4.30406509320417,False,-1,-0.031075555042397673
116612,73,1,1.0,0.0,instacart_grocery,4.30406509320417,False,-1,-0.031075555042397673
190349,73,1,1.0,0.0,instacart_grocery,4.30406509320417,False,-1,-0.031075555042397673
88027,73,1,1.0,0.0,instacart_grocery,4.30406509320417,False,-1,-0.031075555042397673
45961,73,1,1.0,0.0,instacart_grocery,4.30406509320417,False,-1,-0.031075555042397673
16992,73,1,1.0,0.0,instacart_grocery,4.30406509320417,False,-1,-0.031075555042397673
189909,73,1,1.0,0.0,instacart_grocery,4.30406509320417,False,-1,-0.031075555042397673
86576,73,1,1.0,0.0,instacart_grocery,4.30406509320417,False,-1,-0.031075555042397673
64852,73,1,1.0,0.0,instacart_grocery,4.30406509320417,False,-1,-0.031075555042397673
65240,73,1,1.0,0.0,instacart_grocery,4.30406509320417,False,-1,-0.031075555042397673
188014,73,1,1.0,0.0,instacart_grocery,4.30406509320417,False,-1,-0.031075555042397673
122391,73,1,1.0,0.0,instacart_grocery,4.30406509320417,False,-1,-0.031075555042397673
144949,73,1,1.0,0.0,instacart_grocery,4.30406509320417,False,-1,-0.031075555042397673
145079,73,1,1.0,0.0,instacart_grocery,4.30406509320417,False,-1,-0.031075555042397673
86599,73,1,1.0,0.0,instacart_grocery,4.30406509320417,False,-1,-0.031075555042397673
144956,73,1,1.0,0.0,instacart_grocery,4.30406509320417,False,-1,-0.031075555042397673
14552,72,1,1.0,0.0,instacart_grocery,4.290459441148391,False,-1,-0.024907959883311737
51008,72,1,1.0,0.0,instacart_grocery,4.290459441148391,False,-1,-0.024907959883311737
1242,72,1,1.0,0.0,instacart_grocery,4.290459441148391,False,-1,-0.024907959883311737
178091,72,1,1.0,0.0,instacart_grocery,4.290459441148391,False,-1,-0.024907959883311737
161563,72,1,1.0,0.0,instacart_grocery,4.290459441148391,False,-1,-0.024907959883311737
43912,72,1,1.0,0.0,instacart_grocery,4.290459441148391,False,-1,-0.024907959883311737
32334,72,1,1.0,0.0,instacart_grocery,4.290459441148391,False,-1,-0.024907959883311737
165175,72,1,1.0,0.0,instacart_grocery,4.290459441148391,False,-1,-0.024907959883311737
6417,72,1,1.0,0.0,instacart_grocery,4.290459441148391,False,-1,-0.024907959883311737
197132,72,1,1.0,0.0,instacart_grocery,4.290459441148391,False,-1,-0.024907959883311737
9552,72,1,1.0,0.0,instacart_grocery,4.290459441148391,False,-1,-0.024907959883311737
22138,72,1,1.0,0.0,instacart_grocery,4.290459441148391,False,-1,-0.024907959883311737
34772,72,1,1.0,0.0,instacart_grocery,4.290459441148391,False,-1,-0.024907959883311737
11895,72,1,1.0,0.0,instacart_grocery,4.290459441148391,False,-1,-0.024907959883311737
174875,72,1,1.0,0.0,instacart_grocery,4.290459441148391,False,-1,-0.024907959883311737
90,72,1,1.0,0.0,instacart_grocery,4.290459441148391,False,-1,-0.024907959883311737
36279,72,1,1.0,0.0,instacart_grocery,4.290459441148391,False,-1,-0.024907959883311737
12470,72,1,1.0,0.0,instacart_grocery,4.290459441148391,False,-1,-0.024907959883311737
12849,72,1,1.0,0.0,instacart_grocery,4.290459441148391,False,-1,-0.024907959883311737
172955,72,1,1.0,0.0,instacart_grocery,4.290459441148391,False,-1,-0.024907959883311737
323,72,1,1.0,0.0,instacart_grocery,4.290459441148391,False,-1,-0.024907959883311737
37762,72,1,1.0,0.0,instacart_grocery,4.290459441148391,False,-1,-0.024907959883311737
13330,72,1,1.0,0.0,instacart_grocery,4.290459441148391,False,-1,-0.024907959883311737
167445,72,1,1.0,0.0,instacart_grocery,4.290459441148391,False,-1,-0.024907959883311737
22063,72,1,1.0,0.0,instacart_grocery,4.290459441148391,False,-1,-0.024907959883311737
43978,72,1,1.0,0.0,instacart_grocery,4.290459441148391,False,-1,-0.024907959883311737
1584,72,1,1.0,0.0,instacart_grocery,4.290459441148391,False,-1,-0.024907959883311737
35719,72,1,1.0,0.0,instacart_grocery,4.290459441148391,False,-1,-0.024907959883311737
15667,72,1,1.0,0.0,instacart_grocery,4.290459441148391,False,-1,-0.024907959883311737
5440,72,1,1.0,0.0,instacart_grocery,4.290459441148391,False,-1,-0.024907959883311737
39256,72,1,1.0,0.0,instacart_grocery,4.290459441148391,False,-1,-0.024907959883311737
201456,72,1,1.0,0.0,instacart_grocery,4.290459441148391,False,-1,-0.024907959883311737
184744,72,1,1.0,0.0,instacart_grocery,4.290459441148391,False,-1,-0.024907959883311737
158722,72,1,1.0,0.0,instacart_grocery,4.290459441148391,False,-1,-0.024907959883311737
51863,72,1,1.0,0.0,instacart_grocery,4.290459441148391,False,-1,-0.024907959883311737
185223,72,1,1.0,0.0,instacart_grocery,4.290459441148391,False,-1,-0.024907959883311737
190356,72,1,1.0,0.0,instacart_grocery,4.290459441148391,False,-1,-0.024907959883311737
5025,72,1,1.0,0.0,instacart_grocery,4.290459441148391,False,-1,-0.024907959883311737
24806,72,1,1.0,0.0,instacart_grocery,4.290459441148391,False,-1,-0.024907959883311737
45276,72,1,1.0,0.0,instacart_grocery,4.290459441148391,False,-1,-0.024907959883311737
183169,72,1,1.0,0.0,instacart_grocery,4.290459441148391,False,-1,-0.024907959883311737
167250,72,1,1.0,0.0,instacart_grocery,4.290459441148391,False,-1,-0.024907959883311737
188763,72,1,1.0,0.0,instacart_grocery,4.290459441148391,False,-1,-0.024907959883311737
198053,72,1,1.0,0.0,instacart_grocery,4.290459441148391,False,-1,-0.024907959883311737
41333,72,1,1.0,0.0,instacart_grocery,4.290459441148391,False,-1,-0.024907959883311737
185801,72,1,1.0,0.0,instacart_grocery,4.290459441148391,False,-1,-0.024907959883311737
202713,72,1,1.0,0.0,instacart_grocery,4.290459441148391,False,-1,-0.024907959883311737
26978,72,1,1.0,0.0,instacart_grocery,4.290459441148391,False,-1,-0.024907959883311737
39451,72,1,1.0,0.0,instacart_grocery,4.290459441148391,False,-1,-0.024907959883311737
6094,72,1,1.0,0.0,instacart_grocery,4.290459441148391,False,-1,-0.024907959883311737
197726,72,1,1.0,0.0,instacart_grocery,4.290459441148391,False,-1,-0.024907959883311737
52500,72,1,1.0,0.0,instacart_grocery,4.290459441148391,False,-1,-0.024907959883311737
16669,72,1,1.0,0.0,instacart_grocery,4.290459441148391,False,-1,-0.024907959883311737
31012,72,1,1.0,0.0,instacart_grocery,4.290459441148391,False,-1,-0.024907959883311737
2094,72,1,1.0,0.0,instacart_grocery,4.290459441148391,False,-1,-0.024907959883311737
30983,72,1,1.0,0.0,instacart_grocery,4.290459441148391,False,-1,-0.024907959883311737
160748,72,1,1.0,0.0,instacart_grocery,4.290459441148391,False,-1,-0.024907959883311737
2939,72,1,1.0,0.0,instacart_grocery,4.290459441148391,False,-1,-0.024907959883311737
3490,72,1,1.0,0.0,instacart_grocery,4.290459441148391,False,-1,-0.024907959883311737
186372,72,1,1.0,0.0,instacart_grocery,4.290459441148391,False,-1,-0.024907959883311737
50227,72,1,1.0,0.0,instacart_grocery,4.290459441148391,False,-1,-0.024907959883311737
17912,72,1,1.0,0.0,instacart_grocery,4.290459441148391,False,-1,-0.024907959883311737
180480,72,1,1.0,0.0,instacart_grocery,4.290459441148391,False,-1,-0.024907959883311737
172244,72,1,1.0,0.0,instacart_grocery,4.290459441148391,False,-1,-0.024907959883311737
54817,72,1,1.0,0.0,instacart_grocery,4.290459441148391,False,-1,-0.024907959883311737
65418,72,1,1.0,0.0,instacart_grocery,4.290459441148391,False,-1,-0.024907959883311737
62645,72,1,1.0,0.0,instacart_grocery,4.290459441148391,False,-1,-0.024907959883311737
96947,72,1,1.0,0.0,instacart_grocery,4.290459441148391,False,-1,-0.024907959883311737
150651,72,1,1.0,0.0,instacart_grocery,4.290459441148391,False,-1,-0.024907959883311737
62765,72,1,1.0,0.0,instacart_grocery,4.290459441148391,False,-1,-0.024907959883311737
78819,72,1,1.0,0.0,instacart_grocery,4.290459441148391,False,-1,-0.024907959883311737
118295,72,1,1.0,0.0,instacart_grocery,4.290459441148391,False,-1,-0.024907959883311737
124644,72,1,1.0,0.0,instacart_grocery,4.290459441148391,False,-1,-0.024907959883311737
124718,72,1,1.0,0.0,instacart_grocery,4.290459441148391,False,-1,-0.024907959883311737
75692,72,1,1.0,0.0,instacart_grocery,4.290459441148391,False,-1,-0.024907959883311737
96935,72,1,1.0,0.0,instacart_grocery,4.290459441148391,False,-1,-0.024907959883311737
79337,72,1,1.0,0.0,instacart_grocery,4.290459441148391,False,-1,-0.024907959883311737
151370,72,1,1.0,0.0,instacart_grocery,4.290459441148391,False,-1,-0.024907959883311737
97459,72,1,1.0,0.0,instacart_grocery,4.290459441148391,False,-1,-0.024907959883311737
63316,72,1,1.0,0.0,instacart_grocery,4.290459441148391,False,-1,-0.024907959883311737
57109,72,1,1.0,0.0,instacart_grocery,4.290459441148391,False,-1,-0.024907959883311737
56995,72,1,1.0,0.0,instacart_grocery,4.290459441148391,False,-1,-0.024907959883311737
60086,72,1,1.0,0.0,instacart_grocery,4.290459441148391,False,-1,-0.024907959883311737
63432,72,1,1.0,0.0,instacart_grocery,4.290459441148391,False,-1,-0.024907959883311737
129182,72,1,1.0,0.0,instacart_grocery,4.290459441148391,False,-1,-0.024907959883311737
84596,72,1,1.0,0.0,instacart_grocery,4.290459441148391,False,-1,-0.024907959883311737
115794,72,1,1.0,0.0,instacart_grocery,4.290459441148391,False,-1,-0.024907959883311737
110844,72,1,1.0,0.0,instacart_grocery,4.290459441148391,False,-1,-0.024907959883311737
143683,72,1,1.0,0.0,instacart_grocery,4.290459441148391,False,-1,-0.024907959883311737
125421,72,1,1.0,0.0,instacart_grocery,4.290459441148391,False,-1,-0.024907959883311737
56389,72,1,1.0,0.0,instacart_grocery,4.290459441148391,False,-1,-0.024907959883311737
101094,72,1,1.0,0.0,instacart_grocery,4.290459441148391,False,-1,-0.024907959883311737
57113,72,1,1.0,0.0,instacart_grocery,4.290459441148391,False,-1,-0.024907959883311737
120463,72,1,1.0,0.0,instacart_grocery,4.290459441148391,False,-1,-0.024907959883311737
120946,72,1,1.0,0.0,instacart_grocery,4.290459441148391,False,-1,-0.024907959883311737
109709,72,1,1.0,0.0,instacart_grocery,4.290459441148391,False,-1,-0.024907959883311737
77177,72,1,1.0,0.0,instacart_grocery,4.290459441148391,False,-1,-0.024907959883311737
60208,72,1,1.0,0.0,instacart_grocery,4.290459441148391,False,-1,-0.024907959883311737
91224,72,1,1.0,0.0,instacart_grocery,4.290459441148391,False,-1,-0.024907959883311737
60650,72,1,1.0,0.0,instacart_grocery,4.290459441148391,False,-1,-0.024907959883311737
60694,72,1,1.0,0.0,instacart_grocery,4.290459441148391,False,-1,-0.024907959883311737
133890,72,1,1.0,0.0,instacart_grocery,4.290459441148391,False,-1,-0.024907959883311737
116261,72,1,1.0,0.0,instacart_grocery,4.290459441148391,False,-1,-0.024907959883311737
98996,72,1,1.0,0.0,instacart_grocery,4.290459441148391,False,-1,-0.024907959883311737
122046,72,1,1.0,0.0,instacart_grocery,4.290459441148391,False,-1,-0.024907959883311737
87360,72,1,1.0,0.0,instacart_grocery,4.290459441148391,False,-1,-0.024907959883311737
149197,72,1,1.0,0.0,instacart_grocery,4.290459441148391,False,-1,-0.024907959883311737
122231,72,1,1.0,0.0,instacart_grocery,4.290459441148391,False,-1,-0.024907959883311737
123565,72,1,1.0,0.0,instacart_grocery,4.290459441148391,False,-1,-0.024907959883311737
132359,72,1,1.0,0.0,instacart_grocery,4.290459441148391,False,-1,-0.024907959883311737
98485,72,1,1.0,0.0,instacart_grocery,4.290459441148391,False,-1,-0.024907959883311737
108556,72,1,1.0,0.0,instacart_grocery,4.290459441148391,False,-1,-0.024907959883311737
99423,72,1,1.0,0.0,instacart_grocery,4.290459441148391,False,-1,-0.024907959883311737
77972,72,1,1.0,0.0,instacart_grocery,4.290459441148391,False,-1,-0.024907959883311737
76240,72,1,1.0,0.0,instacart_grocery,4.290459441148391,False,-1,-0.024907959883311737
134183,72,1,1.0,0.0,instacart_grocery,4.290459441148391,False,-1,-0.024907959883311737
108031,72,1,1.0,0.0,instacart_grocery,4.290459441148391,False,-1,-0.024907959883311737
91396,72,1,1.0,0.0,instacart_grocery,4.290459441148391,False,-1,-0.024907959883311737
107992,72,1,1.0,0.0,instacart_grocery,4.290459441148391,False,-1,-0.024907959883311737
70307,72,1,1.0,0.0,instacart_grocery,4.290459441148391,False,-1,-0.024907959883311737
59021,72,1,1.0,0.0,instacart_grocery,4.290459441148391,False,-1,-0.024907959883311737
58971,72,1,1.0,0.0,instacart_grocery,4.290459441148391,False,-1,-0.024907959883311737
113616,72,1,1.0,0.0,instacart_grocery,4.290459441148391,False,-1,-0.024907959883311737
68067,72,1,1.0,0.0,instacart_grocery,4.290459441148391,False,-1,-0.024907959883311737
129619,72,1,1.0,0.0,instacart_grocery,4.290459441148391,False,-1,-0.024907959883311737
148513,72,1,1.0,0.0,instacart_grocery,4.290459441148391,False,-1,-0.024907959883311737
106050,72,1,1.0,0.0,instacart_grocery,4.290459441148391,False,-1,-0.024907959883311737
95164,72,1,1.0,0.0,instacart_grocery,4.290459441148391,False,-1,-0.024907959883311737
104392,72,1,1.0,0.0,instacart_grocery,4.290459441148391,False,-1,-0.024907959883311737
119707,72,1,1.0,0.0,instacart_grocery,4.290459441148391,False,-1,-0.024907959883311737
91987,72,1,1.0,0.0,instacart_grocery,4.290459441148391,False,-1,-0.024907959883311737
155098,72,1,1.0,0.0,instacart_grocery,4.290459441148391,False,-1,-0.024907959883311737
141756,72,1,1.0,0.0,instacart_grocery,4.290459441148391,False,-1,-0.024907959883311737
119610,72,1,1.0,0.0,instacart_grocery,4.290459441148391,False,-1,-0.024907959883311737
141796,72,1,1.0,0.0,instacart_grocery,4.290459441148391,False,-1,-0.024907959883311737
155042,72,1,1.0,0.0,instacart_grocery,4.290459441148391,False,-1,-0.024907959883311737
83092,72,1,1.0,0.0,instacart_grocery,4.290459441148391,False,-1,-0.024907959883311737
73154,72,1,1.0,0.0,instacart_grocery,4.290459441148391,False,-1,-0.024907959883311737
141765,72,1,1.0,0.0,instacart_grocery,4.290459441148391,False,-1,-0.024907959883311737
144963,72,1,1.0,0.0,instacart_grocery,4.290459441148391,False,-1,-0.024907959883311737
94959,72,1,1.0,0.0,instacart_grocery,4.290459441148391,False,-1,-0.024907959883311737
104732,72,1,1.0,0.0,instacart_grocery,4.290459441148391,False,-1,-0.024907959883311737
104746,72,1,1.0,0.0,instacart_grocery,4.290459441148391,False,-1,-0.024907959883311737
65248,72,1,1.0,0.0,instacart_grocery,4.290459441148391,False,-1,-0.024907959883311737
54517,72,1,1.0,0.0,instacart_grocery,4.290459441148391,False,-1,-0.024907959883311737
143945,72,1,1.0,0.0,instacart_grocery,4.290459441148391,False,-1,-0.024907959883311737
65079,72,1,1.0,0.0,instacart_grocery,4.290459441148391,False,-1,-0.024907959883311737
104331,72,1,1.0,0.0,instacart_grocery,4.290459441148391,False,-1,-0.024907959883311737
153406,72,1,1.0,0.0,instacart_grocery,4.290459441148391,False,-1,-0.024907959883311737
142271,72,1,1.0,0.0,instacart_grocery,4.290459441148391,False,-1,-0.024907959883311737
119307,72,1,1.0,0.0,instacart_grocery,4.290459441148391,False,-1,-0.024907959883311737
128066,72,1,1.0,0.0,instacart_grocery,4.290459441148391,False,-1,-0.024907959883311737
74377,72,1,1.0,0.0,instacart_grocery,4.290459441148391,False,-1,-0.024907959883311737
116962,72,1,1.0,0.0,instacart_grocery,4.290459441148391,False,-1,-0.024907959883311737
94601,72,1,1.0,0.0,instacart_grocery,4.290459441148391,False,-1,-0.024907959883311737
153057,72,1,1.0,0.0,instacart_grocery,4.290459441148391,False,-1,-0.024907959883311737
135901,72,1,1.0,0.0,instacart_grocery,4.290459441148391,False,-1,-0.024907959883311737
95882,72,1,1.0,0.0,instacart_grocery,4.290459441148391,False,-1,-0.024907959883311737
90084,72,1,1.0,0.0,instacart_grocery,4.290459441148391,False,-1,-0.024907959883311737
65470,72,1,1.0,0.0,instacart_grocery,4.290459441148391,False,-1,-0.024907959883311737
104288,72,1,1.0,0.0,instacart_grocery,4.290459441148391,False,-1,-0.024907959883311737
127101,72,1,1.0,0.0,instacart_grocery,4.290459441148391,False,-1,-0.024907959883311737
73596,72,1,1.0,0.0,instacart_grocery,4.290459441148391,False,-1,-0.024907959883311737
152799,72,1,1.0,0.0,instacart_grocery,4.290459441148391,False,-1,-0.024907959883311737
126455,72,1,1.0,0.0,instacart_grocery,4.290459441148391,False,-1,-0.024907959883311737
55579,72,1,1.0,0.0,instacart_grocery,4.290459441148391,False,-1,-0.024907959883311737
173263,71,1,1.0,0.0,instacart_grocery,4.276666119016055,False,-1,-0.022720849120265396
198354,71,1,1.0,0.0,instacart_grocery,4.276666119016055,False,-1,-0.022720849120265396
169901,71,1,1.0,0.0,instacart_grocery,4.276666119016055,False,-1,-0.022720849120265396
178627,71,1,1.0,0.0,instacart_grocery,4.276666119016055,False,-1,-0.022720849120265396
60341,71,1,1.0,0.0,instacart_grocery,4.276666119016055,False,-1,-0.022720849120265396
147590,71,1,1.0,0.0,instacart_grocery,4.276666119016055,False,-1,-0.022720849120265396
72161,71,1,1.0,0.0,instacart_grocery,4.276666119016055,False,-1,-0.022720849120265396
201743,71,1,1.0,0.0,instacart_grocery,4.276666119016055,False,-1,-0.022720849120265396
175120,71,1,1.0,0.0,instacart_grocery,4.276666119016055,False,-1,-0.022720849120265396
73074,71,1,1.0,0.0,instacart_grocery,4.276666119016055,False,-1,-0.022720849120265396
66817,71,1,1.0,0.0,instacart_grocery,4.276666119016055,False,-1,-0.022720849120265396
60863,71,1,1.0,0.0,instacart_grocery,4.276666119016055,False,-1,-0.022720849120265396
138404,71,1,1.0,0.0,instacart_grocery,4.276666119016055,False,-1,-0.022720849120265396
60637,71,1,1.0,0.0,instacart_grocery,4.276666119016055,False,-1,-0.022720849120265396
109161,71,1,1.0,0.0,instacart_grocery,4.276666119016055,False,-1,-0.022720849120265396
189954,71,1,1.0,0.0,instacart_grocery,4.276666119016055,False,-1,-0.022720849120265396
33671,71,1,1.0,0.0,instacart_grocery,4.276666119016055,False,-1,-0.022720849120265396
65798,71,1,1.0,0.0,instacart_grocery,4.276666119016055,False,-1,-0.022720849120265396
174947,71,1,1.0,0.0,instacart_grocery,4.276666119016055,False,-1,-0.022720849120265396
134119,71,1,1.0,0.0,instacart_grocery,4.276666119016055,False,-1,-0.022720849120265396
76764,71,1,1.0,0.0,instacart_grocery,4.276666119016055,False,-1,-0.022720849120265396
64337,71,1,1.0,0.0,instacart_grocery,4.276666119016055,False,-1,-0.022720849120265396
134329,71,1,1.0,0.0,instacart_grocery,4.276666119016055,False,-1,-0.022720849120265396
73477,71,1,1.0,0.0,instacart_grocery,4.276666119016055,False,-1,-0.022720849120265396
75389,71,1,1.0,0.0,instacart_grocery,4.276666119016055,False,-1,-0.022720849120265396
89439,71,1,1.0,0.0,instacart_grocery,4.276666119016055,False,-1,-0.022720849120265396
135028,71,1,1.0,0.0,instacart_grocery,4.276666119016055,False,-1,-0.022720849120265396
7191,71,1,1.0,0.0,instacart_grocery,4.276666119016055,False,-1,-0.022720849120265396
16518,71,1,1.0,0.0,instacart_grocery,4.276666119016055,False,-1,-0.022720849120265396
169352,71,1,1.0,0.0,instacart_grocery,4.276666119016055,False,-1,-0.022720849120265396
96665,71,1,1.0,0.0,instacart_grocery,4.276666119016055,False,-1,-0.022720849120265396
45008,71,1,1.0,0.0,instacart_grocery,4.276666119016055,False,-1,-0.022720849120265396
45393,71,1,1.0,0.0,instacart_grocery,4.276666119016055,False,-1,-0.022720849120265396
145807,71,1,1.0,0.0,instacart_grocery,4.276666119016055,False,-1,-0.022720849120265396
34489,71,1,1.0,0.0,instacart_grocery,4.276666119016055,False,-1,-0.022720849120265396
191172,71,1,1.0,0.0,instacart_grocery,4.276666119016055,False,-1,-0.022720849120265396
139347,71,1,1.0,0.0,instacart_grocery,4.276666119016055,False,-1,-0.022720849120265396
135425,71,1,1.0,0.0,instacart_grocery,4.276666119016055,False,-1,-0.022720849120265396
35528,71,1,1.0,0.0,instacart_grocery,4.276666119016055,False,-1,-0.022720849120265396
36017,71,1,1.0,0.0,instacart_grocery,4.276666119016055,False,-1,-0.022720849120265396
146170,71,1,1.0,0.0,instacart_grocery,4.276666119016055,False,-1,-0.022720849120265396
175603,71,1,1.0,0.0,instacart_grocery,4.276666119016055,False,-1,-0.022720849120265396
201426,71,1,1.0,0.0,instacart_grocery,4.276666119016055,False,-1,-0.022720849120265396
178252,71,1,1.0,0.0,instacart_grocery,4.276666119016055,False,-1,-0.022720849120265396
114300,71,1,1.0,0.0,instacart_grocery,4.276666119016055,False,-1,-0.022720849120265396
134346,71,1,1.0,0.0,instacart_grocery,4.276666119016055,False,-1,-0.022720849120265396
5669,71,1,1.0,0.0,instacart_grocery,4.276666119016055,False,-1,-0.022720849120265396
5692,71,1,1.0,0.0,instacart_grocery,4.276666119016055,False,-1,-0.022720849120265396
191199,71,1,1.0,0.0,instacart_grocery,4.276666119016055,False,-1,-0.022720849120265396
177988,71,1,1.0,0.0,instacart_grocery,4.276666119016055,False,-1,-0.022720849120265396
134377,71,1,1.0,0.0,instacart_grocery,4.276666119016055,False,-1,-0.022720849120265396
110052,71,1,1.0,0.0,instacart_grocery,4.276666119016055,False,-1,-0.022720849120265396
175562,71,1,1.0,0.0,instacart_grocery,4.276666119016055,False,-1,-0.022720849120265396
71106,71,1,1.0,0.0,instacart_grocery,4.276666119016055,False,-1,-0.022720849120265396
97000,71,1,1.0,0.0,instacart_grocery,4.276666119016055,False,-1,-0.022720849120265396
75883,71,1,1.0,0.0,instacart_grocery,4.276666119016055,False,-1,-0.022720849120265396
14127,71,1,1.0,0.0,instacart_grocery,4.276666119016055,False,-1,-0.022720849120265396
112437,71,1,1.0,0.0,instacart_grocery,4.276666119016055,False,-1,-0.022720849120265396
178080,71,1,1.0,0.0,instacart_grocery,4.276666119016055,False,-1,-0.022720849120265396
60727,71,1,1.0,0.0,instacart_grocery,4.276666119016055,False,-1,-0.022720849120265396
202003,71,1,1.0,0.0,instacart_grocery,4.276666119016055,False,-1,-0.022720849120265396
158415,71,1,1.0,0.0,instacart_grocery,4.276666119016055,False,-1,-0.022720849120265396
83923,71,1,1.0,0.0,instacart_grocery,4.276666119016055,False,-1,-0.022720849120265396
171872,71,1,1.0,0.0,instacart_grocery,4.276666119016055,False,-1,-0.022720849120265396
81314,71,1,1.0,0.0,instacart_grocery,4.276666119016055,False,-1,-0.022720849120265396
186792,71,1,1.0,0.0,instacart_grocery,4.276666119016055,False,-1,-0.022720849120265396
92857,71,1,1.0,0.0,instacart_grocery,4.276666119016055,False,-1,-0.022720849120265396
101284,71,1,1.0,0.0,instacart_grocery,4.276666119016055,False,-1,-0.022720849120265396
141575,71,1,1.0,0.0,instacart_grocery,4.276666119016055,False,-1,-0.022720849120265396
39860,71,1,1.0,0.0,instacart_grocery,4.276666119016055,False,-1,-0.022720849120265396
12406,71,1,1.0,0.0,instacart_grocery,4.276666119016055,False,-1,-0.022720849120265396
126448,71,1,1.0,0.0,instacart_grocery,4.276666119016055,False,-1,-0.022720849120265396
172068,71,1,1.0,0.0,instacart_grocery,4.276666119016055,False,-1,-0.022720849120265396
172117,71,1,1.0,0.0,instacart_grocery,4.276666119016055,False,-1,-0.022720849120265396
106753,71,1,1.0,0.0,instacart_grocery,4.276666119016055,False,-1,-0.022720849120265396
84496,71,1,1.0,0.0,instacart_grocery,4.276666119016055,False,-1,-0.022720849120265396
141094,71,1,1.0,0.0,instacart_grocery,4.276666119016055,False,-1,-0.022720849120265396
203734,71,1,1.0,0.0,instacart_grocery,4.276666119016055,False,-1,-0.022720849120265396
2535,71,1,1.0,0.0,instacart_grocery,4.276666119016055,False,-1,-0.022720849120265396
129462,71,1,1.0,0.0,instacart_grocery,4.276666119016055,False,-1,-0.022720849120265396
57161,71,1,1.0,0.0,instacart_grocery,4.276666119016055,False,-1,-0.022720849120265396
2658,71,1,1.0,0.0,instacart_grocery,4.276666119016055,False,-1,-0.022720849120265396
13527,71,1,1.0,0.0,instacart_grocery,4.276666119016055,False,-1,-0.022720849120265396
158898,71,1,1.0,0.0,instacart_grocery,4.276666119016055,False,-1,-0.022720849120265396
181981,71,1,1.0,0.0,instacart_grocery,4.276666119016055,False,-1,-0.022720849120265396
25295,71,1,1.0,0.0,instacart_grocery,4.276666119016055,False,-1,-0.022720849120265396
153542,71,1,1.0,0.0,instacart_grocery,4.276666119016055,False,-1,-0.022720849120265396
83449,71,1,1.0,0.0,instacart_grocery,4.276666119016055,False,-1,-0.022720849120265396
92282,71,1,1.0,0.0,instacart_grocery,4.276666119016055,False,-1,-0.022720849120265396
23808,71,1,1.0,0.0,instacart_grocery,4.276666119016055,False,-1,-0.022720849120265396
103951,71,1,1.0,0.0,instacart_grocery,4.276666119016055,False,-1,-0.022720849120265396
222,71,1,1.0,0.0,instacart_grocery,4.276666119016055,False,-1,-0.022720849120265396
83512,71,1,1.0,0.0,instacart_grocery,4.276666119016055,False,-1,-0.022720849120265396
184832,71,1,1.0,0.0,instacart_grocery,4.276666119016055,False,-1,-0.022720849120265396
53852,71,1,1.0,0.0,instacart_grocery,4.276666119016055,False,-1,-0.022720849120265396
142131,71,1,1.0,0.0,instacart_grocery,4.276666119016055,False,-1,-0.022720849120265396
126898,71,1,1.0,0.0,instacart_grocery,4.276666119016055,False,-1,-0.022720849120265396
81797,71,1,1.0,0.0,instacart_grocery,4.276666119016055,False,-1,-0.022720849120265396
52598,71,1,1.0,0.0,instacart_grocery,4.276666119016055,False,-1,-0.022720849120265396
157026,71,1,1.0,0.0,instacart_grocery,4.276666119016055,False,-1,-0.022720849120265396
185750,71,1,1.0,0.0,instacart_grocery,4.276666119016055,False,-1,-0.022720849120265396
105177,71,1,1.0,0.0,instacart_grocery,4.276666119016055,False,-1,-0.022720849120265396
126838,71,1,1.0,0.0,instacart_grocery,4.276666119016055,False,-1,-0.022720849120265396
205096,71,1,1.0,0.0,instacart_grocery,4.276666119016055,False,-1,-0.022720849120265396
82609,71,1,1.0,0.0,instacart_grocery,4.276666119016055,False,-1,-0.022720849120265396
157623,71,1,1.0,0.0,instacart_grocery,4.276666119016055,False,-1,-0.022720849120265396
186260,71,1,1.0,0.0,instacart_grocery,4.276666119016055,False,-1,-0.022720849120265396
40143,71,1,1.0,0.0,instacart_grocery,4.276666119016055,False,-1,-0.022720849120265396
126596,71,1,1.0,0.0,instacart_grocery,4.276666119016055,False,-1,-0.022720849120265396
184517,71,1,1.0,0.0,instacart_grocery,4.276666119016055,False,-1,-0.022720849120265396
187816,71,1,1.0,0.0,instacart_grocery,4.276666119016055,False,-1,-0.022720849120265396
151124,71,1,1.0,0.0,instacart_grocery,4.276666119016055,False,-1,-0.022720849120265396
93582,71,1,1.0,0.0,instacart_grocery,4.276666119016055,False,-1,-0.022720849120265396
100108,71,1,1.0,0.0,instacart_grocery,4.276666119016055,False,-1,-0.022720849120265396
49299,71,1,1.0,0.0,instacart_grocery,4.276666119016055,False,-1,-0.022720849120265396
67199,71,1,1.0,0.0,instacart_grocery,4.276666119016055,False,-1,-0.022720849120265396
180231,71,1,1.0,0.0,instacart_grocery,4.276666119016055,False,-1,-0.022720849120265396
78081,71,1,1.0,0.0,instacart_grocery,4.276666119016055,False,-1,-0.022720849120265396
122847,71,1,1.0,0.0,instacart_grocery,4.276666119016055,False,-1,-0.022720849120265396
131946,71,1,1.0,0.0,instacart_grocery,4.276666119016055,False,-1,-0.022720849120265396
122753,71,1,1.0,0.0,instacart_grocery,4.276666119016055,False,-1,-0.022720849120265396
99299,71,1,1.0,0.0,instacart_grocery,4.276666119016055,False,-1,-0.022720849120265396
48867,71,1,1.0,0.0,instacart_grocery,4.276666119016055,False,-1,-0.022720849120265396
12853,71,1,1.0,0.0,instacart_grocery,4.276666119016055,False,-1,-0.022720849120265396
12860,71,1,1.0,0.0,instacart_grocery,4.276666119016055,False,-1,-0.022720849120265396
4671,71,1,1.0,0.0,instacart_grocery,4.276666119016055,False,-1,-0.022720849120265396
108581,71,1,1.0,0.0,instacart_grocery,4.276666119016055,False,-1,-0.022720849120265396
32001,71,1,1.0,0.0,instacart_grocery,4.276666119016055,False,-1,-0.022720849120265396
148940,71,1,1.0,0.0,instacart_grocery,4.276666119016055,False,-1,-0.022720849120265396
4752,71,1,1.0,0.0,instacart_grocery,4.276666119016055,False,-1,-0.022720849120265396
38821,71,1,1.0,0.0,instacart_grocery,4.276666119016055,False,-1,-0.022720849120265396
162968,71,1,1.0,0.0,instacart_grocery,4.276666119016055,False,-1,-0.022720849120265396
91260,71,1,1.0,0.0,instacart_grocery,4.276666119016055,False,-1,-0.022720849120265396
99046,71,1,1.0,0.0,instacart_grocery,4.276666119016055,False,-1,-0.022720849120265396
189527,71,1,1.0,0.0,instacart_grocery,4.276666119016055,False,-1,-0.022720849120265396
149469,71,1,1.0,0.0,instacart_grocery,4.276666119016055,False,-1,-0.022720849120265396
30155,71,1,1.0,0.0,instacart_grocery,4.276666119016055,False,-1,-0.022720849120265396
86960,71,1,1.0,0.0,instacart_grocery,4.276666119016055,False,-1,-0.022720849120265396
172416,71,1,1.0,0.0,instacart_grocery,4.276666119016055,False,-1,-0.022720849120265396
150579,71,1,1.0,0.0,instacart_grocery,4.276666119016055,False,-1,-0.022720849120265396
123837,71,1,1.0,0.0,instacart_grocery,4.276666119016055,False,-1,-0.022720849120265396
93505,71,1,1.0,0.0,instacart_grocery,4.276666119016055,False,-1,-0.022720849120265396
140805,71,1,1.0,0.0,instacart_grocery,4.276666119016055,False,-1,-0.022720849120265396
194596,71,1,1.0,0.0,instacart_grocery,4.276666119016055,False,-1,-0.022720849120265396
78631,71,1,1.0,0.0,instacart_grocery,4.276666119016055,False,-1,-0.022720849120265396
3890,71,1,1.0,0.0,instacart_grocery,4.276666119016055,False,-1,-0.022720849120265396
4067,71,1,1.0,0.0,instacart_grocery,4.276666119016055,False,-1,-0.022720849120265396
123498,71,1,1.0,0.0,instacart_grocery,4.276666119016055,False,-1,-0.022720849120265396
78319,71,1,1.0,0.0,instacart_grocery,4.276666119016055,False,-1,-0.022720849120265396
30140,71,1,1.0,0.0,instacart_grocery,4.276666119016055,False,-1,-0.022720849120265396
161545,71,1,1.0,0.0,instacart_grocery,4.276666119016055,False,-1,-0.022720849120265396
4072,71,1,1.0,0.0,instacart_grocery,4.276666119016055,False,-1,-0.022720849120265396
58406,71,1,1.0,0.0,instacart_grocery,4.276666119016055,False,-1,-0.022720849120265396
3509,71,1,1.0,0.0,instacart_grocery,4.276666119016055,False,-1,-0.022720849120265396
117867,70,1,1.0,0.0,instacart_grocery,4.2626798770413155,False,-1,-0.020241605564662146
173099,70,1,1.0,0.0,instacart_grocery,4.2626798770413155,False,-1,-0.020241605564662146
140920,70,1,1.0,0.0,instacart_grocery,4.2626798770413155,False,-1,-0.020241605564662146
36676,70,1,1.0,0.0,instacart_grocery,4.2626798770413155,False,-1,-0.020241605564662146
139882,70,1,1.0,0.0,instacart_grocery,4.2626798770413155,False,-1,-0.020241605564662146
14418,70,1,1.0,0.0,instacart_grocery,4.2626798770413155,False,-1,-0.020241605564662146
117174,70,1,1.0,0.0,instacart_grocery,4.2626798770413155,False,-1,-0.020241605564662146
118091,70,1,1.0,0.0,instacart_grocery,4.2626798770413155,False,-1,-0.020241605564662146
14665,70,1,1.0,0.0,instacart_grocery,4.2626798770413155,False,-1,-0.020241605564662146
117388,70,1,1.0,0.0,instacart_grocery,4.2626798770413155,False,-1,-0.020241605564662146
69597,70,1,1.0,0.0,instacart_grocery,4.2626798770413155,False,-1,-0.020241605564662146
11888,70,1,1.0,0.0,instacart_grocery,4.2626798770413155,False,-1,-0.020241605564662146
37470,70,1,1.0,0.0,instacart_grocery,4.2626798770413155,False,-1,-0.020241605564662146
139776,70,1,1.0,0.0,instacart_grocery,4.2626798770413155,False,-1,-0.020241605564662146
141251,70,1,1.0,0.0,instacart_grocery,4.2626798770413155,False,-1,-0.020241605564662146
13628,70,1,1.0,0.0,instacart_grocery,4.2626798770413155,False,-1,-0.020241605564662146
71803,70,1,1.0,0.0,instacart_grocery,4.2626798770413155,False,-1,-0.020241605564662146
118404,70,1,1.0,0.0,instacart_grocery,4.2626798770413155,False,-1,-0.020241605564662146
70577,70,1,1.0,0.0,instacart_grocery,4.2626798770413155,False,-1,-0.020241605564662146
12487,70,1,1.0,0.0,instacart_grocery,4.2626798770413155,False,-1,-0.020241605564662146
155739,70,1,1.0,0.0,instacart_grocery,4.2626798770413155,False,-1,-0.020241605564662146
174931,70,1,1.0,0.0,instacart_grocery,4.2626798770413155,False,-1,-0.020241605564662146
123569,70,1,1.0,0.0,instacart_grocery,4.2626798770413155,False,-1,-0.020241605564662146
29535,70,1,1.0,0.0,instacart_grocery,4.2626798770413155,False,-1,-0.020241605564662146
20779,70,1,1.0,0.0,instacart_grocery,4.2626798770413155,False,-1,-0.020241605564662146
29333,70,1,1.0,0.0,instacart_grocery,4.2626798770413155,False,-1,-0.020241605564662146
78616,70,1,1.0,0.0,instacart_grocery,4.2626798770413155,False,-1,-0.020241605564662146
130191,70,1,1.0,0.0,instacart_grocery,4.2626798770413155,False,-1,-0.020241605564662146
21649,70,1,1.0,0.0,instacart_grocery,4.2626798770413155,False,-1,-0.020241605564662146
28191,70,1,1.0,0.0,instacart_grocery,4.2626798770413155,False,-1,-0.020241605564662146
129388,70,1,1.0,0.0,instacart_grocery,4.2626798770413155,False,-1,-0.020241605564662146
182761,70,1,1.0,0.0,instacart_grocery,4.2626798770413155,False,-1,-0.020241605564662146
187146,70,1,1.0,0.0,instacart_grocery,4.2626798770413155,False,-1,-0.020241605564662146
84462,70,1,1.0,0.0,instacart_grocery,4.2626798770413155,False,-1,-0.020241605564662146
84308,70,1,1.0,0.0,instacart_grocery,4.2626798770413155,False,-1,-0.020241605564662146
26048,70,1,1.0,0.0,instacart_grocery,4.2626798770413155,False,-1,-0.020241605564662146
30293,70,1,1.0,0.0,instacart_grocery,4.2626798770413155,False,-1,-0.020241605564662146
128683,70,1,1.0,0.0,instacart_grocery,4.2626798770413155,False,-1,-0.020241605564662146
80900,70,1,1.0,0.0,instacart_grocery,4.2626798770413155,False,-1,-0.020241605564662146
128073,70,1,1.0,0.0,instacart_grocery,4.2626798770413155,False,-1,-0.020241605564662146
183180,70,1,1.0,0.0,instacart_grocery,4.2626798770413155,False,-1,-0.020241605564662146
22308,70,1,1.0,0.0,instacart_grocery,4.2626798770413155,False,-1,-0.020241605564662146
127820,70,1,1.0,0.0,instacart_grocery,4.2626798770413155,False,-1,-0.020241605564662146
126590,70,1,1.0,0.0,instacart_grocery,4.2626798770413155,False,-1,-0.020241605564662146
22457,70,1,1.0,0.0,instacart_grocery,4.2626798770413155,False,-1,-0.020241605564662146
83687,70,1,1.0,0.0,instacart_grocery,4.2626798770413155,False,-1,-0.020241605564662146
83562,70,1,1.0,0.0,instacart_grocery,4.2626798770413155,False,-1,-0.020241605564662146
24020,70,1,1.0,0.0,instacart_grocery,4.2626798770413155,False,-1,-0.020241605564662146
126980,70,1,1.0,0.0,instacart_grocery,4.2626798770413155,False,-1,-0.020241605564662146
22914,70,1,1.0,0.0,instacart_grocery,4.2626798770413155,False,-1,-0.020241605564662146
185581,70,1,1.0,0.0,instacart_grocery,4.2626798770413155,False,-1,-0.020241605564662146
185128,70,1,1.0,0.0,instacart_grocery,4.2626798770413155,False,-1,-0.020241605564662146
183048,70,1,1.0,0.0,instacart_grocery,4.2626798770413155,False,-1,-0.020241605564662146
20306,70,1,1.0,0.0,instacart_grocery,4.2626798770413155,False,-1,-0.020241605564662146
78125,70,1,1.0,0.0,instacart_grocery,4.2626798770413155,False,-1,-0.020241605564662146
131880,70,1,1.0,0.0,instacart_grocery,4.2626798770413155,False,-1,-0.020241605564662146
137793,70,1,1.0,0.0,instacart_grocery,4.2626798770413155,False,-1,-0.020241605564662146
73310,70,1,1.0,0.0,instacart_grocery,4.2626798770413155,False,-1,-0.020241605564662146
73419,70,1,1.0,0.0,instacart_grocery,4.2626798770413155,False,-1,-0.020241605564662146
119931,70,1,1.0,0.0,instacart_grocery,4.2626798770413155,False,-1,-0.020241605564662146
16400,70,1,1.0,0.0,instacart_grocery,4.2626798770413155,False,-1,-0.020241605564662146
191511,70,1,1.0,0.0,instacart_grocery,4.2626798770413155,False,-1,-0.020241605564662146
176212,70,1,1.0,0.0,instacart_grocery,4.2626798770413155,False,-1,-0.020241605564662146
135674,70,1,1.0,0.0,instacart_grocery,4.2626798770413155,False,-1,-0.020241605564662146
190952,70,1,1.0,0.0,instacart_grocery,4.2626798770413155,False,-1,-0.020241605564662146
177097,70,1,1.0,0.0,instacart_grocery,4.2626798770413155,False,-1,-0.020241605564662146
88771,70,1,1.0,0.0,instacart_grocery,4.2626798770413155,False,-1,-0.020241605564662146
134516,70,1,1.0,0.0,instacart_grocery,4.2626798770413155,False,-1,-0.020241605564662146
17984,70,1,1.0,0.0,instacart_grocery,4.2626798770413155,False,-1,-0.020241605564662146
177777,70,1,1.0,0.0,instacart_grocery,4.2626798770413155,False,-1,-0.020241605564662146
88322,70,1,1.0,0.0,instacart_grocery,4.2626798770413155,False,-1,-0.020241605564662146
88248,70,1,1.0,0.0,instacart_grocery,4.2626798770413155,False,-1,-0.020241605564662146
178558,70,1,1.0,0.0,instacart_grocery,4.2626798770413155,False,-1,-0.020241605564662146
31021,70,1,1.0,0.0,instacart_grocery,4.2626798770413155,False,-1,-0.020241605564662146
31760,70,1,1.0,0.0,instacart_grocery,4.2626798770413155,False,-1,-0.020241605564662146
179646,70,1,1.0,0.0,instacart_grocery,4.2626798770413155,False,-1,-0.020241605564662146
19047,70,1,1.0,0.0,instacart_grocery,4.2626798770413155,False,-1,-0.020241605564662146
77301,70,1,1.0,0.0,instacart_grocery,4.2626798770413155,False,-1,-0.020241605564662146
189426,70,1,1.0,0.0,instacart_grocery,4.2626798770413155,False,-1,-0.020241605564662146
72202,70,1,1.0,0.0,instacart_grocery,4.2626798770413155,False,-1,-0.020241605564662146
133171,70,1,1.0,0.0,instacart_grocery,4.2626798770413155,False,-1,-0.020241605564662146
133447,70,1,1.0,0.0,instacart_grocery,4.2626798770413155,False,-1,-0.020241605564662146
122160,70,1,1.0,0.0,instacart_grocery,4.2626798770413155,False,-1,-0.020241605564662146
18775,70,1,1.0,0.0,instacart_grocery,4.2626798770413155,False,-1,-0.020241605564662146
134095,70,1,1.0,0.0,instacart_grocery,4.2626798770413155,False,-1,-0.020241605564662146
134228,70,1,1.0,0.0,instacart_grocery,4.2626798770413155,False,-1,-0.020241605564662146
88097,70,1,1.0,0.0,instacart_grocery,4.2626798770413155,False,-1,-0.020241605564662146
77138,70,1,1.0,0.0,instacart_grocery,4.2626798770413155,False,-1,-0.020241605564662146
11603,70,1,1.0,0.0,instacart_grocery,4.2626798770413155,False,-1,-0.020241605564662146
40501,70,1,1.0,0.0,instacart_grocery,4.2626798770413155,False,-1,-0.020241605564662146
185318,70,1,1.0,0.0,instacart_grocery,4.2626798770413155,False,-1,-0.020241605564662146
99569,70,1,1.0,0.0,instacart_grocery,4.2626798770413155,False,-1,-0.020241605564662146
49219,70,1,1.0,0.0,instacart_grocery,4.2626798770413155,False,-1,-0.020241605564662146
99666,70,1,1.0,0.0,instacart_grocery,4.2626798770413155,False,-1,-0.020241605564662146
199918,70,1,1.0,0.0,instacart_grocery,4.2626798770413155,False,-1,-0.020241605564662146
49417,70,1,1.0,0.0,instacart_grocery,4.2626798770413155,False,-1,-0.020241605564662146
58589,70,1,1.0,0.0,instacart_grocery,4.2626798770413155,False,-1,-0.020241605564662146
160643,70,1,1.0,0.0,instacart_grocery,4.2626798770413155,False,-1,-0.020241605564662146
57704,70,1,1.0,0.0,instacart_grocery,4.2626798770413155,False,-1,-0.020241605564662146
7402,70,1,1.0,0.0,instacart_grocery,4.2626798770413155,False,-1,-0.020241605564662146
167899,70,1,1.0,0.0,instacart_grocery,4.2626798770413155,False,-1,-0.020241605564662146
48744,70,1,1.0,0.0,instacart_grocery,4.2626798770413155,False,-1,-0.020241605564662146
94800,70,1,1.0,0.0,instacart_grocery,4.2626798770413155,False,-1,-0.020241605564662146
151884,70,1,1.0,0.0,instacart_grocery,4.2626798770413155,False,-1,-0.020241605564662146
94758,70,1,1.0,0.0,instacart_grocery,4.2626798770413155,False,-1,-0.020241605564662146
56547,70,1,1.0,0.0,instacart_grocery,4.2626798770413155,False,-1,-0.020241605564662146
113760,70,1,1.0,0.0,instacart_grocery,4.2626798770413155,False,-1,-0.020241605564662146
106713,70,1,1.0,0.0,instacart_grocery,4.2626798770413155,False,-1,-0.020241605564662146
66124,70,1,1.0,0.0,instacart_grocery,4.2626798770413155,False,-1,-0.020241605564662146
101161,70,1,1.0,0.0,instacart_grocery,4.2626798770413155,False,-1,-0.020241605564662146
55973,70,1,1.0,0.0,instacart_grocery,4.2626798770413155,False,-1,-0.020241605564662146
43592,70,1,1.0,0.0,instacart_grocery,4.2626798770413155,False,-1,-0.020241605564662146
114041,70,1,1.0,0.0,instacart_grocery,4.2626798770413155,False,-1,-0.020241605564662146
168552,70,1,1.0,0.0,instacart_grocery,4.2626798770413155,False,-1,-0.020241605564662146
8806,70,1,1.0,0.0,instacart_grocery,4.2626798770413155,False,-1,-0.020241605564662146
45550,70,1,1.0,0.0,instacart_grocery,4.2626798770413155,False,-1,-0.020241605564662146
45699,70,1,1.0,0.0,instacart_grocery,4.2626798770413155,False,-1,-0.020241605564662146
47103,70,1,1.0,0.0,instacart_grocery,4.2626798770413155,False,-1,-0.020241605564662146
109330,70,1,1.0,0.0,instacart_grocery,4.2626798770413155,False,-1,-0.020241605564662146
47148,70,1,1.0,0.0,instacart_grocery,4.2626798770413155,False,-1,-0.020241605564662146
147538,70,1,1.0,0.0,instacart_grocery,4.2626798770413155,False,-1,-0.020241605564662146
147903,70,1,1.0,0.0,instacart_grocery,4.2626798770413155,False,-1,-0.020241605564662146
147534,70,1,1.0,0.0,instacart_grocery,4.2626798770413155,False,-1,-0.020241605564662146
46749,70,1,1.0,0.0,instacart_grocery,4.2626798770413155,False,-1,-0.020241605564662146
98065,70,1,1.0,0.0,instacart_grocery,4.2626798770413155,False,-1,-0.020241605564662146
164949,70,1,1.0,0.0,instacart_grocery,4.2626798770413155,False,-1,-0.020241605564662146
164140,70,1,1.0,0.0,instacart_grocery,4.2626798770413155,False,-1,-0.020241605564662146
146087,70,1,1.0,0.0,instacart_grocery,4.2626798770413155,False,-1,-0.020241605564662146
47640,70,1,1.0,0.0,instacart_grocery,4.2626798770413155,False,-1,-0.020241605564662146
163784,70,1,1.0,0.0,instacart_grocery,4.2626798770413155,False,-1,-0.020241605564662146
147435,70,1,1.0,0.0,instacart_grocery,4.2626798770413155,False,-1,-0.020241605564662146
61278,70,1,1.0,0.0,instacart_grocery,4.2626798770413155,False,-1,-0.020241605564662146
97837,70,1,1.0,0.0,instacart_grocery,4.2626798770413155,False,-1,-0.020241605564662146
147164,70,1,1.0,0.0,instacart_grocery,4.2626798770413155,False,-1,-0.020241605564662146
99042,70,1,1.0,0.0,instacart_grocery,4.2626798770413155,False,-1,-0.020241605564662146
61823,70,1,1.0,0.0,instacart_grocery,4.2626798770413155,False,-1,-0.020241605564662146
99178,70,1,1.0,0.0,instacart_grocery,4.2626798770413155,False,-1,-0.020241605564662146
62458,70,1,1.0,0.0,instacart_grocery,4.2626798770413155,False,-1,-0.020241605564662146
59709,70,1,1.0,0.0,instacart_grocery,4.2626798770413155,False,-1,-0.020241605564662146
46322,70,1,1.0,0.0,instacart_grocery,4.2626798770413155,False,-1,-0.020241605564662146
9816,70,1,1.0,0.0,instacart_grocery,4.2626798770413155,False,-1,-0.020241605564662146
101006,70,1,1.0,0.0,instacart_grocery,4.2626798770413155,False,-1,-0.020241605564662146
164777,70,1,1.0,0.0,instacart_grocery,4.2626798770413155,False,-1,-0.020241605564662146
102655,70,1,1.0,0.0,instacart_grocery,4.2626798770413155,False,-1,-0.020241605564662146
170280,70,1,1.0,0.0,instacart_grocery,4.2626798770413155,False,-1,-0.020241605564662146
68254,70,1,1.0,0.0,instacart_grocery,4.2626798770413155,False,-1,-0.020241605564662146
54095,70,1,1.0,0.0,instacart_grocery,4.2626798770413155,False,-1,-0.020241605564662146
154001,70,1,1.0,0.0,instacart_grocery,4.2626798770413155,False,-1,-0.020241605564662146
204605,70,1,1.0,0.0,instacart_grocery,4.2626798770413155,False,-1,-0.020241605564662146
170581,70,1,1.0,0.0,instacart_grocery,4.2626798770413155,False,-1,-0.020241605564662146
41254,70,1,1.0,0.0,instacart_grocery,4.2626798770413155,False,-1,-0.020241605564662146
142511,70,1,1.0,0.0,instacart_grocery,4.2626798770413155,False,-1,-0.020241605564662146
68246,70,1,1.0,0.0,instacart_grocery,4.2626798770413155,False,-1,-0.020241605564662146
818,70,1,1.0,0.0,instacart_grocery,4.2626798770413155,False,-1,-0.020241605564662146
10393,70,1,1.0,0.0,instacart_grocery,4.2626798770413155,False,-1,-0.020241605564662146
55097,70,1,1.0,0.0,instacart_grocery,4.2626798770413155,False,-1,-0.020241605564662146
10899,70,1,1.0,0.0,instacart_grocery,4.2626798770413155,False,-1,-0.020241605564662146
143031,70,1,1.0,0.0,instacart_grocery,4.2626798770413155,False,-1,-0.020241605564662146
67568,70,1,1.0,0.0,instacart_grocery,4.2626798770413155,False,-1,-0.020241605564662146
157087,70,1,1.0,0.0,instacart_grocery,4.2626798770413155,False,-1,-0.020241605564662146
41979,70,1,1.0,0.0,instacart_grocery,4.2626798770413155,False,-1,-0.020241605564662146
170583,70,1,1.0,0.0,instacart_grocery,4.2626798770413155,False,-1,-0.020241605564662146
104538,70,1,1.0,0.0,instacart_grocery,4.2626798770413155,False,-1,-0.020241605564662146
67413,70,1,1.0,0.0,instacart_grocery,4.2626798770413155,False,-1,-0.020241605564662146
155676,70,1,1.0,0.0,instacart_grocery,4.2626798770413155,False,-1,-0.020241605564662146
66918,70,1,1.0,0.0,instacart_grocery,4.2626798770413155,False,-1,-0.020241605564662146
66878,70,1,1.0,0.0,instacart_grocery,4.2626798770413155,False,-1,-0.020241605564662146
106086,70,1,1.0,0.0,instacart_grocery,4.2626798770413155,False,-1,-0.020241605564662146
53267,70,1,1.0,0.0,instacart_grocery,4.2626798770413155,False,-1,-0.020241605564662146
93906,70,1,1.0,0.0,instacart_grocery,4.2626798770413155,False,-1,-0.020241605564662146
2157,70,1,1.0,0.0,instacart_grocery,4.2626798770413155,False,-1,-0.020241605564662146
171255,70,1,1.0,0.0,instacart_grocery,4.2626798770413155,False,-1,-0.020241605564662146
142050,70,1,1.0,0.0,instacart_grocery,4.2626798770413155,False,-1,-0.020241605564662146
155933,70,1,1.0,0.0,instacart_grocery,4.2626798770413155,False,-1,-0.020241605564662146
41106,70,1,1.0,0.0,instacart_grocery,4.2626798770413155,False,-1,-0.020241605564662146
153073,70,1,1.0,0.0,instacart_grocery,4.2626798770413155,False,-1,-0.020241605564662146
195560,70,1,1.0,0.0,instacart_grocery,4.2626798770413155,False,-1,-0.020241605564662146
68256,70,1,1.0,0.0,instacart_grocery,4.2626798770413155,False,-1,-0.020241605564662146
180461,69,1,1.0,0.0,instacart_grocery,4.248495242049359,False,-1,-0.01707623517974155
78013,69,1,1.0,0.0,instacart_grocery,4.248495242049359,False,-1,-0.01707623517974155
132152,69,1,1.0,0.0,instacart_grocery,4.248495242049359,False,-1,-0.01707623517974155
162275,69,1,1.0,0.0,instacart_grocery,4.248495242049359,False,-1,-0.01707623517974155
49133,69,1,1.0,0.0,instacart_grocery,4.248495242049359,False,-1,-0.01707623517974155
31182,69,1,1.0,0.0,instacart_grocery,4.248495242049359,False,-1,-0.01707623517974155
58668,69,1,1.0,0.0,instacart_grocery,4.248495242049359,False,-1,-0.01707623517974155
30434,69,1,1.0,0.0,instacart_grocery,4.248495242049359,False,-1,-0.01707623517974155
78182,69,1,1.0,0.0,instacart_grocery,4.248495242049359,False,-1,-0.01707623517974155
161770,69,1,1.0,0.0,instacart_grocery,4.248495242049359,False,-1,-0.01707623517974155
86774,69,1,1.0,0.0,instacart_grocery,4.248495242049359,False,-1,-0.01707623517974155
122973,69,1,1.0,0.0,instacart_grocery,4.248495242049359,False,-1,-0.01707623517974155
149669,69,1,1.0,0.0,instacart_grocery,4.248495242049359,False,-1,-0.01707623517974155
184557,69,1,1.0,0.0,instacart_grocery,4.248495242049359,False,-1,-0.01707623517974155
19834,69,1,1.0,0.0,instacart_grocery,4.248495242049359,False,-1,-0.01707623517974155
103949,69,1,1.0,0.0,instacart_grocery,4.248495242049359,False,-1,-0.01707623517974155
23863,69,1,1.0,0.0,instacart_grocery,4.248495242049359,False,-1,-0.01707623517974155
278,69,1,1.0,0.0,instacart_grocery,4.248495242049359,False,-1,-0.01707623517974155
83093,69,1,1.0,0.0,instacart_grocery,4.248495242049359,False,-1,-0.01707623517974155
122146,69,1,1.0,0.0,instacart_grocery,4.248495242049359,False,-1,-0.01707623517974155
18591,69,1,1.0,0.0,instacart_grocery,4.248495242049359,False,-1,-0.01707623517974155
47867,69,1,1.0,0.0,instacart_grocery,4.248495242049359,False,-1,-0.01707623517974155
48052,69,1,1.0,0.0,instacart_grocery,4.248495242049359,False,-1,-0.01707623517974155
148336,69,1,1.0,0.0,instacart_grocery,4.248495242049359,False,-1,-0.01707623517974155
122621,69,1,1.0,0.0,instacart_grocery,4.248495242049359,False,-1,-0.01707623517974155
179366,69,1,1.0,0.0,instacart_grocery,4.248495242049359,False,-1,-0.01707623517974155
103196,69,1,1.0,0.0,instacart_grocery,4.248495242049359,False,-1,-0.01707623517974155
54235,69,1,1.0,0.0,instacart_grocery,4.248495242049359,False,-1,-0.01707623517974155
48379,69,1,1.0,0.0,instacart_grocery,4.248495242049359,False,-1,-0.01707623517974155
131400,69,1,1.0,0.0,instacart_grocery,4.248495242049359,False,-1,-0.01707623517974155
48449,69,1,1.0,0.0,instacart_grocery,4.248495242049359,False,-1,-0.01707623517974155
77609,69,1,1.0,0.0,instacart_grocery,4.248495242049359,False,-1,-0.01707623517974155
87351,69,1,1.0,0.0,instacart_grocery,4.248495242049359,False,-1,-0.01707623517974155
77620,69,1,1.0,0.0,instacart_grocery,4.248495242049359,False,-1,-0.01707623517974155
202394,69,1,1.0,0.0,instacart_grocery,4.248495242049359,False,-1,-0.01707623517974155
189531,69,1,1.0,0.0,instacart_grocery,4.248495242049359,False,-1,-0.01707623517974155
86773,69,1,1.0,0.0,instacart_grocery,4.248495242049359,False,-1,-0.01707623517974155
183782,69,1,1.0,0.0,instacart_grocery,4.248495242049359,False,-1,-0.01707623517974155
30084,69,1,1.0,0.0,instacart_grocery,4.248495242049359,False,-1,-0.01707623517974155
129343,69,1,1.0,0.0,instacart_grocery,4.248495242049359,False,-1,-0.01707623517974155
27414,69,1,1.0,0.0,instacart_grocery,4.248495242049359,False,-1,-0.01707623517974155
84623,69,1,1.0,0.0,instacart_grocery,4.248495242049359,False,-1,-0.01707623517974155
56801,69,1,1.0,0.0,instacart_grocery,4.248495242049359,False,-1,-0.01707623517974155
79973,69,1,1.0,0.0,instacart_grocery,4.248495242049359,False,-1,-0.01707623517974155
187202,69,1,1.0,0.0,instacart_grocery,4.248495242049359,False,-1,-0.01707623517974155
152324,69,1,1.0,0.0,instacart_grocery,4.248495242049359,False,-1,-0.01707623517974155
56499,69,1,1.0,0.0,instacart_grocery,4.248495242049359,False,-1,-0.01707623517974155
159152,69,1,1.0,0.0,instacart_grocery,4.248495242049359,False,-1,-0.01707623517974155
182875,69,1,1.0,0.0,instacart_grocery,4.248495242049359,False,-1,-0.01707623517974155
106000,69,1,1.0,0.0,instacart_grocery,4.248495242049359,False,-1,-0.01707623517974155
182896,69,1,1.0,0.0,instacart_grocery,4.248495242049359,False,-1,-0.01707623517974155
2383,69,1,1.0,0.0,instacart_grocery,4.248495242049359,False,-1,-0.01707623517974155
52340,69,1,1.0,0.0,instacart_grocery,4.248495242049359,False,-1,-0.01707623517974155
125780,69,1,1.0,0.0,instacart_grocery,4.248495242049359,False,-1,-0.01707623517974155
52287,69,1,1.0,0.0,instacart_grocery,4.248495242049359,False,-1,-0.01707623517974155
128305,69,1,1.0,0.0,instacart_grocery,4.248495242049359,False,-1,-0.01707623517974155
128089,69,1,1.0,0.0,instacart_grocery,4.248495242049359,False,-1,-0.01707623517974155
51780,69,1,1.0,0.0,instacart_grocery,4.248495242049359,False,-1,-0.01707623517974155
152854,69,1,1.0,0.0,instacart_grocery,4.248495242049359,False,-1,-0.01707623517974155
52089,69,1,1.0,0.0,instacart_grocery,4.248495242049359,False,-1,-0.01707623517974155
22288,69,1,1.0,0.0,instacart_grocery,4.248495242049359,False,-1,-0.01707623517974155
125881,69,1,1.0,0.0,instacart_grocery,4.248495242049359,False,-1,-0.01707623517974155
22299,69,1,1.0,0.0,instacart_grocery,4.248495242049359,False,-1,-0.01707623517974155
158582,69,1,1.0,0.0,instacart_grocery,4.248495242049359,False,-1,-0.01707623517974155
83991,69,1,1.0,0.0,instacart_grocery,4.248495242049359,False,-1,-0.01707623517974155
25410,69,1,1.0,0.0,instacart_grocery,4.248495242049359,False,-1,-0.01707623517974155
152114,69,1,1.0,0.0,instacart_grocery,4.248495242049359,False,-1,-0.01707623517974155
27856,69,1,1.0,0.0,instacart_grocery,4.248495242049359,False,-1,-0.01707623517974155
24631,69,1,1.0,0.0,instacart_grocery,4.248495242049359,False,-1,-0.01707623517974155
182458,69,1,1.0,0.0,instacart_grocery,4.248495242049359,False,-1,-0.01707623517974155
131168,69,1,1.0,0.0,instacart_grocery,4.248495242049359,False,-1,-0.01707623517974155
161080,69,1,1.0,0.0,instacart_grocery,4.248495242049359,False,-1,-0.01707623517974155
107801,69,1,1.0,0.0,instacart_grocery,4.248495242049359,False,-1,-0.01707623517974155
106196,69,1,1.0,0.0,instacart_grocery,4.248495242049359,False,-1,-0.01707623517974155
181155,69,1,1.0,0.0,instacart_grocery,4.248495242049359,False,-1,-0.01707623517974155
130871,69,1,1.0,0.0,instacart_grocery,4.248495242049359,False,-1,-0.01707623517974155
150167,69,1,1.0,0.0,instacart_grocery,4.248495242049359,False,-1,-0.01707623517974155
107671,69,1,1.0,0.0,instacart_grocery,4.248495242049359,False,-1,-0.01707623517974155
52438,69,1,1.0,0.0,instacart_grocery,4.248495242049359,False,-1,-0.01707623517974155
124229,69,1,1.0,0.0,instacart_grocery,4.248495242049359,False,-1,-0.01707623517974155
124257,69,1,1.0,0.0,instacart_grocery,4.248495242049359,False,-1,-0.01707623517974155
21030,69,1,1.0,0.0,instacart_grocery,4.248495242049359,False,-1,-0.01707623517974155
78775,69,1,1.0,0.0,instacart_grocery,4.248495242049359,False,-1,-0.01707623517974155
205026,69,1,1.0,0.0,instacart_grocery,4.248495242049359,False,-1,-0.01707623517974155
22524,69,1,1.0,0.0,instacart_grocery,4.248495242049359,False,-1,-0.01707623517974155
100151,69,1,1.0,0.0,instacart_grocery,4.248495242049359,False,-1,-0.01707623517974155
100518,69,1,1.0,0.0,instacart_grocery,4.248495242049359,False,-1,-0.01707623517974155
28510,69,1,1.0,0.0,instacart_grocery,4.248495242049359,False,-1,-0.01707623517974155
57315,69,1,1.0,0.0,instacart_grocery,4.248495242049359,False,-1,-0.01707623517974155
182117,69,1,1.0,0.0,instacart_grocery,4.248495242049359,False,-1,-0.01707623517974155
28472,69,1,1.0,0.0,instacart_grocery,4.248495242049359,False,-1,-0.01707623517974155
50598,69,1,1.0,0.0,instacart_grocery,4.248495242049359,False,-1,-0.01707623517974155
182306,69,1,1.0,0.0,instacart_grocery,4.248495242049359,False,-1,-0.01707623517974155
28464,69,1,1.0,0.0,instacart_grocery,4.248495242049359,False,-1,-0.01707623517974155
22520,69,1,1.0,0.0,instacart_grocery,4.248495242049359,False,-1,-0.01707623517974155
107024,69,1,1.0,0.0,instacart_grocery,4.248495242049359,False,-1,-0.01707623517974155
32939,69,1,1.0,0.0,instacart_grocery,4.248495242049359,False,-1,-0.01707623517974155
56988,69,1,1.0,0.0,instacart_grocery,4.248495242049359,False,-1,-0.01707623517974155
160411,69,1,1.0,0.0,instacart_grocery,4.248495242049359,False,-1,-0.01707623517974155
107752,69,1,1.0,0.0,instacart_grocery,4.248495242049359,False,-1,-0.01707623517974155
171298,69,1,1.0,0.0,instacart_grocery,4.248495242049359,False,-1,-0.01707623517974155
33195,69,1,1.0,0.0,instacart_grocery,4.248495242049359,False,-1,-0.01707623517974155
8746,69,1,1.0,0.0,instacart_grocery,4.248495242049359,False,-1,-0.01707623517974155
118405,69,1,1.0,0.0,instacart_grocery,4.248495242049359,False,-1,-0.01707623517974155
139178,69,1,1.0,0.0,instacart_grocery,4.248495242049359,False,-1,-0.01707623517974155
193244,69,1,1.0,0.0,instacart_grocery,4.248495242049359,False,-1,-0.01707623517974155
8535,69,1,1.0,0.0,instacart_grocery,4.248495242049359,False,-1,-0.01707623517974155
14737,69,1,1.0,0.0,instacart_grocery,4.248495242049359,False,-1,-0.01707623517974155
113433,69,1,1.0,0.0,instacart_grocery,4.248495242049359,False,-1,-0.01707623517974155
174622,69,1,1.0,0.0,instacart_grocery,4.248495242049359,False,-1,-0.01707623517974155
144489,69,1,1.0,0.0,instacart_grocery,4.248495242049359,False,-1,-0.01707623517974155
174664,69,1,1.0,0.0,instacart_grocery,4.248495242049359,False,-1,-0.01707623517974155
72295,69,1,1.0,0.0,instacart_grocery,4.248495242049359,False,-1,-0.01707623517974155
65267,69,1,1.0,0.0,instacart_grocery,4.248495242049359,False,-1,-0.01707623517974155
198251,69,1,1.0,0.0,instacart_grocery,4.248495242049359,False,-1,-0.01707623517974155
137649,69,1,1.0,0.0,instacart_grocery,4.248495242049359,False,-1,-0.01707623517974155
121713,69,1,1.0,0.0,instacart_grocery,4.248495242049359,False,-1,-0.01707623517974155
144822,69,1,1.0,0.0,instacart_grocery,4.248495242049359,False,-1,-0.01707623517974155
168030,69,1,1.0,0.0,instacart_grocery,4.248495242049359,False,-1,-0.01707623517974155
15448,69,1,1.0,0.0,instacart_grocery,4.248495242049359,False,-1,-0.01707623517974155
7355,69,1,1.0,0.0,instacart_grocery,4.248495242049359,False,-1,-0.01707623517974155
137081,69,1,1.0,0.0,instacart_grocery,4.248495242049359,False,-1,-0.01707623517974155
167366,69,1,1.0,0.0,instacart_grocery,4.248495242049359,False,-1,-0.01707623517974155
7045,69,1,1.0,0.0,instacart_grocery,4.248495242049359,False,-1,-0.01707623517974155
7039,69,1,1.0,0.0,instacart_grocery,4.248495242049359,False,-1,-0.01707623517974155
89406,69,1,1.0,0.0,instacart_grocery,4.248495242049359,False,-1,-0.01707623517974155
145428,69,1,1.0,0.0,instacart_grocery,4.248495242049359,False,-1,-0.01707623517974155
71526,69,1,1.0,0.0,instacart_grocery,4.248495242049359,False,-1,-0.01707623517974155
197683,69,1,1.0,0.0,instacart_grocery,4.248495242049359,False,-1,-0.01707623517974155
173381,69,1,1.0,0.0,instacart_grocery,4.248495242049359,False,-1,-0.01707623517974155
114084,69,1,1.0,0.0,instacart_grocery,4.248495242049359,False,-1,-0.01707623517974155
171417,69,1,1.0,0.0,instacart_grocery,4.248495242049359,False,-1,-0.01707623517974155
91989,69,1,1.0,0.0,instacart_grocery,4.248495242049359,False,-1,-0.01707623517974155
83178,69,1,1.0,0.0,instacart_grocery,4.248495242049359,False,-1,-0.01707623517974155
116875,69,1,1.0,0.0,instacart_grocery,4.248495242049359,False,-1,-0.01707623517974155
11200,69,1,1.0,0.0,instacart_grocery,4.248495242049359,False,-1,-0.01707623517974155
91812,69,1,1.0,0.0,instacart_grocery,4.248495242049359,False,-1,-0.01707623517974155
11058,69,1,1.0,0.0,instacart_grocery,4.248495242049359,False,-1,-0.01707623517974155
115797,69,1,1.0,0.0,instacart_grocery,4.248495242049359,False,-1,-0.01707623517974155
69035,69,1,1.0,0.0,instacart_grocery,4.248495242049359,False,-1,-0.01707623517974155
69052,69,1,1.0,0.0,instacart_grocery,4.248495242049359,False,-1,-0.01707623517974155
69181,69,1,1.0,0.0,instacart_grocery,4.248495242049359,False,-1,-0.01707623517974155
142447,69,1,1.0,0.0,instacart_grocery,4.248495242049359,False,-1,-0.01707623517974155
89290,69,1,1.0,0.0,instacart_grocery,4.248495242049359,False,-1,-0.01707623517974155
115313,69,1,1.0,0.0,instacart_grocery,4.248495242049359,False,-1,-0.01707623517974155
93814,69,1,1.0,0.0,instacart_grocery,4.248495242049359,False,-1,-0.01707623517974155
38839,69,1,1.0,0.0,instacart_grocery,4.248495242049359,False,-1,-0.01707623517974155
9950,69,1,1.0,0.0,instacart_grocery,4.248495242049359,False,-1,-0.01707623517974155
38313,69,1,1.0,0.0,instacart_grocery,4.248495242049359,False,-1,-0.01707623517974155
140192,69,1,1.0,0.0,instacart_grocery,4.248495242049359,False,-1,-0.01707623517974155
13349,69,1,1.0,0.0,instacart_grocery,4.248495242049359,False,-1,-0.01707623517974155
70759,69,1,1.0,0.0,instacart_grocery,4.248495242049359,False,-1,-0.01707623517974155
118053,69,1,1.0,0.0,instacart_grocery,4.248495242049359,False,-1,-0.01707623517974155
9330,69,1,1.0,0.0,instacart_grocery,4.248495242049359,False,-1,-0.01707623517974155
139847,69,1,1.0,0.0,instacart_grocery,4.248495242049359,False,-1,-0.01707623517974155
114439,69,1,1.0,0.0,instacart_grocery,4.248495242049359,False,-1,-0.01707623517974155
169630,69,1,1.0,0.0,instacart_grocery,4.248495242049359,False,-1,-0.01707623517974155
142958,69,1,1.0,0.0,instacart_grocery,4.248495242049359,False,-1,-0.01707623517974155
35155,69,1,1.0,0.0,instacart_grocery,4.248495242049359,False,-1,-0.01707623517974155
33383,69,1,1.0,0.0,instacart_grocery,4.248495242049359,False,-1,-0.01707623517974155
120547,69,1,1.0,0.0,instacart_grocery,4.248495242049359,False,-1,-0.01707623517974155
146924,69,1,1.0,0.0,instacart_grocery,4.248495242049359,False,-1,-0.01707623517974155
17238,69,1,1.0,0.0,instacart_grocery,4.248495242049359,False,-1,-0.01707623517974155
135123,69,1,1.0,0.0,instacart_grocery,4.248495242049359,False,-1,-0.01707623517974155
6956,69,1,1.0,0.0,instacart_grocery,4.248495242049359,False,-1,-0.01707623517974155
145722,69,1,1.0,0.0,instacart_grocery,4.248495242049359,False,-1,-0.01707623517974155
34616,69,1,1.0,0.0,instacart_grocery,4.248495242049359,False,-1,-0.01707623517974155
178187,69,1,1.0,0.0,instacart_grocery,4.248495242049359,False,-1,-0.01707623517974155
89079,69,1,1.0,0.0,instacart_grocery,4.248495242049359,False,-1,-0.01707623517974155
62427,69,1,1.0,0.0,instacart_grocery,4.248495242049359,False,-1,-0.01707623517974155
33818,69,1,1.0,0.0,instacart_grocery,4.248495242049359,False,-1,-0.01707623517974155
178236,69,1,1.0,0.0,instacart_grocery,4.248495242049359,False,-1,-0.01707623517974155
178241,69,1,1.0,0.0,instacart_grocery,4.248495242049359,False,-1,-0.01707623517974155
63029,69,1,1.0,0.0,instacart_grocery,4.248495242049359,False,-1,-0.01707623517974155
96210,69,1,1.0,0.0,instacart_grocery,4.248495242049359,False,-1,-0.01707623517974155
191280,69,1,1.0,0.0,instacart_grocery,4.248495242049359,False,-1,-0.01707623517974155
199797,69,1,1.0,0.0,instacart_grocery,4.248495242049359,False,-1,-0.01707623517974155
145724,69,1,1.0,0.0,instacart_grocery,4.248495242049359,False,-1,-0.01707623517974155
18224,69,1,1.0,0.0,instacart_grocery,4.248495242049359,False,-1,-0.01707623517974155
145822,69,1,1.0,0.0,instacart_grocery,4.248495242049359,False,-1,-0.01707623517974155
191466,69,1,1.0,0.0,instacart_grocery,4.248495242049359,False,-1,-0.01707623517974155
199349,69,1,1.0,0.0,instacart_grocery,4.248495242049359,False,-1,-0.01707623517974155
34219,69,1,1.0,0.0,instacart_grocery,4.248495242049359,False,-1,-0.01707623517974155
63074,69,1,1.0,0.0,instacart_grocery,4.248495242049359,False,-1,-0.01707623517974155
191436,69,1,1.0,0.0,instacart_grocery,4.248495242049359,False,-1,-0.01707623517974155
108838,68,1,1.0,0.0,instacart_grocery,4.23410650459726,False,-1,-0.009050907248132511
5211,68,1,1.0,0.0,instacart_grocery,4.23410650459726,False,-1,-0.009050907248132511
189257,68,1,1.0,0.0,instacart_grocery,4.23410650459726,False,-1,-0.009050907248132511
2193,68,1,1.0,0.0,instacart_grocery,4.23410650459726,False,-1,-0.009050907248132511
202035,68,1,1.0,0.0,instacart_grocery,4.23410650459726,False,-1,-0.009050907248132511
101508,68,1,1.0,0.0,instacart_grocery,4.23410650459726,False,-1,-0.009050907248132511
204283,68,1,1.0,0.0,instacart_grocery,4.23410650459726,False,-1,-0.009050907248132511
202359,68,1,1.0,0.0,instacart_grocery,4.23410650459726,False,-1,-0.009050907248132511
120572,68,1,1.0,0.0,instacart_grocery,4.23410650459726,False,-1,-0.009050907248132511
114378,68,1,1.0,0.0,instacart_grocery,4.23410650459726,False,-1,-0.009050907248132511
108606,68,1,1.0,0.0,instacart_grocery,4.23410650459726,False,-1,-0.009050907248132511
88361,68,1,1.0,0.0,instacart_grocery,4.23410650459726,False,-1,-0.009050907248132511
94285,68,1,1.0,0.0,instacart_grocery,4.23410650459726,False,-1,-0.009050907248132511
200644,68,1,1.0,0.0,instacart_grocery,4.23410650459726,False,-1,-0.009050907248132511
91326,68,1,1.0,0.0,instacart_grocery,4.23410650459726,False,-1,-0.009050907248132511
202876,68,1,1.0,0.0,instacart_grocery,4.23410650459726,False,-1,-0.009050907248132511
194432,68,1,1.0,0.0,instacart_grocery,4.23410650459726,False,-1,-0.009050907248132511
50,68,1,1.0,0.0,instacart_grocery,4.23410650459726,False,-1,-0.009050907248132511
18332,68,1,1.0,0.0,instacart_grocery,4.23410650459726,False,-1,-0.009050907248132511
92707,68,1,1.0,0.0,instacart_grocery,4.23410650459726,False,-1,-0.009050907248132511
116198,68,1,1.0,0.0,instacart_grocery,4.23410650459726,False,-1,-0.009050907248132511
83494,68,1,1.0,0.0,instacart_grocery,4.23410650459726,False,-1,-0.009050907248132511
116621,68,1,1.0,0.0,instacart_grocery,4.23410650459726,False,-1,-0.009050907248132511
190139,68,1,1.0,0.0,instacart_grocery,4.23410650459726,False,-1,-0.009050907248132511
121984,68,1,1.0,0.0,instacart_grocery,4.23410650459726,False,-1,-0.009050907248132511
195071,68,1,1.0,0.0,instacart_grocery,4.23410650459726,False,-1,-0.009050907248132511
98033,68,1,1.0,0.0,instacart_grocery,4.23410650459726,False,-1,-0.009050907248132511
185633,68,1,1.0,0.0,instacart_grocery,4.23410650459726,False,-1,-0.009050907248132511
11112,68,1,1.0,0.0,instacart_grocery,4.23410650459726,False,-1,-0.009050907248132511
117023,68,1,1.0,0.0,instacart_grocery,4.23410650459726,False,-1,-0.009050907248132511
18214,68,1,1.0,0.0,instacart_grocery,4.23410650459726,False,-1,-0.009050907248132511
102707,68,1,1.0,0.0,instacart_grocery,4.23410650459726,False,-1,-0.009050907248132511
5237,68,1,1.0,0.0,instacart_grocery,4.23410650459726,False,-1,-0.009050907248132511
93502,68,1,1.0,0.0,instacart_grocery,4.23410650459726,False,-1,-0.009050907248132511
186185,68,1,1.0,0.0,instacart_grocery,4.23410650459726,False,-1,-0.009050907248132511
109899,68,1,1.0,0.0,instacart_grocery,4.23410650459726,False,-1,-0.009050907248132511
94401,68,1,1.0,0.0,instacart_grocery,4.23410650459726,False,-1,-0.009050907248132511
196422,68,1,1.0,0.0,instacart_grocery,4.23410650459726,False,-1,-0.009050907248132511
18132,68,1,1.0,0.0,instacart_grocery,4.23410650459726,False,-1,-0.009050907248132511
1424,68,1,1.0,0.0,instacart_grocery,4.23410650459726,False,-1,-0.009050907248132511
190442,68,1,1.0,0.0,instacart_grocery,4.23410650459726,False,-1,-0.009050907248132511
205014,68,1,1.0,0.0,instacart_grocery,4.23410650459726,False,-1,-0.009050907248132511
204060,68,1,1.0,0.0,instacart_grocery,4.23410650459726,False,-1,-0.009050907248132511
186804,68,1,1.0,0.0,instacart_grocery,4.23410650459726,False,-1,-0.009050907248132511
4503,68,1,1.0,0.0,instacart_grocery,4.23410650459726,False,-1,-0.009050907248132511
85997,68,1,1.0,0.0,instacart_grocery,4.23410650459726,False,-1,-0.009050907248132511
122995,68,1,1.0,0.0,instacart_grocery,4.23410650459726,False,-1,-0.009050907248132511
7565,68,1,1.0,0.0,instacart_grocery,4.23410650459726,False,-1,-0.009050907248132511
119392,68,1,1.0,0.0,instacart_grocery,4.23410650459726,False,-1,-0.009050907248132511
89533,68,1,1.0,0.0,instacart_grocery,4.23410650459726,False,-1,-0.009050907248132511
203225,68,1,1.0,0.0,instacart_grocery,4.23410650459726,False,-1,-0.009050907248132511
94973,68,1,1.0,0.0,instacart_grocery,4.23410650459726,False,-1,-0.009050907248132511
7287,68,1,1.0,0.0,instacart_grocery,4.23410650459726,False,-1,-0.009050907248132511
4424,68,1,1.0,0.0,instacart_grocery,4.23410650459726,False,-1,-0.009050907248132511
94770,68,1,1.0,0.0,instacart_grocery,4.23410650459726,False,-1,-0.009050907248132511
86382,68,1,1.0,0.0,instacart_grocery,4.23410650459726,False,-1,-0.009050907248132511
95997,68,1,1.0,0.0,instacart_grocery,4.23410650459726,False,-1,-0.009050907248132511
16725,68,1,1.0,0.0,instacart_grocery,4.23410650459726,False,-1,-0.009050907248132511
191861,68,1,1.0,0.0,instacart_grocery,4.23410650459726,False,-1,-0.009050907248132511
99885,68,1,1.0,0.0,instacart_grocery,4.23410650459726,False,-1,-0.009050907248132511
111683,68,1,1.0,0.0,instacart_grocery,4.23410650459726,False,-1,-0.009050907248132511
16483,68,1,1.0,0.0,instacart_grocery,4.23410650459726,False,-1,-0.009050907248132511
202733,68,1,1.0,0.0,instacart_grocery,4.23410650459726,False,-1,-0.009050907248132511
3827,68,1,1.0,0.0,instacart_grocery,4.23410650459726,False,-1,-0.009050907248132511
86751,68,1,1.0,0.0,instacart_grocery,4.23410650459726,False,-1,-0.009050907248132511
199229,68,1,1.0,0.0,instacart_grocery,4.23410650459726,False,-1,-0.009050907248132511
111849,68,1,1.0,0.0,instacart_grocery,4.23410650459726,False,-1,-0.009050907248132511
202384,68,1,1.0,0.0,instacart_grocery,4.23410650459726,False,-1,-0.009050907248132511
21651,68,1,1.0,0.0,instacart_grocery,4.23410650459726,False,-1,-0.009050907248132511
111267,68,1,1.0,0.0,instacart_grocery,4.23410650459726,False,-1,-0.009050907248132511
193557,68,1,1.0,0.0,instacart_grocery,4.23410650459726,False,-1,-0.009050907248132511
84279,68,1,1.0,0.0,instacart_grocery,4.23410650459726,False,-1,-0.009050907248132511
193550,68,1,1.0,0.0,instacart_grocery,4.23410650459726,False,-1,-0.009050907248132511
95848,68,1,1.0,0.0,instacart_grocery,4.23410650459726,False,-1,-0.009050907248132511
17829,68,1,1.0,0.0,instacart_grocery,4.23410650459726,False,-1,-0.009050907248132511
193285,68,1,1.0,0.0,instacart_grocery,4.23410650459726,False,-1,-0.009050907248132511
186983,68,1,1.0,0.0,instacart_grocery,4.23410650459726,False,-1,-0.009050907248132511
19918,68,1,1.0,0.0,instacart_grocery,4.23410650459726,False,-1,-0.009050907248132511
17677,68,1,1.0,0.0,instacart_grocery,4.23410650459726,False,-1,-0.009050907248132511
118564,68,1,1.0,0.0,instacart_grocery,4.23410650459726,False,-1,-0.009050907248132511
22035,68,1,1.0,0.0,instacart_grocery,4.23410650459726,False,-1,-0.009050907248132511
118625,68,1,1.0,0.0,instacart_grocery,4.23410650459726,False,-1,-0.009050907248132511
2468,68,1,1.0,0.0,instacart_grocery,4.23410650459726,False,-1,-0.009050907248132511
8100,68,1,1.0,0.0,instacart_grocery,4.23410650459726,False,-1,-0.009050907248132511
88926,68,1,1.0,0.0,instacart_grocery,4.23410650459726,False,-1,-0.009050907248132511
90343,68,1,1.0,0.0,instacart_grocery,4.23410650459726,False,-1,-0.009050907248132511
90185,68,1,1.0,0.0,instacart_grocery,4.23410650459726,False,-1,-0.009050907248132511
120501,68,1,1.0,0.0,instacart_grocery,4.23410650459726,False,-1,-0.009050907248132511
89574,68,1,1.0,0.0,instacart_grocery,4.23410650459726,False,-1,-0.009050907248132511
8072,68,1,1.0,0.0,instacart_grocery,4.23410650459726,False,-1,-0.009050907248132511
113236,68,1,1.0,0.0,instacart_grocery,4.23410650459726,False,-1,-0.009050907248132511
119090,68,1,1.0,0.0,instacart_grocery,4.23410650459726,False,-1,-0.009050907248132511
113653,68,1,1.0,0.0,instacart_grocery,4.23410650459726,False,-1,-0.009050907248132511
100549,68,1,1.0,0.0,instacart_grocery,4.23410650459726,False,-1,-0.009050907248132511
182286,68,1,1.0,0.0,instacart_grocery,4.23410650459726,False,-1,-0.009050907248132511
206206,68,1,1.0,0.0,instacart_grocery,4.23410650459726,False,-1,-0.009050907248132511
134094,68,1,1.0,0.0,instacart_grocery,4.23410650459726,False,-1,-0.009050907248132511
160067,68,1,1.0,0.0,instacart_grocery,4.23410650459726,False,-1,-0.009050907248132511
151464,68,1,1.0,0.0,instacart_grocery,4.23410650459726,False,-1,-0.009050907248132511
32594,68,1,1.0,0.0,instacart_grocery,4.23410650459726,False,-1,-0.009050907248132511
76585,68,1,1.0,0.0,instacart_grocery,4.23410650459726,False,-1,-0.009050907248132511
159567,68,1,1.0,0.0,instacart_grocery,4.23410650459726,False,-1,-0.009050907248132511
133005,68,1,1.0,0.0,instacart_grocery,4.23410650459726,False,-1,-0.009050907248132511
51176,68,1,1.0,0.0,instacart_grocery,4.23410650459726,False,-1,-0.009050907248132511
31963,68,1,1.0,0.0,instacart_grocery,4.23410650459726,False,-1,-0.009050907248132511
51549,68,1,1.0,0.0,instacart_grocery,4.23410650459726,False,-1,-0.009050907248132511
141993,68,1,1.0,0.0,instacart_grocery,4.23410650459726,False,-1,-0.009050907248132511
46412,68,1,1.0,0.0,instacart_grocery,4.23410650459726,False,-1,-0.009050907248132511
152514,68,1,1.0,0.0,instacart_grocery,4.23410650459726,False,-1,-0.009050907248132511
40093,68,1,1.0,0.0,instacart_grocery,4.23410650459726,False,-1,-0.009050907248132511
142142,68,1,1.0,0.0,instacart_grocery,4.23410650459726,False,-1,-0.009050907248132511
170966,68,1,1.0,0.0,instacart_grocery,4.23410650459726,False,-1,-0.009050907248132511
41117,68,1,1.0,0.0,instacart_grocery,4.23410650459726,False,-1,-0.009050907248132511
158806,68,1,1.0,0.0,instacart_grocery,4.23410650459726,False,-1,-0.009050907248132511
52025,68,1,1.0,0.0,instacart_grocery,4.23410650459726,False,-1,-0.009050907248132511
41517,68,1,1.0,0.0,instacart_grocery,4.23410650459726,False,-1,-0.009050907248132511
78141,68,1,1.0,0.0,instacart_grocery,4.23410650459726,False,-1,-0.009050907248132511
30048,68,1,1.0,0.0,instacart_grocery,4.23410650459726,False,-1,-0.009050907248132511
147358,68,1,1.0,0.0,instacart_grocery,4.23410650459726,False,-1,-0.009050907248132511
55713,68,1,1.0,0.0,instacart_grocery,4.23410650459726,False,-1,-0.009050907248132511
170284,68,1,1.0,0.0,instacart_grocery,4.23410650459726,False,-1,-0.009050907248132511
158164,68,1,1.0,0.0,instacart_grocery,4.23410650459726,False,-1,-0.009050907248132511
66936,68,1,1.0,0.0,instacart_grocery,4.23410650459726,False,-1,-0.009050907248132511
78904,68,1,1.0,0.0,instacart_grocery,4.23410650459726,False,-1,-0.009050907248132511
180074,68,1,1.0,0.0,instacart_grocery,4.23410650459726,False,-1,-0.009050907248132511
55202,68,1,1.0,0.0,instacart_grocery,4.23410650459726,False,-1,-0.009050907248132511
60891,68,1,1.0,0.0,instacart_grocery,4.23410650459726,False,-1,-0.009050907248132511
38930,68,1,1.0,0.0,instacart_grocery,4.23410650459726,False,-1,-0.009050907248132511
136782,68,1,1.0,0.0,instacart_grocery,4.23410650459726,False,-1,-0.009050907248132511
73667,68,1,1.0,0.0,instacart_grocery,4.23410650459726,False,-1,-0.009050907248132511
36349,68,1,1.0,0.0,instacart_grocery,4.23410650459726,False,-1,-0.009050907248132511
59323,68,1,1.0,0.0,instacart_grocery,4.23410650459726,False,-1,-0.009050907248132511
136364,68,1,1.0,0.0,instacart_grocery,4.23410650459726,False,-1,-0.009050907248132511
148994,68,1,1.0,0.0,instacart_grocery,4.23410650459726,False,-1,-0.009050907248132511
49125,68,1,1.0,0.0,instacart_grocery,4.23410650459726,False,-1,-0.009050907248132511
49143,68,1,1.0,0.0,instacart_grocery,4.23410650459726,False,-1,-0.009050907248132511
174333,68,1,1.0,0.0,instacart_grocery,4.23410650459726,False,-1,-0.009050907248132511
74336,68,1,1.0,0.0,instacart_grocery,4.23410650459726,False,-1,-0.009050907248132511
71940,68,1,1.0,0.0,instacart_grocery,4.23410650459726,False,-1,-0.009050907248132511
36946,68,1,1.0,0.0,instacart_grocery,4.23410650459726,False,-1,-0.009050907248132511
74620,68,1,1.0,0.0,instacart_grocery,4.23410650459726,False,-1,-0.009050907248132511
140807,68,1,1.0,0.0,instacart_grocery,4.23410650459726,False,-1,-0.009050907248132511
161837,68,1,1.0,0.0,instacart_grocery,4.23410650459726,False,-1,-0.009050907248132511
37487,68,1,1.0,0.0,instacart_grocery,4.23410650459726,False,-1,-0.009050907248132511
34526,68,1,1.0,0.0,instacart_grocery,4.23410650459726,False,-1,-0.009050907248132511
34488,68,1,1.0,0.0,instacart_grocery,4.23410650459726,False,-1,-0.009050907248132511
34305,68,1,1.0,0.0,instacart_grocery,4.23410650459726,False,-1,-0.009050907248132511
37509,68,1,1.0,0.0,instacart_grocery,4.23410650459726,False,-1,-0.009050907248132511
75602,68,1,1.0,0.0,instacart_grocery,4.23410650459726,False,-1,-0.009050907248132511
173789,68,1,1.0,0.0,instacart_grocery,4.23410650459726,False,-1,-0.009050907248132511
139531,68,1,1.0,0.0,instacart_grocery,4.23410650459726,False,-1,-0.009050907248132511
58282,68,1,1.0,0.0,instacart_grocery,4.23410650459726,False,-1,-0.009050907248132511
48259,68,1,1.0,0.0,instacart_grocery,4.23410650459726,False,-1,-0.009050907248132511
178030,68,1,1.0,0.0,instacart_grocery,4.23410650459726,False,-1,-0.009050907248132511
38454,68,1,1.0,0.0,instacart_grocery,4.23410650459726,False,-1,-0.009050907248132511
70475,68,1,1.0,0.0,instacart_grocery,4.23410650459726,False,-1,-0.009050907248132511
58718,68,1,1.0,0.0,instacart_grocery,4.23410650459726,False,-1,-0.009050907248132511
143135,68,1,1.0,0.0,instacart_grocery,4.23410650459726,False,-1,-0.009050907248132511
137311,68,1,1.0,0.0,instacart_grocery,4.23410650459726,False,-1,-0.009050907248132511
25318,68,1,1.0,0.0,instacart_grocery,4.23410650459726,False,-1,-0.009050907248132511
182652,68,1,1.0,0.0,instacart_grocery,4.23410650459726,False,-1,-0.009050907248132511
26645,68,1,1.0,0.0,instacart_grocery,4.23410650459726,False,-1,-0.009050907248132511
64219,68,1,1.0,0.0,instacart_grocery,4.23410650459726,False,-1,-0.009050907248132511
52898,68,1,1.0,0.0,instacart_grocery,4.23410650459726,False,-1,-0.009050907248132511
143452,68,1,1.0,0.0,instacart_grocery,4.23410650459726,False,-1,-0.009050907248132511
45639,68,1,1.0,0.0,instacart_grocery,4.23410650459726,False,-1,-0.009050907248132511
155414,68,1,1.0,0.0,instacart_grocery,4.23410650459726,False,-1,-0.009050907248132511
66291,68,1,1.0,0.0,instacart_grocery,4.23410650459726,False,-1,-0.009050907248132511
62355,68,1,1.0,0.0,instacart_grocery,4.23410650459726,False,-1,-0.009050907248132511
65003,68,1,1.0,0.0,instacart_grocery,4.23410650459726,False,-1,-0.009050907248132511
166676,68,1,1.0,0.0,instacart_grocery,4.23410650459726,False,-1,-0.009050907248132511
183101,68,1,1.0,0.0,instacart_grocery,4.23410650459726,False,-1,-0.009050907248132511
143991,68,1,1.0,0.0,instacart_grocery,4.23410650459726,False,-1,-0.009050907248132511
65350,68,1,1.0,0.0,instacart_grocery,4.23410650459726,False,-1,-0.009050907248132511
80879,68,1,1.0,0.0,instacart_grocery,4.23410650459726,False,-1,-0.009050907248132511
167378,68,1,1.0,0.0,instacart_grocery,4.23410650459726,False,-1,-0.009050907248132511
154325,68,1,1.0,0.0,instacart_grocery,4.23410650459726,False,-1,-0.009050907248132511
25480,68,1,1.0,0.0,instacart_grocery,4.23410650459726,False,-1,-0.009050907248132511
23985,68,1,1.0,0.0,instacart_grocery,4.23410650459726,False,-1,-0.009050907248132511
156133,68,1,1.0,0.0,instacart_grocery,4.23410650459726,False,-1,-0.009050907248132511
144338,68,1,1.0,0.0,instacart_grocery,4.23410650459726,False,-1,-0.009050907248132511
155498,68,1,1.0,0.0,instacart_grocery,4.23410650459726,False,-1,-0.009050907248132511
25433,68,1,1.0,0.0,instacart_grocery,4.23410650459726,False,-1,-0.009050907248132511
23876,68,1,1.0,0.0,instacart_grocery,4.23410650459726,False,-1,-0.009050907248132511
79254,68,1,1.0,0.0,instacart_grocery,4.23410650459726,False,-1,-0.009050907248132511
127632,68,1,1.0,0.0,instacart_grocery,4.23410650459726,False,-1,-0.009050907248132511
24523,68,1,1.0,0.0,instacart_grocery,4.23410650459726,False,-1,-0.009050907248132511
184087,68,1,1.0,0.0,instacart_grocery,4.23410650459726,False,-1,-0.009050907248132511
145505,68,1,1.0,0.0,instacart_grocery,4.23410650459726,False,-1,-0.009050907248132511
70736,67,1,1.0,0.0,instacart_grocery,4.219507705176107,False,-1,-0.006439301462671687
60052,67,1,1.0,0.0,instacart_grocery,4.219507705176107,False,-1,-0.006439301462671687
148666,67,1,1.0,0.0,instacart_grocery,4.219507705176107,False,-1,-0.006439301462671687
38017,67,1,1.0,0.0,instacart_grocery,4.219507705176107,False,-1,-0.006439301462671687
59959,67,1,1.0,0.0,instacart_grocery,4.219507705176107,False,-1,-0.006439301462671687
108945,67,1,1.0,0.0,instacart_grocery,4.219507705176107,False,-1,-0.006439301462671687
163105,67,1,1.0,0.0,instacart_grocery,4.219507705176107,False,-1,-0.006439301462671687
37595,67,1,1.0,0.0,instacart_grocery,4.219507705176107,False,-1,-0.006439301462671687
44769,67,1,1.0,0.0,instacart_grocery,4.219507705176107,False,-1,-0.006439301462671687
167567,67,1,1.0,0.0,instacart_grocery,4.219507705176107,False,-1,-0.006439301462671687
14438,67,1,1.0,0.0,instacart_grocery,4.219507705176107,False,-1,-0.006439301462671687
90602,67,1,1.0,0.0,instacart_grocery,4.219507705176107,False,-1,-0.006439301462671687
199989,67,1,1.0,0.0,instacart_grocery,4.219507705176107,False,-1,-0.006439301462671687
112260,67,1,1.0,0.0,instacart_grocery,4.219507705176107,False,-1,-0.006439301462671687
37810,67,1,1.0,0.0,instacart_grocery,4.219507705176107,False,-1,-0.006439301462671687
94260,67,1,1.0,0.0,instacart_grocery,4.219507705176107,False,-1,-0.006439301462671687
90498,67,1,1.0,0.0,instacart_grocery,4.219507705176107,False,-1,-0.006439301462671687
48664,67,1,1.0,0.0,instacart_grocery,4.219507705176107,False,-1,-0.006439301462671687
73394,67,1,1.0,0.0,instacart_grocery,4.219507705176107,False,-1,-0.006439301462671687
192558,67,1,1.0,0.0,instacart_grocery,4.219507705176107,False,-1,-0.006439301462671687
137604,67,1,1.0,0.0,instacart_grocery,4.219507705176107,False,-1,-0.006439301462671687
175139,67,1,1.0,0.0,instacart_grocery,4.219507705176107,False,-1,-0.006439301462671687
6993,67,1,1.0,0.0,instacart_grocery,4.219507705176107,False,-1,-0.006439301462671687
167028,67,1,1.0,0.0,instacart_grocery,4.219507705176107,False,-1,-0.006439301462671687
36471,67,1,1.0,0.0,instacart_grocery,4.219507705176107,False,-1,-0.006439301462671687
149393,67,1,1.0,0.0,instacart_grocery,4.219507705176107,False,-1,-0.006439301462671687
119021,67,1,1.0,0.0,instacart_grocery,4.219507705176107,False,-1,-0.006439301462671687
199163,67,1,1.0,0.0,instacart_grocery,4.219507705176107,False,-1,-0.006439301462671687
198856,67,1,1.0,0.0,instacart_grocery,4.219507705176107,False,-1,-0.006439301462671687
174796,67,1,1.0,0.0,instacart_grocery,4.219507705176107,False,-1,-0.006439301462671687
36508,67,1,1.0,0.0,instacart_grocery,4.219507705176107,False,-1,-0.006439301462671687
167297,67,1,1.0,0.0,instacart_grocery,4.219507705176107,False,-1,-0.006439301462671687
148965,67,1,1.0,0.0,instacart_grocery,4.219507705176107,False,-1,-0.006439301462671687
90464,67,1,1.0,0.0,instacart_grocery,4.219507705176107,False,-1,-0.006439301462671687
193056,67,1,1.0,0.0,instacart_grocery,4.219507705176107,False,-1,-0.006439301462671687
44903,67,1,1.0,0.0,instacart_grocery,4.219507705176107,False,-1,-0.006439301462671687
6810,67,1,1.0,0.0,instacart_grocery,4.219507705176107,False,-1,-0.006439301462671687
202292,67,1,1.0,0.0,instacart_grocery,4.219507705176107,False,-1,-0.006439301462671687
198865,67,1,1.0,0.0,instacart_grocery,4.219507705176107,False,-1,-0.006439301462671687
162950,67,1,1.0,0.0,instacart_grocery,4.219507705176107,False,-1,-0.006439301462671687
148760,67,1,1.0,0.0,instacart_grocery,4.219507705176107,False,-1,-0.006439301462671687
118713,67,1,1.0,0.0,instacart_grocery,4.219507705176107,False,-1,-0.006439301462671687
71654,67,1,1.0,0.0,instacart_grocery,4.219507705176107,False,-1,-0.006439301462671687
39019,67,1,1.0,0.0,instacart_grocery,4.219507705176107,False,-1,-0.006439301462671687
45426,67,1,1.0,0.0,instacart_grocery,4.219507705176107,False,-1,-0.006439301462671687
66397,67,1,1.0,0.0,instacart_grocery,4.219507705176107,False,-1,-0.006439301462671687
41151,67,1,1.0,0.0,instacart_grocery,4.219507705176107,False,-1,-0.006439301462671687
46356,67,1,1.0,0.0,instacart_grocery,4.219507705176107,False,-1,-0.006439301462671687
116012,67,1,1.0,0.0,instacart_grocery,4.219507705176107,False,-1,-0.006439301462671687
5900,67,1,1.0,0.0,instacart_grocery,4.219507705176107,False,-1,-0.006439301462671687
196002,67,1,1.0,0.0,instacart_grocery,4.219507705176107,False,-1,-0.006439301462671687
61748,67,1,1.0,0.0,instacart_grocery,4.219507705176107,False,-1,-0.006439301462671687
97965,67,1,1.0,0.0,instacart_grocery,4.219507705176107,False,-1,-0.006439301462671687
10888,67,1,1.0,0.0,instacart_grocery,4.219507705176107,False,-1,-0.006439301462671687
165042,67,1,1.0,0.0,instacart_grocery,4.219507705176107,False,-1,-0.006439301462671687
196122,67,1,1.0,0.0,instacart_grocery,4.219507705176107,False,-1,-0.006439301462671687
10613,67,1,1.0,0.0,instacart_grocery,4.219507705176107,False,-1,-0.006439301462671687
114194,67,1,1.0,0.0,instacart_grocery,4.219507705176107,False,-1,-0.006439301462671687
43190,67,1,1.0,0.0,instacart_grocery,4.219507705176107,False,-1,-0.006439301462671687
170316,67,1,1.0,0.0,instacart_grocery,4.219507705176107,False,-1,-0.006439301462671687
43133,67,1,1.0,0.0,instacart_grocery,4.219507705176107,False,-1,-0.006439301462671687
110014,67,1,1.0,0.0,instacart_grocery,4.219507705176107,False,-1,-0.006439301462671687
142841,67,1,1.0,0.0,instacart_grocery,4.219507705176107,False,-1,-0.006439301462671687
67337,67,1,1.0,0.0,instacart_grocery,4.219507705176107,False,-1,-0.006439301462671687
9303,67,1,1.0,0.0,instacart_grocery,4.219507705176107,False,-1,-0.006439301462671687
201091,67,1,1.0,0.0,instacart_grocery,4.219507705176107,False,-1,-0.006439301462671687
114783,67,1,1.0,0.0,instacart_grocery,4.219507705176107,False,-1,-0.006439301462671687
42830,67,1,1.0,0.0,instacart_grocery,4.219507705176107,False,-1,-0.006439301462671687
94288,67,1,1.0,0.0,instacart_grocery,4.219507705176107,False,-1,-0.006439301462671687
42878,67,1,1.0,0.0,instacart_grocery,4.219507705176107,False,-1,-0.006439301462671687
169199,67,1,1.0,0.0,instacart_grocery,4.219507705176107,False,-1,-0.006439301462671687
38492,67,1,1.0,0.0,instacart_grocery,4.219507705176107,False,-1,-0.006439301462671687
171184,67,1,1.0,0.0,instacart_grocery,4.219507705176107,False,-1,-0.006439301462671687
146836,67,1,1.0,0.0,instacart_grocery,4.219507705176107,False,-1,-0.006439301462671687
47826,67,1,1.0,0.0,instacart_grocery,4.219507705176107,False,-1,-0.006439301462671687
13035,67,1,1.0,0.0,instacart_grocery,4.219507705176107,False,-1,-0.006439301462671687
198456,67,1,1.0,0.0,instacart_grocery,4.219507705176107,False,-1,-0.006439301462671687
117426,67,1,1.0,0.0,instacart_grocery,4.219507705176107,False,-1,-0.006439301462671687
169939,67,1,1.0,0.0,instacart_grocery,4.219507705176107,False,-1,-0.006439301462671687
112847,67,1,1.0,0.0,instacart_grocery,4.219507705176107,False,-1,-0.006439301462671687
147855,67,1,1.0,0.0,instacart_grocery,4.219507705176107,False,-1,-0.006439301462671687
44433,67,1,1.0,0.0,instacart_grocery,4.219507705176107,False,-1,-0.006439301462671687
141269,67,1,1.0,0.0,instacart_grocery,4.219507705176107,False,-1,-0.006439301462671687
68817,67,1,1.0,0.0,instacart_grocery,4.219507705176107,False,-1,-0.006439301462671687
141617,67,1,1.0,0.0,instacart_grocery,4.219507705176107,False,-1,-0.006439301462671687
65166,67,1,1.0,0.0,instacart_grocery,4.219507705176107,False,-1,-0.006439301462671687
171844,67,1,1.0,0.0,instacart_grocery,4.219507705176107,False,-1,-0.006439301462671687
6467,67,1,1.0,0.0,instacart_grocery,4.219507705176107,False,-1,-0.006439301462671687
40279,67,1,1.0,0.0,instacart_grocery,4.219507705176107,False,-1,-0.006439301462671687
46784,67,1,1.0,0.0,instacart_grocery,4.219507705176107,False,-1,-0.006439301462671687
12157,67,1,1.0,0.0,instacart_grocery,4.219507705176107,False,-1,-0.006439301462671687
198103,67,1,1.0,0.0,instacart_grocery,4.219507705176107,False,-1,-0.006439301462671687
201611,67,1,1.0,0.0,instacart_grocery,4.219507705176107,False,-1,-0.006439301462671687
40589,67,1,1.0,0.0,instacart_grocery,4.219507705176107,False,-1,-0.006439301462671687
171470,67,1,1.0,0.0,instacart_grocery,4.219507705176107,False,-1,-0.006439301462671687
46622,67,1,1.0,0.0,instacart_grocery,4.219507705176107,False,-1,-0.006439301462671687
195416,67,1,1.0,0.0,instacart_grocery,4.219507705176107,False,-1,-0.006439301462671687
98040,67,1,1.0,0.0,instacart_grocery,4.219507705176107,False,-1,-0.006439301462671687
65842,67,1,1.0,0.0,instacart_grocery,4.219507705176107,False,-1,-0.006439301462671687
35771,67,1,1.0,0.0,instacart_grocery,4.219507705176107,False,-1,-0.006439301462671687
116225,67,1,1.0,0.0,instacart_grocery,4.219507705176107,False,-1,-0.006439301462671687
16247,67,1,1.0,0.0,instacart_grocery,4.219507705176107,False,-1,-0.006439301462671687
137262,67,1,1.0,0.0,instacart_grocery,4.219507705176107,False,-1,-0.006439301462671687
55174,67,1,1.0,0.0,instacart_grocery,4.219507705176107,False,-1,-0.006439301462671687
181894,67,1,1.0,0.0,instacart_grocery,4.219507705176107,False,-1,-0.006439301462671687
124455,67,1,1.0,0.0,instacart_grocery,4.219507705176107,False,-1,-0.006439301462671687
158327,67,1,1.0,0.0,instacart_grocery,4.219507705176107,False,-1,-0.006439301462671687
52259,67,1,1.0,0.0,instacart_grocery,4.219507705176107,False,-1,-0.006439301462671687
78363,67,1,1.0,0.0,instacart_grocery,4.219507705176107,False,-1,-0.006439301462671687
86465,67,1,1.0,0.0,instacart_grocery,4.219507705176107,False,-1,-0.006439301462671687
123492,67,1,1.0,0.0,instacart_grocery,4.219507705176107,False,-1,-0.006439301462671687
188326,67,1,1.0,0.0,instacart_grocery,4.219507705176107,False,-1,-0.006439301462671687
152976,67,1,1.0,0.0,instacart_grocery,4.219507705176107,False,-1,-0.006439301462671687
86721,67,1,1.0,0.0,instacart_grocery,4.219507705176107,False,-1,-0.006439301462671687
131241,67,1,1.0,0.0,instacart_grocery,4.219507705176107,False,-1,-0.006439301462671687
51962,67,1,1.0,0.0,instacart_grocery,4.219507705176107,False,-1,-0.006439301462671687
78112,67,1,1.0,0.0,instacart_grocery,4.219507705176107,False,-1,-0.006439301462671687
86798,67,1,1.0,0.0,instacart_grocery,4.219507705176107,False,-1,-0.006439301462671687
158884,67,1,1.0,0.0,instacart_grocery,4.219507705176107,False,-1,-0.006439301462671687
122780,67,1,1.0,0.0,instacart_grocery,4.219507705176107,False,-1,-0.006439301462671687
31706,67,1,1.0,0.0,instacart_grocery,4.219507705176107,False,-1,-0.006439301462671687
77696,67,1,1.0,0.0,instacart_grocery,4.219507705176107,False,-1,-0.006439301462671687
87076,67,1,1.0,0.0,instacart_grocery,4.219507705176107,False,-1,-0.006439301462671687
19582,67,1,1.0,0.0,instacart_grocery,4.219507705176107,False,-1,-0.006439301462671687
87087,67,1,1.0,0.0,instacart_grocery,4.219507705176107,False,-1,-0.006439301462671687
77456,67,1,1.0,0.0,instacart_grocery,4.219507705176107,False,-1,-0.006439301462671687
32143,67,1,1.0,0.0,instacart_grocery,4.219507705176107,False,-1,-0.006439301462671687
133719,67,1,1.0,0.0,instacart_grocery,4.219507705176107,False,-1,-0.006439301462671687
134014,67,1,1.0,0.0,instacart_grocery,4.219507705176107,False,-1,-0.006439301462671687
18417,67,1,1.0,0.0,instacart_grocery,4.219507705176107,False,-1,-0.006439301462671687
182094,67,1,1.0,0.0,instacart_grocery,4.219507705176107,False,-1,-0.006439301462671687
179136,67,1,1.0,0.0,instacart_grocery,4.219507705176107,False,-1,-0.006439301462671687
1427,67,1,1.0,0.0,instacart_grocery,4.219507705176107,False,-1,-0.006439301462671687
85124,67,1,1.0,0.0,instacart_grocery,4.219507705176107,False,-1,-0.006439301462671687
103578,67,1,1.0,0.0,instacart_grocery,4.219507705176107,False,-1,-0.006439301462671687
185056,67,1,1.0,0.0,instacart_grocery,4.219507705176107,False,-1,-0.006439301462671687
53526,67,1,1.0,0.0,instacart_grocery,4.219507705176107,False,-1,-0.006439301462671687
185765,67,1,1.0,0.0,instacart_grocery,4.219507705176107,False,-1,-0.006439301462671687
22835,67,1,1.0,0.0,instacart_grocery,4.219507705176107,False,-1,-0.006439301462671687
22775,67,1,1.0,0.0,instacart_grocery,4.219507705176107,False,-1,-0.006439301462671687
82388,67,1,1.0,0.0,instacart_grocery,4.219507705176107,False,-1,-0.006439301462671687
154880,67,1,1.0,0.0,instacart_grocery,4.219507705176107,False,-1,-0.006439301462671687
82362,67,1,1.0,0.0,instacart_grocery,4.219507705176107,False,-1,-0.006439301462671687
24791,67,1,1.0,0.0,instacart_grocery,4.219507705176107,False,-1,-0.006439301462671687
154748,67,1,1.0,0.0,instacart_grocery,4.219507705176107,False,-1,-0.006439301462671687
126405,67,1,1.0,0.0,instacart_grocery,4.219507705176107,False,-1,-0.006439301462671687
83919,67,1,1.0,0.0,instacart_grocery,4.219507705176107,False,-1,-0.006439301462671687
154663,67,1,1.0,0.0,instacart_grocery,4.219507705176107,False,-1,-0.006439301462671687
205454,67,1,1.0,0.0,instacart_grocery,4.219507705176107,False,-1,-0.006439301462671687
894,67,1,1.0,0.0,instacart_grocery,4.219507705176107,False,-1,-0.006439301462671687
81184,67,1,1.0,0.0,instacart_grocery,4.219507705176107,False,-1,-0.006439301462671687
102749,67,1,1.0,0.0,instacart_grocery,4.219507705176107,False,-1,-0.006439301462671687
54397,67,1,1.0,0.0,instacart_grocery,4.219507705176107,False,-1,-0.006439301462671687
84223,67,1,1.0,0.0,instacart_grocery,4.219507705176107,False,-1,-0.006439301462671687
182914,67,1,1.0,0.0,instacart_grocery,4.219507705176107,False,-1,-0.006439301462671687
128751,67,1,1.0,0.0,instacart_grocery,4.219507705176107,False,-1,-0.006439301462671687
153862,67,1,1.0,0.0,instacart_grocery,4.219507705176107,False,-1,-0.006439301462671687
80146,67,1,1.0,0.0,instacart_grocery,4.219507705176107,False,-1,-0.006439301462671687
80061,67,1,1.0,0.0,instacart_grocery,4.219507705176107,False,-1,-0.006439301462671687
101737,67,1,1.0,0.0,instacart_grocery,4.219507705176107,False,-1,-0.006439301462671687
105401,67,1,1.0,0.0,instacart_grocery,4.219507705176107,False,-1,-0.006439301462671687
155820,67,1,1.0,0.0,instacart_grocery,4.219507705176107,False,-1,-0.006439301462671687
87993,67,1,1.0,0.0,instacart_grocery,4.219507705176107,False,-1,-0.006439301462671687
30704,67,1,1.0,0.0,instacart_grocery,4.219507705176107,False,-1,-0.006439301462671687
64611,67,1,1.0,0.0,instacart_grocery,4.219507705176107,False,-1,-0.006439301462671687
33968,67,1,1.0,0.0,instacart_grocery,4.219507705176107,False,-1,-0.006439301462671687
176411,67,1,1.0,0.0,instacart_grocery,4.219507705176107,False,-1,-0.006439301462671687
107559,67,1,1.0,0.0,instacart_grocery,4.219507705176107,False,-1,-0.006439301462671687
57877,67,1,1.0,0.0,instacart_grocery,4.219507705176107,False,-1,-0.006439301462671687
161337,67,1,1.0,0.0,instacart_grocery,4.219507705176107,False,-1,-0.006439301462671687
120324,67,1,1.0,0.0,instacart_grocery,4.219507705176107,False,-1,-0.006439301462671687
149747,67,1,1.0,0.0,instacart_grocery,4.219507705176107,False,-1,-0.006439301462671687
16871,67,1,1.0,0.0,instacart_grocery,4.219507705176107,False,-1,-0.006439301462671687
162104,67,1,1.0,0.0,instacart_grocery,4.219507705176107,False,-1,-0.006439301462671687
160999,67,1,1.0,0.0,instacart_grocery,4.219507705176107,False,-1,-0.006439301462671687
89415,67,1,1.0,0.0,instacart_grocery,4.219507705176107,False,-1,-0.006439301462671687
120873,67,1,1.0,0.0,instacart_grocery,4.219507705176107,False,-1,-0.006439301462671687
75053,67,1,1.0,0.0,instacart_grocery,4.219507705176107,False,-1,-0.006439301462671687
136394,67,1,1.0,0.0,instacart_grocery,4.219507705176107,False,-1,-0.006439301462671687
191660,67,1,1.0,0.0,instacart_grocery,4.219507705176107,False,-1,-0.006439301462671687
75860,67,1,1.0,0.0,instacart_grocery,4.219507705176107,False,-1,-0.006439301462671687
58061,67,1,1.0,0.0,instacart_grocery,4.219507705176107,False,-1,-0.006439301462671687
190801,67,1,1.0,0.0,instacart_grocery,4.219507705176107,False,-1,-0.006439301462671687
99761,67,1,1.0,0.0,instacart_grocery,4.219507705176107,False,-1,-0.006439301462671687
49902,67,1,1.0,0.0,instacart_grocery,4.219507705176107,False,-1,-0.006439301462671687
136896,67,1,1.0,0.0,instacart_grocery,4.219507705176107,False,-1,-0.006439301462671687
191846,67,1,1.0,0.0,instacart_grocery,4.219507705176107,False,-1,-0.006439301462671687
119831,67,1,1.0,0.0,instacart_grocery,4.219507705176107,False,-1,-0.006439301462671687
33220,67,1,1.0,0.0,instacart_grocery,4.219507705176107,False,-1,-0.006439301462671687
50441,67,1,1.0,0.0,instacart_grocery,4.219507705176107,False,-1,-0.006439301462671687
137216,67,1,1.0,0.0,instacart_grocery,4.219507705176107,False,-1,-0.006439301462671687
135625,67,1,1.0,0.0,instacart_grocery,4.219507705176107,False,-1,-0.006439301462671687
135347,67,1,1.0,0.0,instacart_grocery,4.219507705176107,False,-1,-0.006439301462671687
190231,67,1,1.0,0.0,instacart_grocery,4.219507705176107,False,-1,-0.006439301462671687
49545,67,1,1.0,0.0,instacart_grocery,4.219507705176107,False,-1,-0.006439301462671687
107972,67,1,1.0,0.0,instacart_grocery,4.219507705176107,False,-1,-0.006439301462671687
100001,67,1,1.0,0.0,instacart_grocery,4.219507705176107,False,-1,-0.006439301462671687
89478,67,1,1.0,0.0,instacart_grocery,4.219507705176107,False,-1,-0.006439301462671687
121466,67,1,1.0,0.0,instacart_grocery,4.219507705176107,False,-1,-0.006439301462671687
203271,67,1,1.0,0.0,instacart_grocery,4.219507705176107,False,-1,-0.006439301462671687
121353,67,1,1.0,0.0,instacart_grocery,4.219507705176107,False,-1,-0.006439301462671687
150614,67,1,1.0,0.0,instacart_grocery,4.219507705176107,False,-1,-0.006439301462671687
178325,67,1,1.0,0.0,instacart_grocery,4.219507705176107,False,-1,-0.006439301462671687
136134,67,1,1.0,0.0,instacart_grocery,4.219507705176107,False,-1,-0.006439301462671687
200118,66,1,1.0,0.0,instacart_grocery,4.204692619390966,False,-1,-0.004332205143450563
162940,66,1,1.0,0.0,instacart_grocery,4.204692619390966,False,-1,-0.004332205143450563
200429,66,1,1.0,0.0,instacart_grocery,4.204692619390966,False,-1,-0.004332205143450563
96888,66,1,1.0,0.0,instacart_grocery,4.204692619390966,False,-1,-0.004332205143450563
104764,66,1,1.0,0.0,instacart_grocery,4.204692619390966,False,-1,-0.004332205143450563
45933,66,1,1.0,0.0,instacart_grocery,4.204692619390966,False,-1,-0.004332205143450563
97319,66,1,1.0,0.0,instacart_grocery,4.204692619390966,False,-1,-0.004332205143450563
201691,66,1,1.0,0.0,instacart_grocery,4.204692619390966,False,-1,-0.004332205143450563
54304,66,1,1.0,0.0,instacart_grocery,4.204692619390966,False,-1,-0.004332205143450563
45097,66,1,1.0,0.0,instacart_grocery,4.204692619390966,False,-1,-0.004332205143450563
53688,66,1,1.0,0.0,instacart_grocery,4.204692619390966,False,-1,-0.004332205143450563
103507,66,1,1.0,0.0,instacart_grocery,4.204692619390966,False,-1,-0.004332205143450563
6937,66,1,1.0,0.0,instacart_grocery,4.204692619390966,False,-1,-0.004332205143450563
162523,66,1,1.0,0.0,instacart_grocery,4.204692619390966,False,-1,-0.004332205143450563
45226,66,1,1.0,0.0,instacart_grocery,4.204692619390966,False,-1,-0.004332205143450563
152,66,1,1.0,0.0,instacart_grocery,4.204692619390966,False,-1,-0.004332205143450563
110619,66,1,1.0,0.0,instacart_grocery,4.204692619390966,False,-1,-0.004332205143450563
111212,66,1,1.0,0.0,instacart_grocery,4.204692619390966,False,-1,-0.004332205143450563
53179,66,1,1.0,0.0,instacart_grocery,4.204692619390966,False,-1,-0.004332205143450563
155117,66,1,1.0,0.0,instacart_grocery,4.204692619390966,False,-1,-0.004332205143450563
96019,66,1,1.0,0.0,instacart_grocery,4.204692619390966,False,-1,-0.004332205143450563
145706,66,1,1.0,0.0,instacart_grocery,4.204692619390966,False,-1,-0.004332205143450563
48936,66,1,1.0,0.0,instacart_grocery,4.204692619390966,False,-1,-0.004332205143450563
96309,66,1,1.0,0.0,instacart_grocery,4.204692619390966,False,-1,-0.004332205143450563
202434,66,1,1.0,0.0,instacart_grocery,4.204692619390966,False,-1,-0.004332205143450563
155462,66,1,1.0,0.0,instacart_grocery,4.204692619390966,False,-1,-0.004332205143450563
52540,66,1,1.0,0.0,instacart_grocery,4.204692619390966,False,-1,-0.004332205143450563
58596,66,1,1.0,0.0,instacart_grocery,4.204692619390966,False,-1,-0.004332205143450563
46140,66,1,1.0,0.0,instacart_grocery,4.204692619390966,False,-1,-0.004332205143450563
97952,66,1,1.0,0.0,instacart_grocery,4.204692619390966,False,-1,-0.004332205143450563
57996,66,1,1.0,0.0,instacart_grocery,4.204692619390966,False,-1,-0.004332205143450563
99962,66,1,1.0,0.0,instacart_grocery,4.204692619390966,False,-1,-0.004332205143450563
59403,66,1,1.0,0.0,instacart_grocery,4.204692619390966,False,-1,-0.004332205143450563
61005,66,1,1.0,0.0,instacart_grocery,4.204692619390966,False,-1,-0.004332205143450563
60417,66,1,1.0,0.0,instacart_grocery,4.204692619390966,False,-1,-0.004332205143450563
100046,66,1,1.0,0.0,instacart_grocery,4.204692619390966,False,-1,-0.004332205143450563
55998,66,1,1.0,0.0,instacart_grocery,4.204692619390966,False,-1,-0.004332205143450563
201842,66,1,1.0,0.0,instacart_grocery,4.204692619390966,False,-1,-0.004332205143450563
109089,66,1,1.0,0.0,instacart_grocery,4.204692619390966,False,-1,-0.004332205143450563
51646,66,1,1.0,0.0,instacart_grocery,4.204692619390966,False,-1,-0.004332205143450563
56587,66,1,1.0,0.0,instacart_grocery,4.204692619390966,False,-1,-0.004332205143450563
57641,66,1,1.0,0.0,instacart_grocery,4.204692619390966,False,-1,-0.004332205143450563
57512,66,1,1.0,0.0,instacart_grocery,4.204692619390966,False,-1,-0.004332205143450563
160310,66,1,1.0,0.0,instacart_grocery,4.204692619390966,False,-1,-0.004332205143450563
5342,66,1,1.0,0.0,instacart_grocery,4.204692619390966,False,-1,-0.004332205143450563
147732,66,1,1.0,0.0,instacart_grocery,4.204692619390966,False,-1,-0.004332205143450563
5589,66,1,1.0,0.0,instacart_grocery,4.204692619390966,False,-1,-0.004332205143450563
204315,66,1,1.0,0.0,instacart_grocery,4.204692619390966,False,-1,-0.004332205143450563
201229,66,1,1.0,0.0,instacart_grocery,4.204692619390966,False,-1,-0.004332205143450563
61097,66,1,1.0,0.0,instacart_grocery,4.204692619390966,False,-1,-0.004332205143450563
154083,66,1,1.0,0.0,instacart_grocery,4.204692619390966,False,-1,-0.004332205143450563
4363,66,1,1.0,0.0,instacart_grocery,4.204692619390966,False,-1,-0.004332205143450563
97492,66,1,1.0,0.0,instacart_grocery,4.204692619390966,False,-1,-0.004332205143450563
110123,66,1,1.0,0.0,instacart_grocery,4.204692619390966,False,-1,-0.004332205143450563
153810,66,1,1.0,0.0,instacart_grocery,4.204692619390966,False,-1,-0.004332205143450563
149846,66,1,1.0,0.0,instacart_grocery,4.204692619390966,False,-1,-0.004332205143450563
57287,66,1,1.0,0.0,instacart_grocery,4.204692619390966,False,-1,-0.004332205143450563
105478,66,1,1.0,0.0,instacart_grocery,4.204692619390966,False,-1,-0.004332205143450563
49292,66,1,1.0,0.0,instacart_grocery,4.204692619390966,False,-1,-0.004332205143450563
5860,66,1,1.0,0.0,instacart_grocery,4.204692619390966,False,-1,-0.004332205143450563
46276,66,1,1.0,0.0,instacart_grocery,4.204692619390966,False,-1,-0.004332205143450563
101621,66,1,1.0,0.0,instacart_grocery,4.204692619390966,False,-1,-0.004332205143450563
157815,66,1,1.0,0.0,instacart_grocery,4.204692619390966,False,-1,-0.004332205143450563
55402,66,1,1.0,0.0,instacart_grocery,4.204692619390966,False,-1,-0.004332205143450563
106142,66,1,1.0,0.0,instacart_grocery,4.204692619390966,False,-1,-0.004332205143450563
5189,66,1,1.0,0.0,instacart_grocery,4.204692619390966,False,-1,-0.004332205143450563
50092,66,1,1.0,0.0,instacart_grocery,4.204692619390966,False,-1,-0.004332205143450563
106311,66,1,1.0,0.0,instacart_grocery,4.204692619390966,False,-1,-0.004332205143450563
101706,66,1,1.0,0.0,instacart_grocery,4.204692619390966,False,-1,-0.004332205143450563
45083,66,1,1.0,0.0,instacart_grocery,4.204692619390966,False,-1,-0.004332205143450563
23370,66,1,1.0,0.0,instacart_grocery,4.204692619390966,False,-1,-0.004332205143450563
199327,66,1,1.0,0.0,instacart_grocery,4.204692619390966,False,-1,-0.004332205143450563
190070,66,1,1.0,0.0,instacart_grocery,4.204692619390966,False,-1,-0.004332205143450563
178885,66,1,1.0,0.0,instacart_grocery,4.204692619390966,False,-1,-0.004332205143450563
134060,66,1,1.0,0.0,instacart_grocery,4.204692619390966,False,-1,-0.004332205143450563
32773,66,1,1.0,0.0,instacart_grocery,4.204692619390966,False,-1,-0.004332205143450563
76941,66,1,1.0,0.0,instacart_grocery,4.204692619390966,False,-1,-0.004332205143450563
122166,66,1,1.0,0.0,instacart_grocery,4.204692619390966,False,-1,-0.004332205143450563
31816,66,1,1.0,0.0,instacart_grocery,4.204692619390966,False,-1,-0.004332205143450563
132634,66,1,1.0,0.0,instacart_grocery,4.204692619390966,False,-1,-0.004332205143450563
87348,66,1,1.0,0.0,instacart_grocery,4.204692619390966,False,-1,-0.004332205143450563
132299,66,1,1.0,0.0,instacart_grocery,4.204692619390966,False,-1,-0.004332205143450563
131979,66,1,1.0,0.0,instacart_grocery,4.204692619390966,False,-1,-0.004332205143450563
122829,66,1,1.0,0.0,instacart_grocery,4.204692619390966,False,-1,-0.004332205143450563
31154,66,1,1.0,0.0,instacart_grocery,4.204692619390966,False,-1,-0.004332205143450563
180439,66,1,1.0,0.0,instacart_grocery,4.204692619390966,False,-1,-0.004332205143450563
20221,66,1,1.0,0.0,instacart_grocery,4.204692619390966,False,-1,-0.004332205143450563
123159,66,1,1.0,0.0,instacart_grocery,4.204692619390966,False,-1,-0.004332205143450563
78321,66,1,1.0,0.0,instacart_grocery,4.204692619390966,False,-1,-0.004332205143450563
178631,66,1,1.0,0.0,instacart_grocery,4.204692619390966,False,-1,-0.004332205143450563
131033,66,1,1.0,0.0,instacart_grocery,4.204692619390966,False,-1,-0.004332205143450563
76015,66,1,1.0,0.0,instacart_grocery,4.204692619390966,False,-1,-0.004332205143450563
33867,66,1,1.0,0.0,instacart_grocery,4.204692619390966,False,-1,-0.004332205143450563
135169,66,1,1.0,0.0,instacart_grocery,4.204692619390966,False,-1,-0.004332205143450563
34535,66,1,1.0,0.0,instacart_grocery,4.204692619390966,False,-1,-0.004332205143450563
120544,66,1,1.0,0.0,instacart_grocery,4.204692619390966,False,-1,-0.004332205143450563
190898,66,1,1.0,0.0,instacart_grocery,4.204692619390966,False,-1,-0.004332205143450563
34196,66,1,1.0,0.0,instacart_grocery,4.204692619390966,False,-1,-0.004332205143450563
34181,66,1,1.0,0.0,instacart_grocery,4.204692619390966,False,-1,-0.004332205143450563
190736,66,1,1.0,0.0,instacart_grocery,4.204692619390966,False,-1,-0.004332205143450563
190731,66,1,1.0,0.0,instacart_grocery,4.204692619390966,False,-1,-0.004332205143450563
134478,66,1,1.0,0.0,instacart_grocery,4.204692619390966,False,-1,-0.004332205143450563
134433,66,1,1.0,0.0,instacart_grocery,4.204692619390966,False,-1,-0.004332205143450563
34077,66,1,1.0,0.0,instacart_grocery,4.204692619390966,False,-1,-0.004332205143450563
121035,66,1,1.0,0.0,instacart_grocery,4.204692619390966,False,-1,-0.004332205143450563
121043,66,1,1.0,0.0,instacart_grocery,4.204692619390966,False,-1,-0.004332205143450563
88303,66,1,1.0,0.0,instacart_grocery,4.204692619390966,False,-1,-0.004332205143450563
121210,66,1,1.0,0.0,instacart_grocery,4.204692619390966,False,-1,-0.004332205143450563
121332,66,1,1.0,0.0,instacart_grocery,4.204692619390966,False,-1,-0.004332205143450563
190322,66,1,1.0,0.0,instacart_grocery,4.204692619390966,False,-1,-0.004332205143450563
33751,66,1,1.0,0.0,instacart_grocery,4.204692619390966,False,-1,-0.004332205143450563
191114,66,1,1.0,0.0,instacart_grocery,4.204692619390966,False,-1,-0.004332205143450563
181094,66,1,1.0,0.0,instacart_grocery,4.204692619390966,False,-1,-0.004332205143450563
130527,66,1,1.0,0.0,instacart_grocery,4.204692619390966,False,-1,-0.004332205143450563
83924,66,1,1.0,0.0,instacart_grocery,4.204692619390966,False,-1,-0.004332205143450563
183867,66,1,1.0,0.0,instacart_grocery,4.204692619390966,False,-1,-0.004332205143450563
186471,66,1,1.0,0.0,instacart_grocery,4.204692619390966,False,-1,-0.004332205143450563
183945,66,1,1.0,0.0,instacart_grocery,4.204692619390966,False,-1,-0.004332205143450563
24412,66,1,1.0,0.0,instacart_grocery,4.204692619390966,False,-1,-0.004332205143450563
24362,66,1,1.0,0.0,instacart_grocery,4.204692619390966,False,-1,-0.004332205143450563
83659,66,1,1.0,0.0,instacart_grocery,4.204692619390966,False,-1,-0.004332205143450563
127322,66,1,1.0,0.0,instacart_grocery,4.204692619390966,False,-1,-0.004332205143450563
24037,66,1,1.0,0.0,instacart_grocery,4.204692619390966,False,-1,-0.004332205143450563
184490,66,1,1.0,0.0,instacart_grocery,4.204692619390966,False,-1,-0.004332205143450563
23986,66,1,1.0,0.0,instacart_grocery,4.204692619390966,False,-1,-0.004332205143450563
184606,66,1,1.0,0.0,instacart_grocery,4.204692619390966,False,-1,-0.004332205143450563
82670,66,1,1.0,0.0,instacart_grocery,4.204692619390966,False,-1,-0.004332205143450563
23982,66,1,1.0,0.0,instacart_grocery,4.204692619390966,False,-1,-0.004332205143450563
23711,66,1,1.0,0.0,instacart_grocery,4.204692619390966,False,-1,-0.004332205143450563
83385,66,1,1.0,0.0,instacart_grocery,4.204692619390966,False,-1,-0.004332205143450563
23048,66,1,1.0,0.0,instacart_grocery,4.204692619390966,False,-1,-0.004332205143450563
25476,66,1,1.0,0.0,instacart_grocery,4.204692619390966,False,-1,-0.004332205143450563
86410,66,1,1.0,0.0,instacart_grocery,4.204692619390966,False,-1,-0.004332205143450563
186724,66,1,1.0,0.0,instacart_grocery,4.204692619390966,False,-1,-0.004332205143450563
186762,66,1,1.0,0.0,instacart_grocery,4.204692619390966,False,-1,-0.004332205143450563
181597,66,1,1.0,0.0,instacart_grocery,4.204692619390966,False,-1,-0.004332205143450563
29012,66,1,1.0,0.0,instacart_grocery,4.204692619390966,False,-1,-0.004332205143450563
28700,66,1,1.0,0.0,instacart_grocery,4.204692619390966,False,-1,-0.004332205143450563
86219,66,1,1.0,0.0,instacart_grocery,4.204692619390966,False,-1,-0.004332205143450563
28486,66,1,1.0,0.0,instacart_grocery,4.204692619390966,False,-1,-0.004332205143450563
21227,66,1,1.0,0.0,instacart_grocery,4.204692619390966,False,-1,-0.004332205143450563
124819,66,1,1.0,0.0,instacart_grocery,4.204692619390966,False,-1,-0.004332205143450563
21582,66,1,1.0,0.0,instacart_grocery,4.204692619390966,False,-1,-0.004332205143450563
129755,66,1,1.0,0.0,instacart_grocery,4.204692619390966,False,-1,-0.004332205143450563
21991,66,1,1.0,0.0,instacart_grocery,4.204692619390966,False,-1,-0.004332205143450563
125122,66,1,1.0,0.0,instacart_grocery,4.204692619390966,False,-1,-0.004332205143450563
129748,66,1,1.0,0.0,instacart_grocery,4.204692619390966,False,-1,-0.004332205143450563
79663,66,1,1.0,0.0,instacart_grocery,4.204692619390966,False,-1,-0.004332205143450563
80170,66,1,1.0,0.0,instacart_grocery,4.204692619390966,False,-1,-0.004332205143450563
128734,66,1,1.0,0.0,instacart_grocery,4.204692619390966,False,-1,-0.004332205143450563
80884,66,1,1.0,0.0,instacart_grocery,4.204692619390966,False,-1,-0.004332205143450563
25638,66,1,1.0,0.0,instacart_grocery,4.204692619390966,False,-1,-0.004332205143450563
183364,66,1,1.0,0.0,instacart_grocery,4.204692619390966,False,-1,-0.004332205143450563
64606,66,1,1.0,0.0,instacart_grocery,4.204692619390966,False,-1,-0.004332205143450563
191122,66,1,1.0,0.0,instacart_grocery,4.204692619390966,False,-1,-0.004332205143450563
176576,66,1,1.0,0.0,instacart_grocery,4.204692619390966,False,-1,-0.004332205143450563
65306,66,1,1.0,0.0,instacart_grocery,4.204692619390966,False,-1,-0.004332205143450563
8237,66,1,1.0,0.0,instacart_grocery,4.204692619390966,False,-1,-0.004332205143450563
44075,66,1,1.0,0.0,instacart_grocery,4.204692619390966,False,-1,-0.004332205143450563
197641,66,1,1.0,0.0,instacart_grocery,4.204692619390966,False,-1,-0.004332205143450563
43359,66,1,1.0,0.0,instacart_grocery,4.204692619390966,False,-1,-0.004332205143450563
143423,66,1,1.0,0.0,instacart_grocery,4.204692619390966,False,-1,-0.004332205143450563
143198,66,1,1.0,0.0,instacart_grocery,4.204692619390966,False,-1,-0.004332205143450563
42955,66,1,1.0,0.0,instacart_grocery,4.204692619390966,False,-1,-0.004332205143450563
169857,66,1,1.0,0.0,instacart_grocery,4.204692619390966,False,-1,-0.004332205143450563
114452,66,1,1.0,0.0,instacart_grocery,4.204692619390966,False,-1,-0.004332205143450563
42058,66,1,1.0,0.0,instacart_grocery,4.204692619390966,False,-1,-0.004332205143450563
67563,66,1,1.0,0.0,instacart_grocery,4.204692619390966,False,-1,-0.004332205143450563
10604,66,1,1.0,0.0,instacart_grocery,4.204692619390966,False,-1,-0.004332205143450563
93455,66,1,1.0,0.0,instacart_grocery,4.204692619390966,False,-1,-0.004332205143450563
115539,66,1,1.0,0.0,instacart_grocery,4.204692619390966,False,-1,-0.004332205143450563
115540,66,1,1.0,0.0,instacart_grocery,4.204692619390966,False,-1,-0.004332205143450563
170584,66,1,1.0,0.0,instacart_grocery,4.204692619390966,False,-1,-0.004332205143450563
198151,66,1,1.0,0.0,instacart_grocery,4.204692619390966,False,-1,-0.004332205143450563
196005,66,1,1.0,0.0,instacart_grocery,4.204692619390966,False,-1,-0.004332205143450563
168724,66,1,1.0,0.0,instacart_grocery,4.204692619390966,False,-1,-0.004332205143450563
44329,66,1,1.0,0.0,instacart_grocery,4.204692619390966,False,-1,-0.004332205143450563
199305,66,1,1.0,0.0,instacart_grocery,4.204692619390966,False,-1,-0.004332205143450563
7013,66,1,1.0,0.0,instacart_grocery,4.204692619390966,False,-1,-0.004332205143450563
145440,66,1,1.0,0.0,instacart_grocery,4.204692619390966,False,-1,-0.004332205143450563
145083,66,1,1.0,0.0,instacart_grocery,4.204692619390966,False,-1,-0.004332205143450563
167298,66,1,1.0,0.0,instacart_grocery,4.204692619390966,False,-1,-0.004332205143450563
64962,66,1,1.0,0.0,instacart_grocery,4.204692619390966,False,-1,-0.004332205143450563
167367,66,1,1.0,0.0,instacart_grocery,4.204692619390966,False,-1,-0.004332205143450563
7314,66,1,1.0,0.0,instacart_grocery,4.204692619390966,False,-1,-0.004332205143450563
112267,66,1,1.0,0.0,instacart_grocery,4.204692619390966,False,-1,-0.004332205143450563
65078,66,1,1.0,0.0,instacart_grocery,4.204692619390966,False,-1,-0.004332205143450563
198584,66,1,1.0,0.0,instacart_grocery,4.204692619390966,False,-1,-0.004332205143450563
44629,66,1,1.0,0.0,instacart_grocery,4.204692619390966,False,-1,-0.004332205143450563
7562,66,1,1.0,0.0,instacart_grocery,4.204692619390966,False,-1,-0.004332205143450563
44587,66,1,1.0,0.0,instacart_grocery,4.204692619390966,False,-1,-0.004332205143450563
44365,66,1,1.0,0.0,instacart_grocery,4.204692619390966,False,-1,-0.004332205143450563
168542,66,1,1.0,0.0,instacart_grocery,4.204692619390966,False,-1,-0.004332205143450563
44330,66,1,1.0,0.0,instacart_grocery,4.204692619390966,False,-1,-0.004332205143450563
198165,66,1,1.0,0.0,instacart_grocery,4.204692619390966,False,-1,-0.004332205143450563
135176,66,1,1.0,0.0,instacart_grocery,4.204692619390966,False,-1,-0.004332205143450563
142305,66,1,1.0,0.0,instacart_grocery,4.204692619390966,False,-1,-0.004332205143450563
68452,66,1,1.0,0.0,instacart_grocery,4.204692619390966,False,-1,-0.004332205143450563
193393,66,1,1.0,0.0,instacart_grocery,4.204692619390966,False,-1,-0.004332205143450563
174043,66,1,1.0,0.0,instacart_grocery,4.204692619390966,False,-1,-0.004332205143450563
138632,66,1,1.0,0.0,instacart_grocery,4.204692619390966,False,-1,-0.004332205143450563
90384,66,1,1.0,0.0,instacart_grocery,4.204692619390966,False,-1,-0.004332205143450563
138563,66,1,1.0,0.0,instacart_grocery,4.204692619390966,False,-1,-0.004332205143450563
14882,66,1,1.0,0.0,instacart_grocery,4.204692619390966,False,-1,-0.004332205143450563
15459,66,1,1.0,0.0,instacart_grocery,4.204692619390966,False,-1,-0.004332205143450563
192329,66,1,1.0,0.0,instacart_grocery,4.204692619390966,False,-1,-0.004332205143450563
16047,66,1,1.0,0.0,instacart_grocery,4.204692619390966,False,-1,-0.004332205143450563
119949,66,1,1.0,0.0,instacart_grocery,4.204692619390966,False,-1,-0.004332205143450563
16312,66,1,1.0,0.0,instacart_grocery,4.204692619390966,False,-1,-0.004332205143450563
73832,66,1,1.0,0.0,instacart_grocery,4.204692619390966,False,-1,-0.004332205143450563
176139,66,1,1.0,0.0,instacart_grocery,4.204692619390966,False,-1,-0.004332205143450563
176192,66,1,1.0,0.0,instacart_grocery,4.204692619390966,False,-1,-0.004332205143450563
136112,66,1,1.0,0.0,instacart_grocery,4.204692619390966,False,-1,-0.004332205143450563
89244,66,1,1.0,0.0,instacart_grocery,4.204692619390966,False,-1,-0.004332205143450563
191383,66,1,1.0,0.0,instacart_grocery,4.204692619390966,False,-1,-0.004332205143450563
37358,66,1,1.0,0.0,instacart_grocery,4.204692619390966,False,-1,-0.004332205143450563
41413,66,1,1.0,0.0,instacart_grocery,4.204692619390966,False,-1,-0.004332205143450563
118328,66,1,1.0,0.0,instacart_grocery,4.204692619390966,False,-1,-0.004332205143450563
70852,66,1,1.0,0.0,instacart_grocery,4.204692619390966,False,-1,-0.004332205143450563
171309,66,1,1.0,0.0,instacart_grocery,4.204692619390966,False,-1,-0.004332205143450563
23202,66,1,1.0,0.0,instacart_grocery,4.204692619390966,False,-1,-0.004332205143450563
68632,66,1,1.0,0.0,instacart_grocery,4.204692619390966,False,-1,-0.004332205143450563
68742,66,1,1.0,0.0,instacart_grocery,4.204692619390966,False,-1,-0.004332205143450563
12184,66,1,1.0,0.0,instacart_grocery,4.204692619390966,False,-1,-0.004332205143450563
91820,66,1,1.0,0.0,instacart_grocery,4.204692619390966,False,-1,-0.004332205143450563
194875,66,1,1.0,0.0,instacart_grocery,4.204692619390966,False,-1,-0.004332205143450563
39187,66,1,1.0,0.0,instacart_grocery,4.204692619390966,False,-1,-0.004332205143450563
69605,66,1,1.0,0.0,instacart_grocery,4.204692619390966,False,-1,-0.004332205143450563
70247,66,1,1.0,0.0,instacart_grocery,4.204692619390966,False,-1,-0.004332205143450563
70365,66,1,1.0,0.0,instacart_grocery,4.204692619390966,False,-1,-0.004332205143450563
91330,66,1,1.0,0.0,instacart_grocery,4.204692619390966,False,-1,-0.004332205143450563
140233,66,1,1.0,0.0,instacart_grocery,4.204692619390966,False,-1,-0.004332205143450563
140045,66,1,1.0,0.0,instacart_grocery,4.204692619390966,False,-1,-0.004332205143450563
91184,66,1,1.0,0.0,instacart_grocery,4.204692619390966,False,-1,-0.004332205143450563
91129,66,1,1.0,0.0,instacart_grocery,4.204692619390966,False,-1,-0.004332205143450563
13442,66,1,1.0,0.0,instacart_grocery,4.204692619390966,False,-1,-0.004332205143450563
71052,66,1,1.0,0.0,instacart_grocery,4.204692619390966,False,-1,-0.004332205143450563
141847,66,1,1.0,0.0,instacart_grocery,4.204692619390966,False,-1,-0.004332205143450563
