seller_id,n_events,n_unique_customers,cancellation_rate,avg_amount,amount_std,top3_customer_concentration,log_n_events,log_avg_amount,anomaly_score,anomaly_score_raw
0015a82c2db000af6aaaf3ae2ecb0532,3,3,0.0,895.0,0.0,1.0,1.3862943611198906,6.79794041297493,1,0.08630852257330268
001cca7ae9ae17fb1caed9dfb1094831,239,200,0.0,104.9373640167364,16.119656266688743,0.05439330543933055,5.480638923341991,4.662848013956118,1,0.12458465255694345
002100f778ceb8431b7a1020ff7ab48f,55,51,0.0,22.445454545454545,18.787634407012778,0.10909090909090909,4.02535169073515,3.1546766400889283,1,0.1491933204829342
004c9cd9d87a3c30c522c48c4fc07416,170,158,0.0,115.95711764705882,45.62279580413899,0.047058823529411764,5.14166355650266,4.761807351777306,1,0.15387027921895818
00720abe85ba0859807595bbf045a33b,26,13,0.0,38.75,34.84996689105589,0.46153846153846156,3.295836866004329,3.6826098411003407,1,0.17175191061477002
00ee68308b45bc5e2660cd833c3f81cc,172,135,0.0,117.79069767441861,69.28977176760125,0.09302325581395349,5.153291594497779,4.777363101458867,1,0.15324221102712848
00fc707aaaad2d31347cf883cd2dfe10,135,103,0.0,93.96222222222222,32.72623167286714,0.0962962962962963,4.912654885736052,4.5534791516937965,1,0.17056366378605092
010da0602d7774602cd1b3f5fb7b709e,5,1,0.0,169.9,0.0,1.0,1.791759469228055,5.141078590121546,1,0.12858594749300756
01266d4c46afa519678d16a8b683d325,3,3,0.0,30.083333333333332,19.79675450393041,1.0,1.3862943611198906,3.436671769855815,1,0.15866406916127668
013900e863eace745d3ec7614cab5b1a,26,23,0.0,62.29615384615385,13.272223185435935,0.23076923076923078,3.295836866004329,4.147824566579855,1,0.2089004747270493
014c0679dd340a0e338872e7ec85666a,15,14,0.0,470.53333333333336,289.61718794911934,0.26666666666666666,2.772588722239781,6.15598979593378,1,0.14582193101738922
014d9a685fd57276679edd00e07089e5,12,11,0.0,60.82333333333333,15.19777030429866,0.3333333333333333,2.5649493574615367,4.124280855233086,1,0.2113373106367022
0176f73cc1195f367f7b32db1e5b3aa8,39,38,0.0,121.36153846153847,41.64123089503539,0.10256410256410256,3.6888794541139363,4.806980092442778,1,0.20872137105986727
01bcc9d254a0143f0ce9791b960b2a47,11,11,0.0,138.29181818181817,20.231461016842935,0.2727272727272727,2.4849066497880004,4.936571143826164,1,0.21436612941127625
01c97ebb5cdac52891c0ed1c37ba0012,12,9,0.0,48.125,34.05762579804998,0.5,2.5649493574615367,3.8943680701894254,1,0.2041164929759458
01cf7e3d21494c41fb86034f2e714fa1,67,61,0.0,145.21432835820897,126.76161625623183,0.1044776119402985,4.219507705176107,4.985073547699591,1,0.18827020274146222
01ed254b9ff8407dfb9d99ba1e17d923,5,5,0.0,293.198,96.68160536524003,0.6,1.791759469228055,5.684253010047697,1,0.17531376277390498
01fd077212124329bac32490e8ef80d9,39,31,0.0,30.974358974358974,12.13489813695255,0.28205128205128205,3.6888794541139363,3.4649342995503902,1,0.17534877263899518
01fdefa7697d26ad920e9e0346d4bd1b,131,129,0.0,113.90404580152672,85.72496614776858,0.03816793893129771,4.882801922586371,4.744097395736338,1,0.15843515914669026
0241d4d5d36f10f80c644447315af0bd,246,238,0.0,127.6329268292683,79.21133827266058,0.024390243902439025,5.5093883366279774,4.856962819693753,1,0.10738563891747932
0249d282d911d23cb8b869ab49c99f53,11,11,0.0,35.72727272727273,24.378048654442118,0.2727272727272727,2.4849066497880004,3.6035196051627794,1,0.1989300353442034
024b564ae893ce8e9bfa02c10a401ece,8,2,0.0,88.30000000000001,18.013328398716286,1.0,2.1972245773362196,4.492001487882454,1,0.14958606994472445
028872bfa080090a9d0abd4f1af168f8,3,1,0.0,23.5,0.0,1.0,1.3862943611198906,3.1986731175506815,1,0.10079711577642153
02b72cdeb9cfcc429f1af6f4e3f3b737,4,4,0.0,130.6625,2.7936031840623325,0.75,1.6094379124341003,4.88024183016266,1,0.1895552789559397
02c988090b766852e088c69d7fb3b551,17,13,0.0,95.21470588235294,73.66180709779997,0.4117647058823529,2.8903717578961645,4.566582213788496,1,0.20849565394950798
02d35243ea2e497335cd0f076b45675d,16,14,0.0,362.125,397.20458755533025,0.3125,2.833213344056216,5.894747127606176,1,0.13310255817461147
02dcd3e8e25bee036e32512bcf175493,17,14,0.0,87.75882352941177,16.75536994952151,0.35294117647058826,2.8903717578961645,4.485922843463389,1,0.21616032029755333
02ecc2a19303f05e59ce133fd923fff7,24,21,0.0,219.34124999999997,56.78969949974066,0.25,3.2188758248682006,5.3951774809465665,1,0.21237834174665554
02f5837340d7eb4f653d676c7256523a,30,30,0.0,129.435,7.422209352117872,0.1,3.4339872044851463,4.870875018386375,1,0.19927307306071418
02f623a8eb246f3c5f7c2f96462654e6,44,44,0.0,144.95454545454547,58.76608272923116,0.06818181818181818,3.8066624897703196,4.983295240731199,1,0.2019177617261843
0307f7565ff85b299b6e5ef162b1b1a9,7,7,0.14285714285714285,675.5428571428572,449.04170298582295,0.42857142857142855,2.0794415416798357,6.516995796887098,-1,-0.0023206264101388596
034b9387752bfa309f350a70cd45ffa3,8,8,0.0,12.0,0.0,0.375,2.1972245773362196,2.5649493574615367,1,0.1246485274678632
039b29ff3b3473435d0cd59040575de9,9,9,0.0,12.766666666666667,3.516311198464154,0.3333333333333333,2.302585092994046,2.6222502112988773,1,0.13158614866974677
039e6ad9dae79614493083e241147386,5,5,0.0,2585.0,866.6141009699761,0.6,1.791759469228055,7.857867559331803,-1,-0.04165277276211932
03a2a6dcbe45d639c4dc2a0d24769c40,9,9,0.0,119.82333333333334,43.93840259069758,0.3333333333333333,2.302585092994046,4.794329423581247,1,0.21593511414788202
03bd479e1d9484cdb14104d3023f7321,3,3,0.0,119.90000000000002,0.0,1.0,1.3862943611198906,4.794963757620748,1,0.16932550607559987
0417b067eeab773d2f7061a726dc477f,13,13,0.0,143.01384615384615,145.4616091851921,0.23076923076923078,2.6390573296152584,4.96990944879967,1,0.19907521906656922
042573af89b6d931f672efaf789d8358,3,3,0.0,137.82666666666668,56.12955272304321,1.0,1.3862943611198906,4.933226152578146,1,0.1628544908365065
04308b1ee57b6625f47df1d56f00eedf,94,94,0.0,639.6872340425532,298.00485046532395,0.031914893617021274,4.553876891600541,6.462541403430945,1,0.06155980958665486
0432ead42b6c8a0bdf68154add917fdf,90,85,0.022222222222222223,86.5788888888889,34.61074494188327,0.06666666666666667,4.51085950651685,4.472539974479448,1,0.14804075605989475
044668ccd5316b12a7cf0d54a156e3e9,4,3,0.0,34.45,0.8799999999998789,1.0,1.6094379124341003,3.5681232529781366,1,0.15724870535916352
048c2757535328e0d7dac690ad3c0aae,51,51,0.0,181.6623529411765,42.90843737990493,0.058823529411764705,3.9512437185814275,5.207639382715531,1,0.195707271689612
04aa0a1c5ce6b222003403a3e11c3cc0,17,11,0.0,324.5882352941176,125.81829046101718,0.5294117647058824,2.8903717578961645,5.785633501086521,1,0.1665452825801762
04aba03279157f6d4e0fe8ccaf21963c,16,16,0.0,160.99375,55.28574034900409,0.1875,2.833213344056216,5.087557754241233,1,0.22179743170500482
04e38a233f726ef161074ab1c9b0399a,28,23,0.0,48.292857142857144,47.043550708522275,0.2857142857142857,3.367295829986474,3.8977791850112977,1,0.20138393960488749
04fdea0c111866e6cf812f1570d6b5bd,10,10,0.1,105.5,31.5,0.3,2.3978952727983707,4.66814498514948,1,0.1398320023974841
0509040ea3fe50071181bbc359eb7738,98,89,0.0,38.14234693877551,26.679620319829255,0.07142857142857142,4.59511985013459,3.6672049228369636,1,0.17151868813955606
052577151711aec5c744fe12e66db3e1,4,4,0.0,687.0,0.0,0.75,1.6094379124341003,6.5337888379333435,1,0.12726503677395423
054694fa03fe82cec4b7551487331d74,22,21,0.0,453.77727272727276,297.1667666660318,0.18181818181818182,3.1354942159291497,6.119807788612067,1,0.14047562441302686
056b4ada5bbc2c50cc7842547dda6b51,66,65,0.0,186.86954545454546,125.8923435517224,0.06060606060606061,4.204692619390966,5.235747814808273,1,0.1781607414128734
0570350b23eda5444f8d1d9544932058,11,6,0.0,56.99090909090909,6.71571488720901,0.7272727272727273,2.4849066497880004,4.060286258449539,1,0.17571883755312923
05730013efda596306417c3b09302475,4,4,0.0,238.0,0.0,0.75,1.6094379124341003,5.476463551931511,1,0.17672723673584
058cb5aeb36d7c0fcae20fc85d5e0a59,13,12,0.0,102.15384615384616,34.91384154402012,0.3076923076923077,2.6390573296152584,4.636221525820142,1,0.22066002640535926
058fd0aa2bfdb2274e05e1ae971dabb6,64,61,0.0,119.8109375,20.384063300065947,0.09375,4.174387269895637,4.7942268236205585,1,0.1968151665855858
05a940b4ecae36cadfd8e93bd9c43257,10,10,0.0,95.2,85.58393540846319,0.3,2.3978952727983707,4.566429357671661,1,0.2093286256301845
05d2173d43ea568aa0540eba70d2ca76,66,62,0.0,87.26757575757576,95.8348486635497,0.09090909090909091,4.204692619390966,4.4803728347100105,1,0.19858162164999427
05e107217c7266362fd44b75b2cd4cc4,8,5,0.0,24.1725,26.747575006904835,0.75,2.1972245773362196,3.225752128807633,1,0.16080291247672113
05f51e13da97139648b8125c31e5f51b,63,60,0.0,218.5557142857143,160.48228965942334,0.09523809523809523,4.1588830833596715,5.391606023932582,1,0.17491571678604018
05feb94f19d094d4b0f9281f0b1d4c99,6,6,0.0,1558.8333333333333,174.21673921360852,0.5,1.9459101490553132,7.352334256929201,1,0.08166672095206373
05ff92fedb5be47920fea08e501238b9,62,59,0.0,354.7222580645161,180.09120625142893,0.0967741935483871,4.143134726391533,5.874150252381853,1,0.15033383865776095
062ce95fa2ad4dfaedfc79260130565f,60,55,0.0,125.35,95.21754477685998,0.13333333333333333,4.110873864173311,4.839055833834204,1,0.19719746355215217
06532f10282704ef4c69168b914b77be,9,8,0.0,1135.611111111111,718.4650359612257,0.4444444444444444,2.302585092994046,7.035806404559661,-1,-0.005959814172872835
06579cb253ecd5a3a12a9e6eb6bf8f47,72,62,0.0,65.65555555555555,23.081310915549132,0.1388888888888889,4.290459441148391,4.199538397322828,1,0.19510808867777668
066a6914e1ebf3ea95a216c73a986b91,74,68,0.0,127.16729729729728,113.44394204755932,0.0945945945945946,4.31748811353631,4.853336420660521,1,0.19269142064962136
0691148aee60ca47977c187804f935ae,53,47,0.0,110.72660377358491,163.30569194742696,0.11320754716981132,3.9889840465642745,4.7160548493692955,1,0.1846874678037721
0692610d8abe24f287e9fae90ea0bbee,4,4,0.0,43.4975,22.80476964913261,0.75,1.6094379124341003,3.795433007818771,1,0.18829561127688826
06a2c3af7b3aee5d69171b0e14f0ee87,405,392,0.0,89.89864197530864,30.537959367863813,0.019753086419753086,6.0063531596017325,4.509745061306252,1,0.06215816472454416
06bb3a2fe5e7b7a845b13e8fb91bd944,18,17,0.0,85.3438888888889,27.295595318025754,0.2222222222222222,2.9444389791664403,4.458338030679922,1,0.21974917153558815
06df0c10d34e459d9672bc77388742eb,30,26,0.0,302.3333333333333,12.47219128924673,0.2,3.4339872044851463,5.714832310842786,1,0.18306347256392763
06e5eefc71ec47ae763c5c6f8db7064f,95,92,0.0,233.56378947368424,111.27176494538465,0.06315789473684211,4.564348191467836,5.45772757423663,1,0.16541039371709937
07017df32dc5f2f1d2801e579548d620,9,8,0.0,105.16555555555556,43.144850886573835,0.4444444444444444,2.302585092994046,4.664999720564591,1,0.21515229937205732
070d165398b553f3b4b851c216b8a358,39,32,0.0,87.00410256410257,56.959493646821535,0.15384615384615385,3.6888794541139363,4.477383433438146,1,0.21452899071844228
0725b8c0f3f906e58f70cbe76b7c748c,37,17,0.0,59.197297297297304,53.84485624501888,0.40540540540540543,3.6375861597263857,4.097627455913215,1,0.18071956032235548
0743a0239d764b9a0f959a57d07e36ab,4,4,0.0,84.24,20.680606857633578,0.75,1.6094379124341003,4.445470807230416,1,0.19876538262494875
0747d5bb69f0586cc869d8af4c50f93e,15,14,0.0,23.106666666666666,14.922397781709066,0.26666666666666666,2.772588722239781,3.1824884274158114,1,0.17816365118154803
0761743cbffb25d7148189e9f1a5f03a,7,3,0.0,34.457142857142856,3.546127522828706,1.0,2.0794415416798357,3.5683247237151936,1,0.15380742215320242
077c5fae4bea9500e3737b16f71b9d3a,6,4,0.0,17.8,11.088733020503287,0.8333333333333334,1.9459101490553132,2.9338568698359038,1,0.13487924080618802
0791d9fc1e30678ecf03d3e55fa108d3,11,5,0.0,76.54545454545455,3.726163914894347,0.8181818181818182,2.4849066497880004,4.350864274693309,1,0.16713314173039934
079d295dcbf06ee8bb1b65ba964eb2b6,10,5,0.0,34.93,6.264511154112497,0.8,2.3978952727983707,3.581572601125427,1,0.16421040743663734
07bf9669d84d1f11be443a9dd938f698,24,18,0.0,74.0,29.732137494637012,0.25,3.2188758248682006,4.31748811353631,1,0.22020055268646876
07de60b03d150fb3ea09eab5da5e4c8b,9,9,0.0,79.9,8.94427190999916,0.3333333333333333,2.302585092994046,4.393213824064446,1,0.21077054530997624
080102cd0a76b09e0dcf55fcacc60e05,130,124,0.0,43.97523076923077,25.77126805678056,0.05384615384615385,4.875197323201151,3.8061119108791477,1,0.15671791840241378
080199a181c46c657dc5aa235411be3b,83,79,0.0,174.74939759036147,15.088316500452201,0.07228915662650602,4.430816798843313,5.169059103034041,1,0.18132559572502083
08061dc0fc165ed41288cc7acde738ee,4,4,0.0,30.95,29.048278778612683,0.75,1.6094379124341003,3.4641721808235437,1,0.1781707171387683
08084d990eb3f53af056ccbc1730c8a7,12,12,0.0,31.041666666666668,4.21790989577644,0.25,2.5649493574615367,3.4670371391576986,1,0.1853735677583504
081acf3de680d554796c9cf041be7bc2,8,4,0.0,199.6625,225.65187755423173,0.875,2.1972245773362196,5.301624392305532,1,0.1272688977531452
082e0bf4cb865a6533b1e8e498cc0255,23,11,0.0,90.14347826086957,42.8111304715202,0.5217391304347826,3.1780538303479458,4.512434949040687,1,0.19825218273902612
085f6f7e049c996695fb2074fe38d45e,8,6,0.0,38.175,42.905994627790655,0.625,2.1972245773362196,3.6680387882420846,1,0.18268280228413653
08633c14ef2db992c11f840f04fad4cd,97,74,0.0,78.80721649484536,38.141376313623766,0.12371134020618557,4.584967478670572,4.379613932633244,1,0.18907736294185923
0873d9f8f36123f8d910f4760e788cfb,6,6,0.0,1210.9316666666666,266.17325582013103,0.5,1.9459101490553132,7.099970784401748,1,0.081102818156644
0885aaf116795758dfeb5f1032487bcd,30,28,0.0,88.26666666666667,37.31798791765472,0.16666666666666666,3.4339872044851463,4.4916281445889625,1,0.21533782780333705
0887a9f087bcd5d9f6642b52f897fc6c,12,12,0.0,136.83333333333334,61.13759527128585,0.25,2.5649493574615367,4.926045225795637,1,0.21869441478974705
08ad4ac1388e4420ca531c3edfc46198,7,6,0.0,31.66,6.341527531168764,0.5714285714285714,2.0794415416798357,3.4861510875423187,1,0.18749639018170733
08cdbae123ff67ca4e36d9d641ce0119,6,4,0.0,516.4983333333333,145.44244570925255,0.8333333333333334,1.9459101490553132,6.249006304522422,1,0.11702298362671759
08d0949a9a17c027262db1f3c450c26c,12,12,0.0,27.066666666666666,13.234005020736875,0.25,2.5649493574615367,3.3345826325801715,1,0.18550653916438564
08d2d642cf72b622b14dde1d2f5eb2f5,21,17,0.0,43.523809523809526,80.378040739412,0.3333333333333333,3.091042453358316,3.796024091565264,1,0.19245585779625396
08f5819815f3d06545011850bd70f0a8,3,3,0.0,150.66666666666666,6.599663291074658,1.0,1.3862943611198906,5.02168513028284,1,0.1714913339934404
093805f8f2aeb63881444571e1f48f30,27,22,0.0,45.029259259259256,19.817225003988597,0.2962962962962963,3.332204510175204,3.8292772651352327,1,0.20266435729255106
094ced053e257ae8cae57205592d6712,19,19,0.0,79.9578947368421,60.49669252194027,0.15789473684210525,2.995732273553991,4.393929201456513,1,0.219341991258518
0951a6e282947e09cd47969f4ed0b47f,7,7,0.0,70.32857142857144,21.432066381657066,0.42857142857142855,2.0794415416798357,4.267296968451251,1,0.20908578598426053
09883d9ab71c8fe8a9bfc7fc3075b07e,5,5,0.0,65.9,8.0,0.6,1.791759469228055,4.203198967134183,1,0.20139031615169728
099095b050cfe8eb1ddff5317587e96e,20,17,0.0,259.6915,234.57367267609123,0.3,3.044522437723423,5.563337715881642,1,0.16844645661702534
09bad886111255c5b5030314fc7f1a4a,5,5,0.0,97.5,0.0,0.6,1.791759469228055,4.590056548178043,1,0.19709869221594878
09f952a5f58d2285b0372551ae8f9b01,56,50,0.0,211.09821428571428,126.34941494730202,0.10714285714285714,4.04305126783455,5.357049442325927,1,0.18609792178944512
0a85ebe4e328db81ac9109781205e2f7,12,12,0.0,55.65833333333333,11.074780534569943,0.25,2.5649493574615367,4.037039078744414,1,0.20929133242602999
0aa2205ca24f113f4658a5c536667426,11,4,0.0,74.14727272727272,69.93432777722893,0.9090909090909091,2.4849066497880004,4.319449824486192,1,0.1566938264892876
0ac4201fda2c68ebc0e47cb9423cf3c9,14,13,0.0,119.77714285714286,209.615891212903,0.2857142857142857,2.70805020110221,4.793947052838592,1,0.18704896123308234
0ad80de75c811326389cfb1daba7d45e,6,6,0.0,241.5666666666667,78.40422324226039,0.5,1.9459101490553132,5.491276586684931,1,0.18835331432731484
0adac9fbd9a2b63cccaac4f8756c1ca8,142,110,0.04929577464788732,112.40105633802817,176.30124533088863,0.11971830985915492,4.962844630259907,4.730930706400426,1,0.06357832398030483
0aea4c6ae1505b3228ddf3dd7822ee5b,8,8,0.0,178.48875,53.27287077807523,0.375,2.1972245773362196,5.190112531869523,1,0.20885543000484308
0afccdb8a34ee5c79f7c06faf2b4d56e,25,25,0.0,49.02,19.28381704953664,0.12,3.258096538021482,3.912422925449473,1,0.2051700555433787
0b0ddbc7b9d9584f442c7ac92b0ff6c9,3,3,0.0,472.25333333333333,177.5565037452085,1.0,1.3862943611198906,6.1596308335582,1,0.0989158893824123
0b18d63d0cd1d723567903fd34a07df2,14,9,0.0,119.86714285714285,105.59163707608742,0.5714285714285714,2.70805020110221,4.794691949444738,1,0.18730122986320868
0b35c634521043bf4b47e21547b99ab5,78,51,0.0,173.50833333333333,172.17324204995228,0.2564102564102564,4.3694478524670215,5.161972495994106,1,0.1564395353009841
0b36063d5818f81ccb94b54adfaebbf5,15,1,0.0,51.0,0.0,1.0,2.772588722239781,3.9512437185814275,1,0.11151565256270918
0b64bcdb0784abc139af04077d49a20e,4,4,0.0,34.4,2.598076211353316,0.75,1.6094379124341003,3.5667118201397288,1,0.17891590457874945
0b90b6df587eb83608a64ea8b390cf07,210,164,0.0,136.15390476190476,153.36028532585945,0.05714285714285714,5.351858133476067,4.921103687717699,1,0.11761852624825858
0bae85eb84b9fb3bd773911e89288d54,146,137,0.0,51.24801369863014,26.197607456895092,0.0547945205479452,4.990432586778736,3.956001874785097,1,0.1549884041011338
0bb738e4d789e63e2267697c42d35a2d,31,30,0.0,77.04193548387097,76.79319011388188,0.12903225806451613,3.4657359027997265,4.357246316624596,1,0.2083251723892321
0be8ff43f22e456b4e0371b2245e4d01,180,161,0.016666666666666666,65.58611111111111,41.66827432083725,0.05555555555555555,5.198497031265826,4.198496013923254,1,0.11015353752645701
0bebbb2cea103a4a020c95d43fd7d754,9,9,0.0,151.91111111111113,54.957164014741586,0.3333333333333333,2.302585092994046,5.02985677943216,1,0.21474433057333953
0bf0150d5b9d60d9cd2906003332f085,62,39,0.0,93.13870967741936,26.119528936859748,0.16129032258064516,4.143134726391533,4.544769329456918,1,0.19902986291726465
0bfd0b434243adc5c2e1aa6baf19c6aa,6,6,0.0,61.86666666666667,25.06349714004192,0.5,1.9459101490553132,4.141016081531247,1,0.19831849535160923
0c7533c71df861ec58ad7ff999ed0e8d,73,61,0.0,40.94931506849315,22.85580243636878,0.1506849315068493,4.30406509320417,3.7364621054496046,1,0.1854920969978805
0c7f30ae9b147eca07affbef92832a6a,5,5,0.0,95.9,39.293765408777,0.6,1.791759469228055,4.5736795188967205,1,0.20629104459896258
0c8380b62e38e8a1e6adbeba7eb9688c,220,182,0.0,78.85813636363636,41.745092751119714,0.045454545454545456,5.3981627015177525,4.380251765069722,1,0.15048532727719716
0cab2da43793a6f3c5ed8514c5f54627,3,3,0.0,103.23333333333335,23.570226039551567,1.0,1.3862943611198906,4.646631975795686,1,0.17733308955672872
0cbcee27c791afa0cdcb08587a2013a8,41,39,0.024390243902439025,129.85731707317072,28.616381034883045,0.12195121951219512,3.7376696182833684,4.874107546963121,1,0.16997147035179727
0d33a55da925bbf1ff02af5f6059fc7f,24,22,0.0,22.804166666666664,8.05230190518353,0.20833333333333334,3.2188758248682006,3.169860635382471,1,0.17151295196665878
0d4c8269e7f0401201794deef160edd6,4,3,0.0,198.16,19.71252520607122,1.0,1.6094379124341003,5.294108521773982,1,0.1624672434899168
0d83f8e03188682112cc0d93523705cc,8,4,0.0,87.0325,5.775404206633574,0.875,2.1972245773362196,4.477706064478851,1,0.17899761491882882
0d85bbda9889ce1f7e63778d24f346eb,58,51,0.0,83.53793103448275,42.767897352982466,0.1724137931034483,4.07753744390572,4.437200321625102,1,0.20072742243643332
0db783cfcd3b73998abc6e10e59a102f,137,132,0.0,66.25839416058393,23.875439056109737,0.043795620437956206,4.927253685157205,4.208541830924283,1,0.16105875849888085
0dd184061fb0eaa7ca37932c68ab91c5,193,161,0.0,95.57989637305698,23.54542504190081,0.05699481865284974,5.267858159063328,4.570370607479993,1,0.1460642328603523
0ddefe3c7a032b91f4e25b9c3a08fca1,10,9,0.0,40.29,23.8043882509087,0.4,2.3978952727983707,3.720620339897999,1,0.20378584172578434
0df3984f9dfb3d49ac6366acbd3bbb85,89,87,0.011235955056179775,112.60101123595506,67.91497943430205,0.056179775280898875,4.499809670330265,4.7326924079723875,1,0.16285450682167696
0dfbed20065e425d2eaefb101f9816c0,3,3,0.0,28.116666666666664,4.153073828169011,1.0,1.3862943611198906,3.3713107479119557,1,0.1543168220328321
0e44d110fa6a54e121cb2c095a77762f,6,6,0.0,37.22,46.294328306319926,0.5,1.9459101490553132,3.643358938812127,1,0.1825469229073462
0e72c1a751b496722a6cb1f10653b62a,3,3,0.0,46.93333333333334,18.344905438719373,1.0,1.3862943611198906,3.869811156618837,1,0.1702401638593996
0e982cff76cc0579f632cea8a0e38c9d,12,7,0.0,108.945,102.06279476381195,0.6666666666666666,2.5649493574615367,4.699980240750734,1,0.17423835718925235
0ea22c1cfbdc755f86b9b54b39c16043,269,237,0.0,39.82044609665428,18.263189209401386,0.03717472118959108,5.598421958998375,3.7091830857064596,1,0.09542252993692268
0eaa7e33d73809f1f925f7d07c506cbd,15,15,0.0,103.46666666666667,48.94468533173159,0.2,2.772588722239781,4.64886804125381,1,0.22106855356747634
0ebd97a106433a45a4aebe57c1799778,32,31,0.0,95.2125,27.611634210057215,0.125,3.4965075614664802,4.566559286860436,1,0.21215941587809822
0ec28cec4046a4a199b6de9b4c891d97,4,3,0.0,74.15,42.002232083545266,1.0,1.6094379124341003,4.319486116198983,1,0.1687703503593812
0ed6ce5d87fd9c69eaacaeb778d67235,43,43,0.0,49.80046511627907,47.368166817923665,0.06976744186046512,3.784189633918261,3.927905510374787,1,0.19428699616494416
0ef83d7d83ed97cd2a0049ac8be5f88a,55,48,0.0,80.382,56.61603795906082,0.12727272727272726,4.02535169073515,4.399154118334472,1,0.2070828666773747
0f0c984a4a955310903b6b6008660bad,4,4,0.0,92.4525,28.456506615359537,0.75,1.6094379124341003,4.537453285817679,1,0.19679420593618469
0f7eea709efdf942b5f95c7516dbacd7,3,3,0.0,65.24666666666667,40.855155801386374,1.0,1.3862943611198906,4.193385149135108,1,0.1680880107618976
0fe2d9733ed841eb064503920015a8c0,3,3,0.0,129.88,53.54126134736338,1.0,1.3862943611198906,4.8742808728544365,1,0.16453358686343134
0ff83046c3fa22efee8ecf291888b191,11,10,0.0,69.9,0.0,0.36363636363636365,2.4849066497880004,4.2612704335380815,1,0.20027416331801073
0ffa40d54288e4f3499b8780dd0f144f,35,33,0.0,61.79428571428572,30.990292884405328,0.14285714285714285,3.58351893845611,4.13986407752341,1,0.20919226926722845
10076e5788b8ee532724bcd460baf762,26,23,0.0,31.595384615384617,9.717600697374296,0.23076923076923078,3.295836866004329,3.484170702134608,1,0.19168122577627056
10089e9f2fd0c668a8fd4e52e1698888,3,3,0.0,379.9666666666667,35.60901883262466,1.0,1.3862943611198906,5.942711882235443,1,0.13597016982114485
101a3a003516bc11253298b2fad3cb65,6,5,0.0,75.0,73.824115301167,0.6666666666666666,1.9459101490553132,4.330733340286331,1,0.18528912667035768
1025f0e2d44d7041d6cf58b6550e0bfa,1428,915,0.0,97.31691176470588,82.7115731145736,0.014705882352941176,7.264730177929867,4.588196054722833,-1,-0.05551453093817815
10264f60a8f0a4d2f30810f5c661c673,4,4,0.0,71.15,6.49519052838329,0.75,1.6094379124341003,4.27874728521988,1,0.19428377541713804
1099a00e0ee3a50935e6c2447ca090c5,3,3,0.0,283.2333333333333,23.57022603955172,1.0,1.3862943611198906,5.649795497079894,1,0.15069967769322978
10cdd491d1dbea8fb4ead97b19c334ce,3,3,0.0,69.63333333333334,28.802816220332012,1.0,1.3862943611198906,4.257502176606144,1,0.17620803990959044
10ff823eda2b032e2c93d17a7d294736,9,9,0.1111111111111111,143.88555555555556,44.901524871684146,0.3333333333333333,2.302585092994046,4.975944158750765,1,0.13596650598941878
112453736dbe3889cfb74e1aaa0ba0c1,14,7,0.0,135.0,0.0,0.5714285714285714,2.70805020110221,4.912654885736052,1,0.1937308020787949
1127b7f2594683f2510f1c2c834a486b,132,114,0.030303030303030304,51.90401515151515,60.33263412695272,0.09848484848484848,4.890349128221754,3.9684792367687205,1,0.11344187019183322
11305281b50fff20ae8bb473f8e11876,40,35,0.0,163.2175,117.17430507048036,0.15,3.713572066704308,5.1011917686840675,1,0.20645595941859562
113e3a788b935f48aad63e1c41dac1bd,48,39,0.0,17.653125,13.596539105634262,0.22916666666666666,3.8918202981106265,2.9260136923748776,1,0.13261629435093641
116ccb1a1604bc88e4d234a8c23f33de,73,61,0.0,27.464246575342468,32.159307134813325,0.1095890410958904,4.30406509320417,3.3486487935947298,1,0.16762526583528142
117cfc326c6d50da67ca858ff5c0c852,5,5,0.0,90.92,7.9600000000000115,0.6,1.791759469228055,4.5209186335405,1,0.20226198479161217
119d1aef1b4144adba89163f6cd9f5d4,4,4,0.0,273.5,43.014532428006234,0.75,1.6094379124341003,5.614951260949585,1,0.17450544133359663
11bfa66332777660bd0640ee84d47006,102,76,0.0,38.48892156862745,54.98280959352451,0.1568627450980392,4.634728988229636,3.6760201659519325,1,0.1651299685323328
11d4c477d09821164bca4f70a2eae031,4,3,0.0,20.76,11.940000000000003,1.0,1.6094379124341003,3.080073421987742,1,0.1328017521010585
11eac105f3f90a9b87b19c89d91e24f3,5,5,0.0,160.578,54.608313799274185,0.6,1.791759469228055,5.084987998205431,1,0.19902804596004203
11fb6f6d341adbe19e81733701704635,3,3,0.0,399.0,0.0,1.0,1.3862943611198906,5.991464547107982,1,0.13146032998251156
120476eb7a04c149d14772edaf5d9bf2,6,4,0.0,394.8,405.2165634982526,0.8333333333333334,1.9459101490553132,5.980909033168466,1,0.06950051713048533
1284de4ae8aa26997e748c851557cf0e,3,3,0.0,486.6566666666667,187.3202842430281,1.0,1.3862943611198906,6.1896116063317885,1,0.09558497366895746
128639473a139ac0f3e5f5ade55873a5,560,533,0.0,21.26580357142857,12.41766538605334,0.014285714285714285,6.329720905522696,3.1030520293610437,-1,-0.022943211682125098
128f9bfbe4c7d5185033914b1de3d39a,16,14,0.0625,79.830625,54.0862119061723,0.3125,2.833213344056216,4.392355915993479,1,0.16470855393827938
12b9676b00f60f3b700e83af21824c0e,135,135,0.007407407407407408,198.32592592592593,25.62834935787571,0.022222222222222223,4.912654885736052,5.294941303685312,1,0.10260633452422047
12c2ed9cded6138cf0c75f525f565fc7,4,4,0.0,78.74,28.80429655450728,0.75,1.6094379124341003,4.378771341953209,1,0.19706357260417828
13074f016982ff2bd6c58ced8682f000,15,14,0.0,141.06666666666666,46.616830532425645,0.26666666666666666,2.772588722239781,4.9562964309964075,1,0.2244796623756794
131fcb0a0c9a47bba4474aacff0f14b7,4,4,0.0,92.45,25.16947556068661,0.75,1.6094379124341003,4.537426533901572,1,0.19742156404635153
1336efc61c316ddf92c899eb817f7cae,85,74,0.0,56.90952941176471,52.57825072394775,0.09411764705882353,4.454347296253507,4.0588819550047965,1,0.1923305912604768
134285d1f41da5c13a756ee8142c8a4e,4,3,0.0,393.17499999999995,183.12107163021963,1.0,1.6094379124341003,5.976794973123545,1,0.10850232948198507
134a288e7de827ec5ec62e3ec9c3a295,9,9,0.0,97.49444444444445,39.250381770573895,0.3333333333333333,2.302585092994046,4.59000014500817,1,0.21658032542344002
13511db12ac61e2f89c53b72a944a60b,6,6,0.0,133.0,3.2145502536641297,0.5,1.9459101490553132,4.897839799950911,1,0.19665826193476466
1352e06ae67b410cdae0b2a22361167b,4,4,0.5,174.0,85.0,0.75,1.6094379124341003,5.1647859739235145,1,0.013367438007960697
1354d51653f645349064725ed204e85e,20,18,0.0,120.5,79.08697743623789,0.25,3.044522437723423,4.799914262780603,1,0.21788793619852048
138dbe45fc62f1e244378131a6801526,58,49,0.0,19.406206896551723,13.776197717200516,0.15517241379310345,4.07753744390572,3.015839114207483,1,0.14139352366616587
13c2ed7698b3ca92dad49e849219da59,9,8,0.0,55.40111111111111,24.424962387981704,0.4444444444444444,2.302585092994046,4.0324888588615755,1,0.208364786867824
13d058e4eeac2ce8217660b2f8a05812,23,23,0.0,166.5117391304348,58.94792806420242,0.13043478260869565,3.1780538303479458,5.121053433170132,1,0.21012371845456834
13dd308f81fea30cc670c656b2b46cc3,3,3,0.0,39.23333333333333,0.47140452079121925,1.0,1.3862943611198906,3.694695839435376,1,0.15921622128556878
13f57c12a00ed4610db646b913a7f5c6,13,7,0.0,49.63076923076923,16.487775640216903,0.6153846153846154,2.6390573296152584,3.9245594790477027,1,0.19415076961057426
13fa2a6c6b9d0f43cb588d7c82117a12,10,9,0.0,452.8,48.96692761446249,0.4,2.3978952727983707,6.117656572345742,1,0.17837206457819987
141440cad9341e553f8401c574a2aa38,12,11,0.0,107.35000000000001,51.254796523512475,0.3333333333333333,2.5649493574615367,4.685366727982368,1,0.2199500156892713
1430239a858e7682bbc43b20758af153,23,18,0.0,28.729999999999997,9.073648899303203,0.30434782608695654,3.1780538303479458,3.392156637010006,1,0.18767952601589966
1464afc72f696af775557a821c2e253f,30,29,0.0,35.312,9.927571169895145,0.13333333333333333,3.4339872044851463,3.5921482651541643,1,0.19282468133477443
14a08204d03bb6b6bde8029f801ae0eb,38,28,0.0,57.51052631578948,78.63929575323712,0.2894736842105263,3.6635616461296463,4.069206675073129,1,0.18306161274913485
14d7985702e72162bbf13b6beb74ab2b,38,37,0.0,102.28947368421052,78.95431986939526,0.10526315789473684,3.6635616461296463,4.637535470490123,1,0.2063869363532706
14ee35374a7876217954b5fa08e50463,6,6,0.0,134.83333333333334,12.720281268727948,0.5,1.9459101490553132,4.911428644012807,1,0.19985184748837392
152ee17e4c8aaf53dac99f3462e4999b,6,6,0.0,51.49333333333333,20.525269520493264,0.5,1.9459101490553132,3.960686177407427,1,0.19579839447352687
1554a68530182680ad5c8b042c3ab563,269,247,0.0,108.00197026022305,85.93454385587083,0.022304832713754646,5.598421958998375,4.691365957847641,1,0.10148591934403689
157c3e4b42f81ac4a44e8b1ca2fe9876,31,23,0.0,82.20967741935483,73.75316004094316,0.2903225806451613,3.4657359027997265,4.421363656199558,1,0.20065623339477556
1588ac4010787100dddef64568f0ae35,3,3,0.0,199.99,0.0,1.0,1.3862943611198906,5.30325515557766,1,0.1624667202460044
15aac934c58d886785ac1b17953ea898,26,25,0.0,167.4576923076923,260.33170877684984,0.15384615384615385,3.295836866004329,5.126684634038149,1,0.16569463148704017
15cd6eefe58588619aaed41dfa6621b1,18,16,0.0,90.15222222222222,88.02328988244189,0.2777777777777778,2.9444389791664403,4.512530880665363,1,0.21430959411488232
15ead3a5037a918ddb520dfe39a3d2b9,8,7,0.0,34.4375,28.717848870519532,0.5,2.1972245773362196,3.567770581487971,1,0.1936903543047483
15fa791d5e017f66402dc28c44480657,8,8,0.0,225.25,293.9658781219344,0.375,2.1972245773362196,5.421640582580036,1,0.14769891718811967
16090f2ca825584b5a147ab24aa30c86,410,402,0.0,62.7230243902439,113.91617675922251,0.014634146341463415,6.018593214496234,4.1545459476669535,1,0.03995248968523479
160e4f13fd3a64b1b86807be88b5ffb0,4,4,0.0,221.5,73.61215932167728,0.75,1.6094379124341003,5.404927101606295,1,0.1799942912168464
165b1235e9e9942cb5fae67103576fb0,16,11,0.0,130.321875,87.90166623980672,0.5,2.833213344056216,4.87765137063076,1,0.19919007495047308
165fc07beebdcb6190fba8a06db2a449,64,50,0.0,273.146875,261.8967079121736,0.125,4.174387269895637,5.613664002915858,1,0.1367367984382013
1660ad786c27fd935378b6192a90b417,13,12,0.0,120.76923076923077,16.853001769389707,0.3076923076923077,2.6390573296152584,4.802127702419475,1,0.21718086759390282
167fd940acebc789debd6eb418c46e38,5,5,0.0,215.516,110.34555643069638,0.6,1.791759469228055,5.377664447714162,1,0.18571696237777657
1690cada046eb7e92c12f98b1f8a8167,11,11,0.0,178.0909090909091,28.429992311112485,0.2727272727272727,2.4849066497880004,5.187893548933664,1,0.21125100332847957
17306570e772e7718c92a562d33f5f1d,32,29,0.0,302.18125,165.94374693985156,0.1875,3.4965075614664802,5.7143308114866285,1,0.17486665053811296
1771297ac436903d1dd6b0e9279aa505,36,28,0.0,80.03527777777778,110.81545859586437,0.2222222222222222,3.6109179126442243,4.394884587978309,1,0.1965991671784375
1782ce2db72c3dda627d5e7c898104e1,10,9,0.0,201.07999999999998,58.2986757997127,0.4,2.3978952727983707,5.308663658602181,1,0.2096903080960134
17908cf9b444ee34047cadd5c0f4a516,11,11,0.0,181.2718181818182,71.88109333136494,0.2727272727272727,2.4849066497880004,5.205499079398689,1,0.21529753777953864
179d859f51292aac5c10806a356f7af9,19,18,0.0,21.287894736842105,1.644536661502252,0.21052631578947367,2.995732273553991,3.1040436941638645,1,0.1599603913064765
17a053fcb14bd219540cbde0df490be0,149,125,0.0,273.1754362416107,76.94142020349304,0.08053691275167785,5.0106352940962555,5.613768179751456,1,0.13713100030604625
17adeba047385fb0c67d8e90b4296d21,3,1,0.0,269.9,0.0,1.0,1.3862943611198906,5.6017497490910495,1,0.10892283831325195
17ca9b9e9b9ef8fdb529001b49ebb50f,129,116,0.0,75.61883720930233,46.85031270945263,0.06976744186046512,4.867534450455582,4.338842963084549,1,0.17453805261191774
17e34d8224d27a541263c4c64b11a56b,268,255,0.007462686567164179,210.31059701492538,280.713892022234,0.04477611940298507,5.594711379601839,5.353329074878547,1,0.017807952083998324
17eea220a40cc0d2c0c5346379682398,4,4,0.0,353.745,134.8059161350124,0.75,1.6094379124341003,5.871399221508126,1,0.1446736187723141
17f51e7198701186712e53a39c564617,61,56,0.0,787.1967213114754,184.02608685995583,0.09836065573770492,4.127134385045092,6.669747705035778,1,0.1072585626912762
180c3376aff0e43dd5788709df48a843,10,5,0.0,451.3,608.2746172576988,0.8,2.3978952727983707,6.114345676483797,1,0.025087480621769798
1835b56ce799e6a4dc4eddc053f04066,558,423,0.0,59.75664874551971,69.6037360086918,0.03046594982078853,6.326149473155099,4.106876520602754,1,0.04277985519999783
1838dd9b8977065acf51d95e0053ea7a,67,64,0.0,42.094029850746274,22.74468204596941,0.08955223880597014,4.219507705176107,3.7633844689709526,1,0.18636539950009062
184725737946a1a938bbbd1a9e978103,3,3,0.0,119.90000000000002,7.071067811865218,1.0,1.3862943611198906,4.794963757620748,1,0.1713708120108675
184a67a8f9f63234d3a92340bbdb727f,11,8,0.0,24.423636363636366,3.3535741387558553,0.5454545454545454,2.4849066497880004,3.235679306814334,1,0.17463991907236842
186cdd1b2df32caa72cfb410bba768d3,6,6,0.0,223.57500000000002,288.2095472481784,0.5,1.9459101490553132,5.414209727115271,1,0.13665129451320462
189ca3538ce9f920cacf0f982cbe223b,5,4,0.0,83.8,76.22702932687329,0.8,1.791759469228055,4.440295542797857,1,0.1801262311955918
18a349e75d307f4b4cc646a691ed4216,148,121,0.013513513513513514,58.86168918918919,49.430971995469704,0.10135135135135136,5.003946305945459,4.092036721023885,1,0.13685535615878003
18e694e0e48ed6f7aa3f24aade5fd697,34,31,0.0,20.633529411764705,3.7780884385010016,0.17647058823529413,3.5553480614894135,3.0742443987187964,1,0.15058334374868265
1900267e848ceeba8fa32d80c1a5f5a8,529,411,0.0,47.22595463137996,24.35425145585997,0.02835538752362949,6.272877006546167,3.8758973539588526,1,0.044112662872598185
191d55f7edb8524d525ed01b20fe32e8,3,3,0.0,249.0,0.0,1.0,1.3862943611198906,5.521460917862246,1,0.15333967232363171
1961c3e1272bfeceb05d0b78b5bbfdaf,4,3,0.25,224.0,8.660254037844387,1.0,1.6094379124341003,5.41610040220442,1,0.03723688805851244
1976a05ecf2996d6ffb7b5430e635fe7,9,8,0.0,199.57777777777778,181.4759107232679,0.4444444444444444,2.302585092994046,5.301202090616627,1,0.17801999774852928
1987cd4be10fe09ee50454f9c354d1c6,16,14,0.0,179.85625,109.45903896406865,0.3125,2.833213344056216,5.197702516827775,1,0.21033158610588093
198c7ea11960a9844b544d9bcdca860c,25,25,0.0,69.35,58.667796958808694,0.12,3.258096538021482,4.253482783560398,1,0.21104393759439466
1996942dc085d7773ba77a529b163cd0,10,10,0.0,294.351,169.87691811720626,0.3,2.3978952727983707,5.688164479560954,1,0.185452894009985
19e0f40a907ec568c34bfac15de4f4a1,4,4,0.0,44.5,0.0,0.75,1.6094379124341003,3.817712325956905,1,0.1854263839941166
1a3df491d1c4f1589fc2b934ada68bf2,178,167,0.0,130.91404494382022,29.855185581576027,0.056179775280898875,5.187385805840755,4.882150535812034,1,0.14331273473669215
1a932caad4f9d804097d7f8e615baed1,30,20,0.0,155.36666666666667,101.56680341310125,0.3333333333333333,3.4339872044851463,5.052203676666303,1,0.19061625252294417
1acde099eb406aa220b1169b188b42da,10,9,0.0,31.109999999999996,42.63,0.4,2.3978952727983707,3.4691675081014224,1,0.19447851430959623
1b1ae47a313a825a7ccceb8e2e30fa9d,11,11,0.0,203.9909090909091,121.59579429438601,0.2727272727272727,2.4849066497880004,5.3229656322570955,1,0.20711341807756906
1b45169b635ef59425637e9a33eb5fb3,8,7,0.0,38.6125,14.458167025940737,0.5,2.1972245773362196,3.6791447250170393,1,0.19756367851838563
1b4c3a6f53068f0b6944d2d005c9fc89,117,113,0.0,126.15641025641027,57.1452999385116,0.05982905982905983,4.770684624465665,4.845417905512088,1,0.1726517822543836
1b65c144b17e607c0f37f10bb7dfec8d,5,5,0.0,221.9,99.4786409235671,0.6,1.791759469228055,5.406723240391823,1,0.18770787056220856
1b7e5006cb25dd23ce8686691013b121,11,11,0.0,239.70363636363635,188.01637608912142,0.2727272727272727,2.4849066497880004,5.48356645212666,1,0.18712893966448085
1b8356dabde1d35e17cef975c3f82730,61,56,0.0,56.17032786885245,21.88083089254702,0.09836065573770492,4.127134385045092,4.046035020240237,1,0.19866819215075104
1b8b75e227c9a9c100d0c210fb6176ce,19,19,0.05263157894736842,100.78052631578947,36.89496221118947,0.15789473684210525,2.995732273553991,4.622818792259416,1,0.16326998270435905
1b938a7ec6ac5061a66a3766e0e75f90,33,30,0.0,120.83636363636363,143.497025242489,0.18181818181818182,3.5263605246161616,4.8026788627406996,1,0.19560027931273638
1bb2bdb95f4841f1bba2c0d2cd83d3c9,85,81,0.0,58.855411764705885,82.82081897336373,0.07058823529411765,4.454347296253507,4.091931850049913,1,0.17471350305211042
1bb3812d5f0747a3ab7348f199001a10,9,9,0.0,92.71111111111111,51.59361382627042,0.3333333333333333,2.302585092994046,4.54021676397624,1,0.21632950804344303
1bc2e21de46adfea6b98cc96b00f3b40,5,3,0.0,207.99,24.0,1.0,1.791759469228055,5.34228640393016,1,0.16210777175040098
1c129092bf23f28a5930387c980c0dfc,220,201,0.0,43.42554545454545,7.634605197432371,0.05,5.3981627015177525,3.7938146520642806,1,0.11399535108614428
1c40343cc5d18c2d8248ac2f3366de34,22,21,0.0,111.88227272727272,75.00660031150096,0.18181818181818182,3.1354942159291497,4.726345441353856,1,0.21856941252344547
1c56ffe0e9dea2657fc6e95b53f40b13,3,3,0.0,61.0,2.8284271247461903,1.0,1.3862943611198906,4.127134385045092,1,0.17317532932855506
1c5e4e49b9079480255b49d50aac1aa9,12,12,0.0,847.7591666666667,496.67226411485075,0.25,2.5649493574615367,6.743775479010951,1,0.06535650156758344
1c68394e931a64f90ea236c5ea590300,171,142,0.0,145.22076023391813,123.64005003681555,0.06432748538011696,5.147494476813453,4.9851175360988025,1,0.1378789518582051
1ca4bdb0cd7fc48e949bac066188ed26,4,4,0.25,380.0,0.0,0.75,1.6094379124341003,5.942799375126701,1,0.028997405820662125
1ca7077d890b907f89be8c954a02686a,137,115,0.0,97.38372262773723,51.364509034272146,0.08759124087591241,4.927253685157205,4.588875369924911,1,0.1699783746583034
1caf283236cd69af44cbc09a0a1e7d32,37,33,0.0,24.8,11.451764882275521,0.16216216216216217,3.6375861597263857,3.250374491927572,1,0.17469561125318012
1cbcd2ee0afb3fc09963b87eb65e7e4f,3,1,0.0,30.0,0.0,1.0,1.3862943611198906,3.4339872044851463,1,0.11232563916181504
1cbd32d00d01bb8087a5eb088612fd9c,12,11,0.0,87.1225,70.8426892399632,0.3333333333333333,2.5649493574615367,4.478727891935705,1,0.21670855758670715
1cbd50a8c52e6cf8e315c5709fab386f,9,9,0.0,87.33,73.1776424569387,0.3333333333333333,2.302585092994046,4.4810798007570405,1,0.21115689637168555
1cd9e0cc1839d55516843def5600816d,5,5,0.0,165.0,53.88877434122992,0.6,1.791759469228055,5.111987788356544,1,0.19937294222669744
1ce3ae5a399804d1a87e706f8a813c3e,44,40,0.0,58.25,19.693821135297522,0.1590909090909091,3.8066624897703196,4.081765780015241,1,0.2013914536645885
1d0997ff06b524ce9289ffd75114ecd3,3,3,0.0,1249.0,593.0148958219066,1.0,1.3862943611198906,7.1308988302963465,-1,-0.032542682785899
1d1bbb8ac1581824986f582583fff01d,4,4,0.0,41.72,9.730064234114801,0.75,1.6094379124341003,3.7546671946519394,1,0.18955246459688674
1d2732ef8321502ee8488e8bed1ab8cd,5,4,0.0,229.6,160.01074963889147,0.8,1.791759469228055,5.440684607834958,1,0.15526138474202067
1d29dfba02015238dfbe2449a5eaa361,12,12,0.0,51.06666666666666,2.733536577809528,0.25,2.5649493574615367,3.9525249487374756,1,0.2020557167698548
1d4587203296c8f4ad134dc286fa6db0,43,42,0.0,54.03023255813953,62.37482920658435,0.09302325581395349,3.784189633918261,4.007882717087443,1,0.20070960304317764
1d503743d2526f03f0c2c89540ee008c,17,12,0.0,30.355294117647055,15.620842455871006,0.47058823529411764,2.8903717578961645,3.4453831241980657,1,0.17629216870678005
1d8dbc4f32378d715c717c1c1fc57bae,98,92,0.0,115.46826530612245,30.098701817063,0.09183673469387756,4.59511985013459,4.757618835092101,1,0.18800322390601376
1da366cade6d8276e7d8beea7af5d4bf,49,43,0.0,141.17530612244897,193.81773124065208,0.12244897959183673,3.912023005428146,4.957060846328924,1,0.18105227500702809
1da3aeb70d7989d1e6d9b0e887f97c23,328,265,0.003048780487804878,26.9009756097561,25.051236733005094,0.04878048780487805,5.796057750765372,3.328661656307567,1,0.04572424674294773
1dc2de47ee26a0a5b12dc14fd6dc0dea,27,25,0.0,61.86296296296296,10.275758894139207,0.18518518518518517,3.332204510175204,4.140957166163156,1,0.2111627064568442
1dcfa3835714681d4ba4a93bc1e0fd41,15,13,0.0,85.23333333333333,11.376388804107538,0.3333333333333333,2.772588722239781,4.4570568005238735,1,0.21667451763266155
1dd33b8119b3cb1056ed5dc88cd0aaf4,8,8,0.0,189.125,26.12679419676283,0.375,2.1972245773362196,5.247681750579457,1,0.2031679757313058
1dfe5347016252a7884b694d4f10f5c4,27,21,0.0,62.72222222222222,8.001681921961586,0.2222222222222222,3.332204510175204,4.154533359233206,1,0.2097083319649074
1e47defeeadeca0e9a18fa5a9311e735,3,3,0.0,78.04,26.530646430119237,1.0,1.3862943611198906,4.369954053439613,1,0.17767831933742523
1e483cc5c76fef08d3ca05f9a8af7d01,11,10,0.0,15.635454545454547,15.94723764260607,0.36363636363636365,2.4849066497880004,2.8115362337412253,1,0.14698865217153317
1e8b33f18b4f7598d87f5cbee2282cc2,140,123,0.0,123.63614285714287,47.50418226077891,0.07857142857142857,4.948759890378168,4.825398635375484,1,0.1690793583553299
1e8c6a4c538f286aee9573239740a4b4,5,5,0.0,71.94,20.536172963821674,0.6,1.791759469228055,4.289637185380534,1,0.20462649963183316
1eade46fba20122dc4aefb379f8c636b,75,58,0.0,48.471599999999995,36.8533493381538,0.16,4.330733340286331,3.90139876755064,1,0.18887126151767247
1f1bb1f0859883505541bdd6606193e5,29,27,0.0,553.1324137931034,428.864986918399,0.1724137931034483,3.4011973816621555,6.317403672254946,1,0.09603136961532721
1f50f920176fa81dab994f9023523100,1931,1404,0.0005178663904712584,55.380222682547895,6.930730134624245,0.017607457276022784,7.566311014772463,4.032118435350886,-1,-0.08428839932174181
1f7fd2a6fcd5a6fa5d8a4dabc72aaae0,3,3,0.0,177.26666666666665,26.681495876772473,1.0,1.3862943611198906,5.183280556559678,1,0.16914861645662466
1f867308a0ce13133a4e639ff4de0c02,13,7,0.0,67.31538461538462,141.3704147384226,0.6923076923076923,2.6390573296152584,4.224134991802922,1,0.14840233566249222
1f9ab4708f3056ede07124aad39a2554,79,78,0.0,172.18645569620253,20.376225351860764,0.05063291139240506,4.382026634673881,5.154368792702181,1,0.17995973516746822
1fbe10c70e30765ed1de86d9f7e98409,6,2,0.0,16.458333333333332,23.050134068060334,1.0,1.9459101490553132,2.859817089574192,1,0.09661180805985936
1fdc574883ef3b33ad41562d93f3a74a,18,18,0.0,236.16666666666666,72.90652310397964,0.16666666666666666,2.9444389791664403,5.468763128861798,1,0.2100955102594509
1fe5540d7c1c37a595fefbacd5570d9e,25,20,0.0,181.50400000000002,10.907959662557746,0.28,3.258096538021482,5.206772090590574,1,0.20309633561804158
2009a095de2a2a41626f6c6d7722678d,12,8,0.0,32.4075,7.858739429238416,0.5833333333333334,2.5649493574615367,3.508780425673079,1,0.17668482567405364
2059c39f76271d4ca3f15b5ffaccc8b8,12,12,0.0,50.40833333333333,10.432757571972806,0.25,2.5649493574615367,3.9398002864275927,1,0.20888109660354903
2063dd1b9f568df1c16741ea7d3e6adb,3,3,0.0,254.36666666666667,73.73011249746524,1.0,1.3862943611198906,5.542700420854666,1,0.14771974661123333
2075d8cd4dd63ff12df0749a5866bb06,3,3,0.0,61.56666666666666,2.357022603955276,1.0,1.3862943611198906,4.1362326549243535,1,0.17302337102115156
2089a6d640999f9b9141ac719b2af596,44,44,0.022727272727272728,200.70045454545453,140.09192882718355,0.06818181818181818,3.8066624897703196,5.3067836985295385,1,0.14526339246112058
20a7efa9721046319bdde5d60b6b5365,6,3,0.0,83.53333333333335,14.236299456748606,1.0,1.9459101490553132,4.4371459338949615,1,0.17234278123282526
20a8b0dc55da94fe74d112082427c84f,7,7,0.0,58.199999999999996,24.65585992358468,0.42857142857142855,2.0794415416798357,4.08092154188996,1,0.20609629343461167
20b54c376b794ed028df09a3cd88e8dc,11,11,0.18181818181818182,122.08636363636364,35.72587177452194,0.2727272727272727,2.4849066497880004,4.812886252370148,1,0.1022102954134036
20cb7c2fde3e5bf10f0bbe7394e1c6a9,51,32,0.0,16.9,0.0,0.19607843137254902,3.9512437185814275,2.884800712846709,1,0.11986746308639312
20d83f3ef0e6925fd74bfd59170babf7,54,40,0.0,53.770370370370365,13.131875689408774,0.25925925925925924,4.007333185232471,4.0031493610581474,1,0.180700502887564
2138ccb85b11a4ec1e37afbd1c8eda1f,429,396,0.009324009324009324,28.804265734265737,18.01154252383436,0.018648018648018648,6.063785208687608,3.394651528712186,1,0.005457647958925449
213b25e6f54661939f11710a6fddb871,194,155,0.0,79.27577319587628,36.52350366926012,0.04639175257731959,5.272999558563747,4.385467871768198,1,0.15467275861720725
213fafb0ca06fb3d5886579c2565791b,3,3,0.0,63.23333333333333,33.24989557210004,1.0,1.3862943611198906,4.1625222867522105,1,0.17268695547201146
2156f2671501a81034d7d07f217609d0,22,22,0.0,135.52272727272728,122.2210439097137,0.13636363636363635,3.1354942159291497,4.9164911009319,1,0.20216787034023898
217f005bb37ff3aeef5b2ae1788e75ba,3,3,0.0,24.99,0.0,1.0,1.3862943611198906,3.2577118486533987,1,0.14624802129986975
218d46b86c1881d022bce9c68a7d4b15,427,388,0.00468384074941452,129.024074941452,76.27192230658005,0.02107728337236534,6.059123195581797,4.867719625167011,1,0.04597986208452243
218f991754f360af9c2daa5e0b8e990c,17,14,0.0,209.07764705882354,14.023392024593406,0.35294117647058826,2.8903717578961645,5.347477210276719,1,0.20304284302374592
2199e7fe213c16213bf5d6a7eadc9a5d,31,25,0.0,131.55774193548388,91.6221986663141,0.25806451612903225,3.4657359027997265,4.8870183386905115,1,0.20228603599499018
21c62b998a043ebe31161d38f84929fc,4,4,0.0,187.6225,27.09423404988598,0.75,1.6094379124341003,5.23974766318971,1,0.1871931296416779
21e83881401b92b49fb09a16d3852291,15,14,0.0,239.20333333333332,114.88242404978911,0.26666666666666666,2.772588722239781,5.481485786874046,1,0.20888731627957557
226b05fe067266c59c15dae208213d06,11,10,0.0,96.08181818181819,29.22271277874041,0.36363636363636365,2.4849066497880004,4.575554109379129,1,0.2200521603801518
228e4c1a0be164f613d41c24345f9d2c,5,5,0.0,107.94000000000001,4.020248748522814,0.6,1.791759469228055,4.690797271955528,1,0.20051290188084414
229c3efbfb0ea2058de4ccdfbc3d784a,148,121,0.0,106.37837837837837,74.88436178945233,0.060810810810810814,5.003946305945459,4.676358843170375,1,0.1671895242428964
22c32ec35d0116ef02c281798a25bf8b,6,4,0.0,19.93,2.72943217538007,0.8333333333333334,1.9459101490553132,3.0411835364579085,1,0.1356515471972467
2305ab43e846518f58dd9d59f3f54e96,3,3,0.0,262.9633333333333,87.74862974555346,1.0,1.3862943611198906,5.575810204611472,1,0.13848226618021586
232a6014e7b10cba61c6c2b2ea6bb4b0,36,33,0.0,108.88527777777779,59.531649494949356,0.16666666666666666,3.6109179126442243,4.699436892270304,1,0.2134099014368952
23613d49c3ac2bd302259e55c06c050c,80,70,0.0,53.6625,45.0816602816489,0.1,4.394449154672439,4.001177916739039,1,0.19523996429438006
236585a4ddb5fea9fa40233e2249ed91,11,11,0.0,59.04818181818182,7.962840765571741,0.2727272727272727,2.4849066497880004,4.095147270268806,1,0.20563765052577782
2379bdc3888025689a9deb7b141507d5,9,9,0.0,111.05555555555556,100.32780838731837,0.3333333333333333,2.302585092994046,4.718994780058047,1,0.20572370738469786
238fac594e170b59c6d228f5a4f4f1d9,30,29,0.0,104.2,21.61696864348309,0.13333333333333333,3.4339872044851463,4.65586330030361,1,0.21239956333058563
23a0ffca143a15b9b5bbdb7d552f626a,24,23,0.0,154.93791666666667,179.88366339987553,0.16666666666666666,3.2188758248682006,5.049457957952956,1,0.19460547528311362
23c38debaffe4a25a30fdbd9b586a13f,46,41,0.0,117.00391304347826,64.63714669224021,0.15217391304347827,3.8501476017100584,4.7707177853012475,1,0.20889284274475134
23ca5f678e0b3ea6c630b30fa8bf51ea,7,6,0.0,26.142857142857142,1.3552618543578905,0.5714285714285714,2.0794415416798357,3.3011139231051727,1,0.1734691760526899
23d7c96d4a1160db1c726b248601b25a,55,53,0.05454545454545454,213.94436363636365,171.7867584140676,0.09090909090909091,4.02535169073515,5.370379220855595,1,0.10599215457451167
23ff42c4bf1f8f16cddb19d8b972974a,3,2,0.0,58.23333333333334,23.570226039551585,1.0,1.3862943611198906,4.081484446492496,1,0.1444063256870548
240b9776d844d37535668549a396af32,36,36,0.0,377.5577777777778,314.28638532494097,0.08333333333333333,3.6109179126442243,5.936368710574614,1,0.11677805238411137
244b04680fdbded0acf5aebd9c92b44a,3,3,0.0,1159.2333333333333,490.4646323187389,1.0,1.3862943611198906,7.056376413297865,-1,-0.021621657138356065
244c2f1bff6afe1f2eaf9bfe9b2aed38,27,23,0.0,95.55555555555556,14.815740711807381,0.25925925925925924,3.332204510175204,4.570118547929173,1,0.21187181604131894
2493dc3f20131696a0ecdb9948051a8d,4,4,0.0,126.095,38.98944761086003,0.75,1.6094379124341003,4.844934838318537,1,0.19227895258046862
249f0e9905a6e06ad6c6bea7547ab9f6,3,3,0.0,115.98333333333333,32.55048216062077,1.0,1.3862943611198906,4.762031474508321,1,0.17297204767646168
2528513dd95219a6013d4d05176e391a,167,161,0.005988023952095809,195.74311377245508,138.24678899760653,0.03592814371257485,5.123963979403259,5.281898886799132,1,0.0972289992047678
2528744c5ef5d955adc318720a94d2e7,5,5,0.0,1249.0,859.6510920134982,0.6,1.791759469228055,7.1308988302963465,-1,-0.019793857135791293
252e76235acb79183cfca6e34f13337d,4,3,0.0,65.3,4.676537180436054,1.0,1.6094379124341003,4.194189897191817,1,0.1717554776798329
253f95b3a0e6983ae18aed49fbc2b845,5,5,0.0,159.9,81.54262688925343,0.6,1.791759469228055,5.080783053998338,1,0.19389418028163613
257e61d3251fb5efb9daadddbc2cf7ca,12,12,0.0,644.0833333333334,470.9910576527848,0.25,2.5649493574615367,6.469379507416713,1,0.09450818359803914
259f7b5e6e482c230e5bfaa670b6bb8f,165,138,0.0,51.672969696969695,20.588881236600486,0.05454545454545454,5.111987788356544,3.9641024149886053,1,0.1496975466662595
25be943a321c8938947bdaabca979a90,5,5,0.0,153.8,17.599999999999955,0.6,1.791759469228055,5.042133961155627,1,0.19805237456286529
25c5c91f63607446a97b143d2d535d31,269,158,0.0,203.26847583643124,142.28601212217703,0.08178438661710037,5.598421958998375,5.319435186620638,1,0.10723559553464124
25cf099de44674fde97473224f9d59ab,50,50,0.0,33.087199999999996,23.61611272330822,0.06,3.9318256327243257,3.5289219472528908,1,0.17561043306257085
25debeafbce801fdd479539350185eee,7,6,0.14285714285714285,43.262857142857136,16.513574255559515,0.5714285714285714,2.0794415416798357,3.7901458861511834,1,0.1102074615374446
25e47381a6c510ddeb36084e33b89f0c,17,16,0.0,75.85882352941178,32.24009303050964,0.23529411764705882,2.8903717578961645,4.341970278350434,1,0.22021161538705047
25e6ffe976bd75618accfe16cefcbd0d,117,108,0.008547008547008548,99.9282905982906,146.73262268895937,0.08547008547008547,4.770684624465665,4.6144102705997705,1,0.1359654970253869
262237171f48e85819065498cac80d7b,10,4,0.0,59.9,0.0,0.9,2.3978952727983707,4.109233174715851,1,0.15532441054715795
2646baaf662d4d92ac48f047e35db92d,18,15,0.0,70.16944444444444,58.2075575917979,0.3333333333333333,2.9444389791664403,4.265063575245086,1,0.21354656275159517
26785a546900236d66f2e4197c211158,15,15,0.0,67.94666666666667,33.02568428090812,0.2,2.772588722239781,4.233333258859911,1,0.21584552795759565
269c5fc9fcadee614364c3620c30a1f9,6,3,0.0,34.93333333333333,7.118208263944578,1.0,1.9459101490553132,3.581665369806787,1,0.1578903227720348
269cff2d3c8d205c11f37a52402ea93b,5,4,0.0,256.318,152.26438485739206,0.8,1.791759469228055,5.550312674089152,1,0.1537937005453508
26af45f5dfd967225a832838aa4e24a3,11,10,0.0,52.1,16.94692248811511,0.36363636363636365,2.4849066497880004,3.9721769282478934,1,0.20965052487945401
26b482dccfa29bd2e40703ba45523702,4,3,0.0,86.195,37.94439385469217,1.0,1.6094379124341003,4.468146989821424,1,0.17173723807620672
26bad72add1f86e08a776ce4ffdaf1ca,7,7,0.0,88.85714285714286,67.6576013497978,0.42857142857142855,2.0794415416798357,4.4982211076451275,1,0.21131653938415074
26d6bbee02420494d471c9f6436929c0,13,12,0.0,33.423846153846156,19.16273528671308,0.3076923076923077,2.6390573296152584,3.538749526372412,1,0.19644884365209397
26d8a1c7c75d513045798992ead43aa2,38,36,0.0,216.9505263157895,323.7217555161529,0.13157894736842105,3.6635616461296463,5.384268093527962,1,0.13631208928081734
26e13b6ff5b641b329e5524241ee2c93,4,4,0.0,29.924999999999997,0.04330127019100726,0.75,1.6094379124341003,3.4315649182785517,1,0.17257888701986357
26e2c91ef821e1ff8985f408788fe35b,14,12,0.0,117.81428571428572,59.01909929533533,0.35714285714285715,2.70805020110221,4.7775616498193285,1,0.21997169822047236
270297ead4c65a6cd2593960d2af6b21,20,18,0.05,471.12,412.4399125933377,0.25,3.044522437723423,6.157233190560868,1,0.06720882033283737
2709af9587499e95e803a6498a5a56e9,47,26,0.0,27.22468085106383,39.68528216660207,0.5106382978723404,3.871201010907891,3.34019680265785,1,0.12238114393092803
270d3ef21830ad0ecf3a6c53d08a533a,18,6,0.0,28.27777777777778,6.29643246040129,0.7777777777777778,2.9444389791664403,3.3768287906451975,1,0.14471894802164292
271c58a1d139c45eaf3316107c6d3a3b,29,29,0.0,134.39724137931034,24.74058830406816,0.10344827586206896,3.4011973816621555,4.9082129864102875,1,0.20617025017851143
272f092de69afedd4d2969440b37f18f,40,26,0.025,48.383250000000004,37.642436981915765,0.25,3.713572066704308,3.899611297871134,1,0.16725554437541562
2745f798279e0ed033addcc1474776d7,32,32,0.0,114.6415625,41.88979336525298,0.09375,3.4965075614664802,4.750495428817499,1,0.21046550438985318
276677b5d08786d5dce7c2149dcce48b,47,33,0.0,74.93617021276596,77.82758200986936,0.2127659574468085,3.871201010907891,4.329893121780102,1,0.19433831701138998
27a56ff04b34c2ba34ce6ba4d3b9d616,8,8,0.0,43.661249999999995,10.40499932424314,0.375,2.1972245773362196,3.799106235272447,1,0.1999949142726561
282c7480173bb9c01dd41cc739fec010,8,5,0.0,534.275,363.7430196924747,0.75,2.1972245773362196,6.282780633525241,1,0.07402505527309788
282f23a9769b2690c5dda22e316f9941,110,99,0.0,59.13709090909091,59.481163058651745,0.09090909090909091,4.709530201312334,4.09662680440989,1,0.17173748762848612
28405831a29823802aa22c084cfd0649,7,7,0.0,35.0,0.0,0.42857142857142855,2.0794415416798357,3.58351893845611,1,0.183650938610674
289cdb325fb7e7f891c38608bf9e0962,126,110,0.0,107.49960317460318,28.48610082687204,0.07936507936507936,4.844187086458591,4.686746515596897,1,0.1725534548494932
28c7d8743fbc8679f484868cc0fcaefb,3,3,0.0,67.16666666666667,11.242281302693359,1.0,1.3862943611198906,4.221955686814747,1,0.17812062201630557
28ea411b354f14b1a494be4e79f0ce02,6,6,0.0,136.66666666666666,20.74983266331462,0.5,1.9459101490553132,4.924835304292923,1,0.1994493737961474
28f10b1c5e5abb9d4857745bede6147c,28,28,0.0,29.821428571428573,26.04673488096317,0.10714285714285714,3.367295829986474,3.428210180908224,1,0.17898109244846272
28fb0829fd777877cdc350d25cb5bd5b,4,4,0.0,124.9,25.98076211353316,0.75,1.6094379124341003,4.835487941050301,1,0.19386157952751149
293dee954235e4e4e43f129313625ebe,8,8,0.0,222.365,140.61377732996155,0.375,2.1972245773362196,5.408807204710278,1,0.19327845011305622
2953ce3a88f5e3c3b696d77fc9e4c8eb,15,14,0.0,31.333333333333332,7.189498514422893,0.26666666666666666,2.772588722239781,3.476098689835273,1,0.19307948102176986
297d5eccd19fa9a83b2630071ff105e4,8,8,0.0,104.37125,8.225248381507926,0.375,2.1972245773362196,4.657489828500168,1,0.2090950755118659
29e6e05b65f93bc224c644319dc52ecf,4,4,0.0,118.9,13.47219358530748,0.75,1.6094379124341003,4.786658062033468,1,0.19263182907311327
29fe9f200d3fa0c668d2aa1ec7e08dfb,5,5,0.0,80.0,0.0,0.6,1.791759469228055,4.394449154672439,1,0.19729670787950349
2a1348e9addc1af5aaa619b1a3679d6b,55,52,0.01818181818181818,51.69090909090909,50.46671368419629,0.10909090909090909,4.02535169073515,3.964442937648157,1,0.1644530776094006
2a167ca73899c85001a837d8fb4962f6,3,2,0.0,1365.6666666666667,377.1236166328251,1.0,1.3862943611198906,7.22012996402429,-1,-0.015181103376614158
2a261b5b644fa05f4f2700eb93544f2c,82,51,0.0,65.3048780487805,35.02914780174982,0.18292682926829268,4.418840607796598,4.194263469881668,1,0.18977314344077345
2a5b78b41cd05baeac8df54c6606b92c,60,49,0.0,317.08933333333334,320.3404464153029,0.15,4.110873864173311,5.762332265760724,1,0.10838811330815412
2a61c271b1ac763450d846849783e922,23,18,0.043478260869565216,65.94608695652174,29.830736809558243,0.34782608695652173,3.1780538303479458,4.203887623177719,1,0.16839174811125524
2a6fbeaa7ab9e5d59a35841a8da71ce4,30,30,0.0,54.42633333333333,28.115267084312432,0.1,3.4339872044851463,4.015054811745873,1,0.20391853739588994
2a7c6c0b0d5efde2bf75ec1e1cec2d41,3,3,0.0,49.199999999999996,8.17598108282222,1.0,1.3862943611198906,3.9160150266976834,1,0.1714227048552136
2a7dc43cecabf23403078e2188437d1d,54,52,0.0,88.81314814814814,90.8288597843152,0.09259259259259259,4.007333185232471,4.497731380494046,1,0.20226873805503787
2a84855fd20af891be03bc5924d2b453,168,164,0.017857142857142856,94.16130952380952,75.16936664372317,0.03571428571428571,5.1298987149230735,4.555573446624324,1,0.10208065697948365
2aa3443d7bf9d9bb11133f420d75e083,10,10,0.0,64.7,24.721650430341434,0.3,2.3978952727983707,4.185098925490565,1,0.2102664309138476
2addf05f476d0637864454e93ba673d5,12,12,0.0,379.3333333333333,305.52450347267114,0.25,2.5649493574615367,5.941048061193966,1,0.14346865610264697
2b03ac196f5ed62ac483960fe0fa3b65,7,7,0.0,120.44285714285715,34.891130970608565,0.42857142857142855,2.0794415416798357,4.799443840568,1,0.212008380136384
2b1a40c1daabc6ca280c4b815c101841,35,23,0.05714285714285714,363.78857142857146,124.3264003027712,0.2,3.58351893845611,5.899317929388633,1,0.10777149461507057
2b2fed75b8e5ea3a052fc4c0825da485,4,3,0.0,127.725,58.63170537345816,1.0,1.6094379124341003,4.857678345932205,1,0.16232116069972136
2b3b9ce054da76a7428df143a567b156,6,5,0.0,50.166666666666664,19.7856569823249,0.6666666666666666,1.9459101490553132,3.9350882783591423,1,0.1914970027402828
2b3e4a2a3ea8e01938cabda2a3e5cc79,54,52,0.0,437.57685185185187,457.26446326202887,0.09259259259259259,4.007333185232471,6.083535057235455,1,0.07811054434748688
2b5ed0c9139dae8883a200dfcb272ece,4,4,0.0,21.3525,1.104182389825151,0.75,1.6094379124341003,3.106938171627336,1,0.14532055758881357
2ba91c7ad80ff88b23b7db823b43c233,6,6,0.0,123.39999999999999,49.04232865596822,0.5,1.9459101490553132,4.823502180305079,1,0.20330581030483613
2bd05d410a8fd26dc4184a15f4f2f588,7,6,0.0,188.1042857142857,348.4321204177013,0.5714285714285714,2.0794415416798357,5.242298639153154,1,0.12134583925061382
2be17df1c49978426251562096c3cc09,16,16,0.0,135.3125,21.57651718303951,0.1875,2.833213344056216,4.914950043961848,1,0.2196314938986565
2bf28e311bba65237358230cabac3f15,8,7,0.0,36.75,5.018714974971183,0.5,2.1972245773362196,3.6309854756950335,1,0.19219557871295034
2bf6a2c1e71bbd29a4ad64e6d3c3629f,31,30,0.0,1633.1903225806452,647.1317507351753,0.12903225806451613,3.4657359027997265,7.398902745124632,-1,-0.002216178849382744
2c3d56f92f360fb89d849b84e8f50eae,8,8,0.125,58.2,35.50623184738138,0.375,2.1972245773362196,4.0809215418899605,1,0.11805461038727588
2c43fb513632d29b3b58df74816f1b06,3,3,0.0,286.0,267.2961403886458,1.0,1.3862943611198906,5.659482215759621,1,0.08369671252482846
2c4c47cb51acd5ea5db5e0ae0e26542a,15,12,0.0,171.72666666666666,31.304200712080558,0.4,2.772588722239781,5.1517103835780755,1,0.20789856195364204
2c9e548be18521d1c43cde1c582c6de8,174,126,0.0,35.111724137931034,29.676047724075413,0.08045977011494253,5.1647859739235145,3.586617580976746,1,0.13614446086309945
2cb6eb1b7185064167657fa09f541105,7,6,0.0,173.9857142857143,110.18430570861621,0.5714285714285714,2.0794415416798357,5.164704337938327,1,0.19099835776416596
2d22fc3089eb907b29ebff50581fb472,3,3,0.0,105.90000000000002,7.874007874011696,1.0,1.3862943611198906,4.671893818031,1,0.17496492371654215
2d2322d842118867781fc737e96d59a1,10,8,0.0,17.64,6.855392038388468,0.5,2.3978952727983707,2.925309809257445,1,0.14902882028942493
2d2c62bef4c8ba0dd74e0e228e808539,16,16,0.0,234.3125,83.11867927096773,0.1875,2.833213344056216,5.460914417994212,1,0.2104128959862651
2d42ebcda99fd55f6f4bc2f1ca035d50,11,10,0.0,83.77272727272727,15.455748616267575,0.36363636363636365,2.4849066497880004,4.4399738787196,1,0.21616034279352814
2d50d6282f8aa2257819a77bfaa0efe0,45,44,0.0,74.52177777777777,49.14612200317149,0.08888888888888889,3.828641396489095,4.324421062049814,1,0.20828192098870468
2d518637f53161b973e01f56ea4bb88e,13,13,0.0,93.8376923076923,9.638618759844896,0.23076923076923078,2.6390573296152584,4.552166928422172,1,0.21360374774999347
2dcf93836ae3ce0d7c93e2f10876467a,12,9,0.0,120.31666666666666,78.06136297099154,0.5,2.5649493574615367,4.798404206896157,1,0.20494542813879846
2dd1fb6f0e42a2243b8a01e40cd41216,5,4,0.0,169.178,40.533521139915806,0.8,1.791759469228055,5.136844948090042,1,0.18185208414928794
2dee2ce60de9709b1a24083217181a1f,55,54,0.0,141.53636363636363,33.24655204890426,0.07272727272727272,4.02535169073515,4.959597150568034,1,0.1982792363207937
2e0dba2da448400b1c11d7b4b22f32a4,13,7,0.0,18.143846153846155,4.455699096423567,0.6923076923076923,2.6390573296152584,2.951981314314178,1,0.12381080135732697
2e13c71026e1a39ba5cc1b86dcb679aa,28,24,0.0,135.46428571428572,77.53224312819663,0.25,3.367295829986474,4.916062937271696,1,0.20922817343489597
2e1a7d075abe038c1b2743005fe42ff1,23,19,0.043478260869565216,60.72608695652174,22.43377146356348,0.30434782608695654,3.1780538303479458,4.122706644740378,1,0.1678612064501142
2e1c9f22be269ef4643f826c9e650a52,173,167,0.005780346820809248,73.33919075144509,83.66319083039537,0.03468208092485549,5.159055299214529,4.308638279034299,1,0.11877426365888871
2e3be8a987a30d7544dbbda6861cc14e,19,18,0.15789473684210525,233.2021052631579,192.5546710493835,0.21052631578947367,2.995732273553991,5.456184440291267,1,0.06816370056580223
2e7ea2aafec5835e781b21d6d1faf1f1,7,7,0.0,75.48571428571428,31.092967903711354,0.42857142857142855,2.0794415416798357,4.337103982030939,1,0.21317867203090818
2e90cb1677d35cfe24eef47d441b7c87,137,127,0.0,101.42124087591242,36.35713649852854,0.058394160583941604,4.927253685157205,4.629094121523523,1,0.17090052415948298
2ea0861cc19e94cad86438c984c52da4,6,6,0.0,27.599999999999998,12.871285872048684,0.5,1.9459101490553132,3.353406717825807,1,0.1754600743253883
2eb70248d66e0e3ef83659f71b244378,212,202,0.0,201.07834905660377,180.85795597705652,0.0330188679245283,5.3612921657094255,5.3086554888172435,1,0.0852409412091567
2ee0a0689f2f6a72f35a7cb6033f6e7e,4,4,0.0,68.0,0.19999999999990906,0.75,1.6094379124341003,4.23410650459726,1,0.1896348886702801
2eeb6531ee027a48d401e72bebdd87d3,3,3,0.0,12.9,4.242640687119282,1.0,1.3862943611198906,2.631888840136646,1,0.10517228323936562
2f09f7d37a97956d11cc1a7cadd5262b,12,11,0.08333333333333333,167.08333333333334,158.09356846149333,0.3333333333333333,2.5649493574615367,5.124459888166212,1,0.13518943705008474
2f4b0d3b9634b647d4edee577d7ebb7e,11,10,0.0,30.718181818181815,8.870975982158516,0.36363636363636365,2.4849066497880004,3.456890075394358,1,0.19312048878697108
2f4b9d112bfa44a214bc6cef085d17c8,6,5,0.0,48.998333333333335,36.083962465647005,0.6666666666666666,1.9459101490553132,3.911989671539245,1,0.18807382013357854
2f73e04d12cdf0c945ded66bb3fcf6c7,3,3,0.0,453.0,118.34131428485429,1.0,1.3862943611198906,6.118097198041348,1,0.1127115745685684
2f74af7a0ee5636f12c2336f9fffed47,13,13,0.0,43.130769230769225,11.287527808323176,0.23076923076923078,2.6390573296152584,3.7871572541462886,1,0.20581201067114768
2fa13c8bd5705d279f7ed5cc9ec61c68,4,2,0.0,21.85,2.8578838324886306,1.0,1.6094379124341003,3.128951117340214,1,0.11610181533004094
2fb25ab44bdbeae6a4d816e0d0c9d500,5,5,0.0,136.616,125.32166047415747,0.6,1.791759469228055,4.924467197809124,1,0.18624760386496397
2fdde51ad3e12f297da656d4fbd5d0b5,10,10,0.1,625.2,437.61828115379274,0.3,2.3978952727983707,6.4396698088923054,1,0.03822987548262746
2ff6b7bff164ef05590a52734e1296da,7,7,0.0,257.6557142857143,163.16580978143872,0.42857142857142855,2.0794415416798357,5.555497888939735,1,0.18057226798848813
2ff97219cb8622eaf3cd89b7d9c09824,96,89,0.010416666666666666,46.634375,32.58749066016041,0.07291666666666667,4.574710978503383,3.863554664468069,1,0.15722724427165274
3076499bbc033a927bf4a8a41bcf7fd4,9,7,0.0,39.925555555555555,12.112095984419977,0.5555555555555556,2.302585092994046,3.711754698132819,1,0.1997017532181497
3078096983cf766a32a06257648502d1,64,59,0.03125,129.4596875,102.35556630211835,0.125,4.174387269895637,4.871064270994853,1,0.15385287267359943
30829ded4523ab9224b93bc49a62c95f,31,18,0.0,222.9583870967742,152.80283515983078,0.3548387096774194,3.4657359027997265,5.411460262707904,1,0.17264091361479855
3092c0b297aacfb4bb6e056ebe13b9b8,21,19,0.0,77.32857142857144,60.047260298765956,0.23809523809523808,3.091042453358316,4.36091243335469,1,0.21835917504293062
30a2f535bb48308f991d0b9ad4a8c4bb,87,71,0.0,54.38275862068966,8.64479388739424,0.09195402298850575,4.477336814478207,4.014268329082378,1,0.1830290164538912
30a81d8cf85fb2ada1b1b094c9583a95,20,17,0.0,62.271,30.266385628284052,0.3,3.044522437723423,4.147427088312854,1,0.21684542324202538
30c7f28fd3a5897b2c82d152bb760c17,7,7,0.0,311.18142857142857,250.15918528743546,0.42857142857142855,2.0794415416798357,5.743584520634309,1,0.14583386363554496
312ba1d77e9c332ef21f9598b7f64cd7,10,9,0.3,75.6,19.38659330568424,0.4,2.3978952727983707,4.338597076746545,1,0.06411751508887031
31344c16881c08a8a72c6d2eb29918c1,43,43,0.0,223.62093023255815,50.16360469846606,0.06976744186046512,3.784189633918261,5.414414226887539,1,0.19036715868392579
31561f325664a8a7aba4c8d0c3a9b3db,38,36,0.0,71.11026315789474,77.95344074263149,0.13157894736842105,3.6635616461296463,4.278196380317304,1,0.20660841111127037
318f287a62ab7ac10b703ac37435a231,62,52,0.0,40.604516129032255,22.094632589884764,0.16129032258064516,4.143134726391533,3.7282087221689655,1,0.18619151840270548
31ae0774c17fabd06ff707cc5bde005f,11,11,0.0,610.8954545454545,234.4575911008074,0.2727272727272727,2.4849066497880004,6.416561442013799,1,0.14083539311436793
31be790e64fc99f8ff48ec2bd18a3104,6,6,0.0,40.23333333333333,8.399735445569467,0.5,1.9459101490553132,3.7192469907303325,1,0.18903936140735256
31da954dc0855f2495c6310f70a2f931,30,29,0.0,152.76666666666668,119.88930542611193,0.13333333333333333,3.4339872044851463,5.035436301895666,1,0.2056117613085519
31eec405c9bb71dec8e2629a92e764fa,5,5,0.0,51.378,20.39870427257575,0.6,1.791759469228055,3.9584866558381857,1,0.2008077015403436
323ce52b5b81df2cd804b017b7f09aa7,30,30,0.0,85.14000000000001,43.06726986161685,0.1,3.4339872044851463,4.455973879625964,1,0.21027210382221695
324583d68897f5ddbaf38f6248322176,3,2,0.0,28.0,0.0,1.0,1.3862943611198906,3.367295829986474,1,0.1300882175684288
325f3178fb58e2a9778334621eecdbf9,46,36,0.0,21.341304347826085,7.429833402279846,0.17391304347826086,3.8501476017100584,3.1064371781419324,1,0.14974158046872166
327b89b872c14d1c0be7235ef4871685,3,3,0.0,392.3333333333333,393.6227748605114,1.0,1.3862943611198906,5.974657428791601,1,0.04733054899281974
32b8764b4ef628b53608fc34011fcc13,38,36,0.0,233.78947368421052,79.91777283879017,0.13157894736842105,3.6635616461296463,5.458689255961824,1,0.19884146237966877
32f1bb9dfa65bc7df5c0d9d95a616be4,6,5,0.0,46.065,28.868716488037137,0.6666666666666666,1.9459101490553132,3.8515296249991837,1,0.1903262874165303
32fdd5d44ecb43dfd6a24b9369eca144,8,8,0.0,59.9,0.0,0.375,2.1972245773362196,4.109233174715851,1,0.19192575499612324
3340ef1913fb70d28420f6ceb685c339,42,32,0.0,160.2654761904762,57.7717329628872,0.19047619047619047,3.7612001156935624,5.08305192744549,1,0.2084024737193949
334cab711dee080b079fa5779b584783,26,11,0.0,41.142307692307696,17.686700198322043,0.5769230769230769,3.295836866004329,3.7410521693898655,1,0.1661257117291109
33576ec5412fb5905d876f12f33bfde6,32,31,0.0,84.9375,4.911323014219285,0.125,3.4965075614664802,4.453620287860891,1,0.20415297811123106
3361277dc30b7cccdb0c286b24219756,42,29,0.0,92.97738095238095,93.9141708983343,0.30952380952380953,3.7612001156935624,4.543054125148242,1,0.18523297803705657
3364a91ec4d56c98e44174de954b94f6,6,6,0.0,596.6566666666666,452.27818381561985,0.5,1.9459101490553132,6.393016453062523,1,0.07668314713082391
33a17d60c64393351ebf1ef860f4e0f2,47,43,0.0,173.45702127659575,54.262299082931406,0.1276595744680851,3.871201010907891,5.161678414897347,1,0.20729590881823656
33a6f4b1e7cdc205511e76ba1b6e0186,126,105,0.0,81.70642857142857,17.202826155056233,0.06349206349206349,4.844187086458591,4.415297332641295,1,0.17298636920050692
33ab10be054370c254ddfcf0a6253422,4,4,0.0,53.3,5.0134818240420715,0.75,1.6094379124341003,3.9945242269398897,1,0.19104249052500177
33ac3e28642ab8bda860a2f693000e78,35,34,0.0,104.60085714285715,26.332405714136286,0.11428571428571428,3.58351893845611,4.659666488122336,1,0.21031079876277975
33c51922b6e3c16b24a8f28e5833c99d,20,18,0.0,332.8935,215.24675494127666,0.25,3.044522437723423,5.810822079853867,1,0.16868305378443238
33cbbec1e7e1044aaf11d152172c776f,16,15,0.0,45.666875,19.64434865258646,0.25,2.833213344056216,3.843034598216944,1,0.2114886850456602
33cbda8716511e27e556dff9d8418bf2,6,5,0.0,84.56666666666668,56.39050353462796,0.6666666666666666,1.9459101490553132,4.449295799208985,1,0.19484782619721408
33d677f27a69b84051204ee4ae76eaca,10,9,0.0,16.5,1.9595917942265362,0.4,2.3978952727983707,2.8622008809294686,1,0.1438918171827745
33dd941c27854f7625b968cc6195a552,5,5,0.0,1357.5,40.0,0.6,1.791759469228055,7.214136428866403,1,0.11057084853991939
34056b8b55c1775a22af2331670a799c,78,78,0.0,82.76153846153845,45.390319285202494,0.038461538461538464,4.3694478524670215,4.427973933890478,1,0.18402209613697462
340636a908b13bbe0f4fb63fbe1d0c03,6,5,0.3333333333333333,137.20000000000002,34.19229932796756,0.6666666666666666,1.9459101490553132,4.92870191133357,1,0.04815134625240891
343e716476e3748b069f980efbaa294e,24,17,0.0,38.44166666666666,7.047334996688866,0.375,3.2188758248682006,3.674822787124202,1,0.19105207380060085
3442f8959a84dea7ee197c632cb2df15,3,3,0.0,72.9,43.949744026558335,1.0,1.3862943611198906,4.302712827954156,1,0.16929873038875148
3481aa57cd91f9f9d3fa1fa12d9a3bf7,25,25,0.0,70.9212,15.652810947558272,0.12,3.258096538021482,4.275571075229952,1,0.2084138992529791
3492e68f37fd1df87f4f2f2ea247f445,9,8,0.0,87.54,104.05345805562318,0.4444444444444444,2.302585092994046,4.483454427303995,1,0.198555848589553
34a557286ead8fe75c989e0afcf7d98c,4,4,0.0,103.725,46.966763514212914,0.75,1.6094379124341003,4.6513378668330985,1,0.19063511381641585
34d1ca11b242c0fee2c834ae8d788566,41,40,0.0,327.3717073170732,185.0834717410477,0.0975609756097561,3.7376696182833684,5.794146220751999,1,0.16253959554832637
34f563c82a85b99ae9e6d60db5fc2e28,8,8,0.0,291.5375,256.34921463454884,0.375,2.1972245773362196,5.678592863582542,1,0.14675427013054515
3504c0cb71d7fa48d967e0e4c94d59d9,53,53,0.0,44.338490566037734,13.327422488029693,0.05660377358490566,3.9889840465642745,3.814156353083608,1,0.18291076171809678
353e21e8bf8de2722b4fae1636664b76,4,4,0.0,52.0,15.921683328090658,0.75,1.6094379124341003,3.970291913552122,1,0.19206720391747478
35857757f553273b1056c1cabdace7fb,6,6,0.0,75.76666666666667,22.841896204611,0.5,1.9459101490553132,4.340770518158529,1,0.20117725829104044
3586b8580d9c917874e053a1bb37b5ff,43,36,0.0,35.45813953488372,7.418714003713991,0.18604651162790697,3.784189633918261,3.5961647403809227,1,0.18744962788414132
35ef5aa32949680f627efec3c23e705c,5,4,0.0,72.32000000000001,83.47997125059399,0.8,1.791759469228055,4.294833422971505,1,0.17322007183225624
35fb511489d9ee3ee27a76debce9df06,7,7,0.0,59.214285714285715,56.801570113395094,0.42857142857142855,2.0794415416798357,4.097909628386597,1,0.20269436800188617
365e445f796710c3431557e85caa25db,5,4,0.0,223.0,83.54878814201916,0.8,1.791759469228055,5.4116460518550396,1,0.17151511903340755
365e4bce19bda0082c3d15d83fdb8bcd,7,6,0.0,113.77142857142857,103.76890140094567,0.5714285714285714,2.0794415416798357,4.742942572869868,1,0.1940958027729658
36890be00bbfc1cdb9a4a38a6af05a69,13,13,0.0,104.71538461538461,57.62823621687079,0.23076923076923078,2.6390573296152584,4.660750432099269,1,0.21963505828000723
36a968b544695394e4e9d7572688598f,162,154,0.006172839506172839,58.53623456790124,140.01112368072774,0.04938271604938271,5.093750200806762,4.086585111530347,1,0.09864988459045776
373ee4a3a775a733770ca3f790b8b9ac,22,13,0.0,97.34045454545453,177.5400359836229,0.45454545454545453,3.1354942159291497,4.588435484155891,1,0.16302420789517352
37515688008a7a40ac93e3b2e4ab203f,240,228,0.0,24.944166666666668,11.473609544176677,0.025,5.484796933490655,3.2559467930773005,1,0.07052432055370106
376a891762bbdecbc02b4b6adec3fdda,58,57,0.0,110.45224137931034,92.80228653624614,0.06896551724137931,4.07753744390572,4.713596170704667,1,0.19557499239175474
3771c85bac139d2344864ede5d9341e3,30,26,0.0,47.776666666666664,28.822337209571035,0.23333333333333334,3.4339872044851463,3.887252056436225,1,0.20537147914442183
3785b653b1b82de85ab47dd139938091,24,21,0.0,64.66666666666667,12.29588910526148,0.25,3.2188758248682006,4.1845914400698785,1,0.21448931906946545
37be5a7c751166fbc5f8ccba4119e043,281,272,0.0,196.97704626334522,23.185448056824818,0.021352313167259787,5.641907070938114,5.288151096011466,1,0.07378653115698086
37ceb404da208418c9032f0674e57804,3,1,1.0,68.31,0.0,1.0,1.3862943611198906,4.238589195929893,-1,-0.060153872863245916
37dd29b36c458d82f74a953c40c43645,8,7,0.0,567.12375,164.6219426396053,0.5,2.1972245773362196,6.342339264709301,1,0.1435089789089844
38102b031c2a15e54623d711bfc753d3,11,9,0.0,41.54545454545455,6.372720788480692,0.45454545454545453,2.4849066497880004,3.7505730231192764,1,0.19287384617414977
381c83fdca332ea6afd896da20bf6e4a,46,46,0.0,159.90869565217392,157.47826879216362,0.06521739130434782,3.8501476017100584,5.080837096367568,1,0.17914756702199192
382229d1e840115ffe3dbf5ff460e417,49,46,0.0,83.61142857142858,83.21504217927165,0.12244897959183673,3.912023005428146,4.438069346985205,1,0.2029426403647429
385799a1cddbd26dfeb9157356a42282,7,5,0.14285714285714285,90.56142857142856,3.499271061118948,0.7142857142857143,2.0794415416798357,4.517010097533951,1,0.1102788032209237
38874e327ce94d11390b96eb42d61928,6,6,0.0,629.99,226.12680808195515,0.5,1.9459101490553132,6.4472900145550955,1,0.12112496524831234
38af8acfd46ac4a7bf754e8ca6736664,5,5,0.0,69.0,15.491933384829668,0.6,1.791759469228055,4.248495242049359,1,0.2037605623968693
38e679b9e0064cd94c6f035707344dae,30,28,0.06666666666666667,123.15033333333332,68.29854036914375,0.16666666666666666,3.4339872044851463,4.821493196874722,1,0.14834651959260553
38e6dada03429a47197d5d584d793b41,12,7,0.0,49.678333333333335,69.95244728067458,0.6666666666666666,2.5649493574615367,3.9254984688295695,1,0.16819015405929294
3903c788ded8dc03b5ebab37a2f3e9a1,5,5,0.0,23.996,13.356946657076985,0.6,1.791759469228055,3.218715812066835,1,0.1699076307440227
391fc6631aebcf3004804e51b40bcf1e,613,526,0.0,65.17446982055465,59.078145656521755,0.01794453507340946,6.419994928147142,4.192294736302523,1,0.024079294186109657
392353362d22cc2c236e1ee81ff19890,10,5,0.0,28.869999999999997,9.104394543296117,0.7,2.3978952727983707,3.396854632228018,1,0.16698006700865242
392e0502231ae2f8b29994ef6398cd77,20,20,0.05,93.58500000000001,51.64401490008303,0.15,3.044522437723423,4.549498901117627,1,0.16434315898203256
3935fe5fe0f82787a9dcb8deb62be09d,17,16,0.0,98.92294117647059,25.050701707843697,0.23529411764705882,2.8903717578961645,4.604399300697068,1,0.21948883928334206
3968920b9aa752ab98f7d5888c9252f2,10,8,0.0,52.33,12.307237707950556,0.5,2.3978952727983707,3.9764990246125107,1,0.2037188668866774
3969863bb8af7f72580b3b1ffd3a17b3,13,12,0.0,47.934615384615384,5.975880514952905,0.3076923076923077,2.6390573296152584,3.8904850271271725,1,0.20695590419731352
397c4d0c005b6f41f90098ac724e28cb,5,5,0.0,1635.4,245.2497502547147,0.6,1.791759469228055,7.400253986055244,1,0.06155767140349855
3985a3c45be355a4c57fde108bfabd1c,8,7,0.0,43.025,15.19405722642903,0.5,2.1972245773362196,3.7847576543822696,1,0.20076262692318297
39a5005f2605cbdb4f9ac14485cabfd1,8,3,0.0,62.63375,35.79233086063969,1.0,2.1972245773362196,4.1531439899730085,1,0.16002171509793467
39c763cca83e654764b7a4a650fb9b7c,11,11,0.0,69.18181818181819,19.450721799264823,0.2727272727272727,2.4849066497880004,4.251089277226406,1,0.21353544871284302
39d54ff918774174706fb065d7f9dc07,25,23,0.04,63.743599999999994,52.72350389570102,0.2,3.258096538021482,4.170434853995642,1,0.1630631131337435
39d61be7a92eb77b7da367bd4845bc0e,14,7,0.0,50.042142857142856,2.0147001853214714,0.5714285714285714,2.70805020110221,3.932651622033427,1,0.19649351078684218
39f776d2974049026ff531fc42ef2a3e,4,3,0.0,271.01,305.41251889862014,1.0,1.6094379124341003,5.605838830326074,1,0.08007041467161402
3a1a1fec38dd360f15fc912e821e169d,15,15,0.0,133.82533333333333,111.02716015262011,0.2,2.772588722239781,4.903980113560923,1,0.21200442301529088
3a3e46d10f74d8a6ca76e2b538f106a0,6,3,0.16666666666666666,55.81666666666666,13.063998452064967,1.0,1.9459101490553132,4.039829709915803,1,0.08967898494617271
3a4127e1ba7208ea37044c5092aae170,6,6,0.16666666666666666,369.93333333333334,33.793523376857124,0.5,1.9459101490553132,5.916022351941123,1,0.0720769531573171
3a490ba60afa30ece0e7d50cfe74a4f0,8,8,0.0,191.15,3.307189138830738,0.375,2.1972245773362196,5.258276317010853,1,0.19432934601291574
3a734b715d333a2588a3d54a0c9b8746,24,18,0.0,102.64666666666666,61.43469233439868,0.375,3.2188758248682006,4.6409876788534845,1,0.2065202218502709
3ab971ce71839580d2ae5b4e40fe8044,38,36,0.0,131.65526315789475,37.36586323714549,0.13157894736842105,3.6635616461296463,4.88775375682562,1,0.21049854614297114
3ade81dab5a172b88e1871c28ae05260,32,30,0.0,179.7375,9.965307007312862,0.15625,3.4965075614664802,5.197045702354245,1,0.2035633428603859
3afc536624bc2e65bddfb5db33cc01f3,6,6,0.0,52.0,0.0,0.5,1.9459101490553132,3.970291913552122,1,0.1850852282827643
3b15288545f8928d3e65a8f949a28291,121,104,0.0,116.21314049586776,39.18160464048664,0.09917355371900827,4.804021044733257,4.763993991129814,1,0.17399792594994334
3b872fd4747f01cc56206f2934198618,27,25,0.0,100.99037037037039,27.745182495609498,0.18518518518518517,3.332204510175204,4.624878400693919,1,0.21492942291930606
3bb32fedaa74e4ad20f4ce067733bd31,3,2,0.0,34.56666666666666,15.084944665313017,1.0,1.3862943611198906,3.571408869639598,1,0.1383957001109019
3bb548e3cb7f70f28e3f11ee9dce0e59,53,46,0.0,145.09471698113208,101.07279765060379,0.1509433962264151,3.9889840465642745,4.984255157809439,1,0.20420858338761883
3bdff180c7e1f6551a643b99c265a120,61,59,0.0,51.06393442622951,39.38093918897233,0.08196721311475409,4.127134385045092,3.9524724715519204,1,0.19439467198029958
3be5841cdcc46de4ed3f9116f104b2c5,4,4,0.0,149.9,0.0,0.75,1.6094379124341003,5.016617365773803,1,0.1842189933274596
3be634553519fb6536a03e1358e9fdc7,99,83,0.0,54.2520202020202,34.384136346321405,0.10101010101010101,4.605170185988092,4.011904904471836,1,0.18441605614197615
3bfad056cf05c00dabe2f895925d83b1,5,1,0.0,41.33,0.0,1.0,1.791759469228055,3.745496054532832,1,0.12794187726398737
3bfba5a77604f6dfae7e6dd7aaf65821,4,4,0.0,523.875,495.1381644298893,0.75,1.6094379124341003,6.263160139004357,1,0.04326131830998381
3c010235b7345c92f125d14ee232a76b,15,15,0.0,238.53333333333333,44.84769286770008,0.2,2.772588722239781,5.4786925860113085,1,0.21174850282677204
3c03b12bab54d8b37d79d914bfdb1aa0,43,37,0.0,98.51953488372094,97.61279002532326,0.16279069767441862,3.784189633918261,4.600353955383897,1,0.20078916149134068
3c3017960b2dbd72711a61f0400aab8f,10,10,0.0,96.88000000000001,24.422972792025117,0.3,2.3978952727983707,4.583742238574471,1,0.21400243928625073
3c487ae8f8d7542beff5788e2e0aea83,33,30,0.0,284.4151515151515,91.70245732543113,0.18181818181818182,3.5263605246161616,5.6539447923341815,1,0.18782533740932705
3c4e0452bff7a2a788179488d3d77032,36,32,0.0,104.06666666666666,49.75188438642301,0.19444444444444445,3.6109179126442243,4.654595069315614,1,0.21432662027202204
3c7c4a49ec3c6550809089c6a2ca9370,160,141,0.0,25.210250000000002,28.639196238503274,0.05625,5.081404364984463,3.2661505556339687,1,0.11388543421514663
3ca08eeb8d5595949fed424bd3677742,14,14,0.0,126.34785714285715,45.62414479489238,0.21428571428571427,2.70805020110221,4.846922374765305,1,0.22060685511390693
3cfa1358a6caa965278721344c8d76f2,5,5,0.0,628.056,475.6553178762958,0.6,1.791759469228055,6.444220282944165,1,0.06528344440278389
3d01d1c414c44b5943a09619ff3853cb,5,5,0.2,80.52000000000001,9.23999999999994,0.6,1.791759469228055,4.400848388914469,1,0.09317826879507152
3d0cd21d41671c46f82cd11176bf7277,11,9,0.0,40.709090909090904,17.686690144412633,0.45454545454545453,2.4849066497880004,3.730719112456845,1,0.19622022553990975
3d2531eccfbde1d7c8db7a3a12fb267a,10,10,0.0,199.954,122.43039632378878,0.3,2.3978952727983707,5.303076026146216,1,0.20293763354188843
3d290fe363c60a77498c1126fd3fb8d3,3,3,0.0,66.32666666666667,65.52994243516132,1.0,1.3862943611198906,4.209556393930301,1,0.15864274550459528
3d39fbf22a665714baf62fae36029e23,8,8,0.0,313.025,171.59067391615432,0.375,2.1972245773362196,5.749472600573316,1,0.17282900141882518
3d3ccf2b2f8134b10dce9dd446f0e075,3,3,0.0,202.86666666666667,162.29266431015571,1.0,1.3862943611198906,5.317466185386798,1,0.12323097015665402
3d4824f20035949c710eaf111f869d39,10,9,0.0,104.104,166.23413724021913,0.4,2.3978952727983707,4.654950336150117,1,0.18693695805949068
3d49bfdd1b43a7fe169b3740067acc61,3,3,0.0,71.66666666666667,11.785113019775745,1.0,1.3862943611198906,4.28588277412098,1,0.17737630949060879
3d4b1ae7539303b5704493798893e82c,9,6,0.0,119.55555555555556,85.01386960191472,0.6666666666666666,2.302585092994046,4.79211068863834,1,0.18249877310883494
3d5d0dc7073a299e31fa718ce1bc00b6,24,23,0.041666666666666664,32.94583333333333,23.210144677968344,0.16666666666666666,3.2188758248682006,3.5247661169686504,1,0.14758527151220174
3d621842b2ed28e2b474132480edac3c,10,10,0.0,92.89099999999999,148.557269122046,0.3,2.3978952727983707,4.542134534975267,1,0.1911928499259184
3d700782d7818f2c1e0d7a9e9d75fc00,3,3,0.0,49.9,0.0,1.0,1.3862943611198906,3.929862923556477,1,0.1687005297100957
3d871de0142ce09b7081e2b9d1733cb1,1147,1080,0.0034873583260680036,82.74995640802092,38.90661328796833,0.00959023539668701,7.045776576879511,4.427835650203797,-1,-0.07233421351036728
3d8fa2f5b647373c8620330c4e077a9f,48,43,0.0,74.41104166666666,27.32652589819883,0.16666666666666666,3.8918202981106265,4.322953705494919,1,0.20402941734466534
3db66a856d18a9cba7c9241fc5221c50,97,94,0.0,97.71443298969074,65.5146682083615,0.061855670103092786,4.584967478670572,4.59223116664733,1,0.18912671926347496
3dbbce181edfaa4a597ec858c382d2ec,20,17,0.0,42.415,24.43146076271332,0.3,3.044522437723423,3.7708050035126086,1,0.20812522655613552
3df020b72d3d44b3af9d110fa3940b65,101,55,0.0,49.9,0.0,0.1485148514851485,4.624972813284271,3.929862923556477,1,0.1702296573069162
3dfd3dc96f7f8598eca74e9ac8a2fa31,6,6,0.0,30.5,19.822125684867068,0.5,1.9459101490553132,3.449987545831587,1,0.17909046844856413
3e8bd881d92466e63ba9e3e809cd3c50,10,9,0.0,224.228,79.12920469712806,0.4,2.3978952727983707,5.417113222462113,1,0.20518653546984184
3ea00e1dea2b0659dbaf654735929220,7,7,0.0,72.14285714285714,6.9985421222377004,0.42857142857142855,2.0794415416798357,4.292414475984194,1,0.2051884567360871
3f0e48d209018b466fcd3bb4ccfeb520,10,9,0.0,539.9,48.98979485566356,0.4,2.3978952727983707,6.293234418877382,1,0.17018871078835524
3f2af2670e104d1bcb54022274daeac5,7,6,0.0,139.0857142857143,68.2189631904173,0.5714285714285714,2.0794415416798357,4.94225448016182,1,0.2042916728876205
3f3486b61f45078d4f31ee5e43d8c5bb,40,40,0.0,95.74325,54.97834002529995,0.075,3.713572066704308,4.57206056203417,1,0.20241510374825378
3f8034bfc6b8b4135534975d49f04c63,16,12,0.0,82.11875,58.06364200975943,0.4375,2.833213344056216,4.420270308179337,1,0.20759771500024443
3f84fefc07dc159b268d4a77d3e8c425,3,3,0.0,66.86666666666666,27.080169045919124,1.0,1.3862943611198906,4.217544996008258,1,0.17669858225276697
3f995f07c49d0d55a99d5c54957f7d81,43,43,0.0,91.99302325581395,24.682178820457512,0.06976744186046512,3.784189633918261,4.532524471584519,1,0.19899630693416703
3f9be91358837bff69df67edfa3e42e8,7,7,0.0,81.38571428571429,42.01460387502792,0.42857142857142855,2.0794415416798357,4.411412051566054,1,0.21485061585981596
3f9c56764fabca627406093dcb3ef0b4,7,7,0.0,129.9,0.0,0.42857142857142855,2.0794415416798357,4.874433672915854,1,0.19563966027831736
3fac58ce0ad699020c7944d53c41329c,16,10,0.0,77.809375,60.102391432116704,0.5,2.833213344056216,4.367031961868435,1,0.20364909106622792
3fadb4cba4c35bce6a7eaf9872d5623a,5,3,0.0,41.9,0.0,1.0,1.791759469228055,3.758871825933971,1,0.16082682577502955
3faf68a3b0af94b10bac70d86077be49,7,7,0.0,188.99,0.0,0.42857142857142855,2.0794415416798357,5.246971439196448,1,0.19015357239298397
3fd1e727ba94cfe122d165e176ce7967,38,37,0.02631578947368421,73.82105263157895,35.736154167473615,0.10526315789473684,3.6635616461296463,4.315099297674001,1,0.17139365269472834
402916f742e5c740cc751493d9cf5053,10,9,0.0,125.2,38.38958192009908,0.4,2.3978952727983707,4.837867950107113,1,0.2172211419106425
403aa86912527d730337ffcb0fb096ab,11,11,0.0,814.5354545454545,1070.9139141734258,0.2727272727272727,2.4849066497880004,6.7038448969534885,-1,-0.031490926832530186
4049512728d969bec69f84088b012416,9,7,0.0,43.315555555555555,25.149762142065466,0.5555555555555556,2.302585092994046,3.7913357566243726,1,0.2016507491849427
404e1ba01358af4cd63f679b2c4d1fa1,12,8,0.0,31.15833333333333,10.851302405190308,0.5833333333333334,2.5649493574615367,3.470671618755573,1,0.17673569621677532
40536e7ca18e1bce252828e5876466cc,4,2,0.0,115.99,0.0,1.0,1.6094379124341003,4.76208846105951,1,0.1432632315693188
406740ee611378a662d274c7d8c43c4a,10,8,0.0,179.0,94.30694566149411,0.5,2.3978952727983707,5.19295685089021,1,0.19946764595206556
406822777a0b9eb5c50e442dd4cd3ec5,47,45,0.0,77.61872340425532,47.73044519350624,0.10638297872340426,3.871201010907891,4.364609882317434,1,0.21122117425818265
4091f77d8c768fc3e81c20761471761d,8,8,0.0,134.875,63.00880394833725,0.375,2.1972245773362196,4.9117353454413735,1,0.21330236426901295
40d54b51e962dbe09cabbcfd33298dee,31,30,0.0,218.8890322580645,127.87503661538503,0.12903225806451613,3.4657359027997265,5.393123020273501,1,0.19640675076428898
40db9e9aa57f7bb151bcda6b0f9bdbb7,12,12,0.0,1930.6666666666667,172.29303203811966,0.25,2.5649493574615367,7.566138467105742,1,0.09286551733852932
411f3b52d857390502ee4e4d5ceabc2d,30,21,0.0,60.13366666666666,61.467488180518835,0.3333333333333333,3.4339872044851463,4.113062723702094,1,0.1930319628055242
412a4720f3e9431b4afa1476a1acddbe,22,21,0.0,93.55,74.03951494119389,0.18181818181818182,3.1354942159291497,4.549128795104466,1,0.21771052521723827
4170f6a9367e6b5d6401d03ce6d54569,5,4,0.0,113.756,49.45350648841799,0.8,1.791759469228055,4.742808135155406,1,0.1856850351800044
41ab63a91b8b264e8c8780368bf1dd5b,13,12,0.0,197.84230769230768,89.5168472458029,0.3076923076923077,2.6390573296152584,5.292512086934159,1,0.21273601242313966
41b14765bd56c8ad10971074380f9c0c,10,8,0.0,39.55,15.15,0.5,2.3978952727983707,3.702535780561422,1,0.19594338014508905
41b39e28db005d9731d9d485a83b4c38,231,195,0.008658008658008658,74.08030303030303,50.973549327832814,0.06060606060606061,5.44673737166631,4.318558247809031,1,0.11370468429696073
41b86b552e54e3a7009596125aa8b167,11,10,0.0,145.02727272727273,94.77603351547064,0.36363636363636365,2.4849066497880004,4.9837934037653495,1,0.20884359356738658
41c2bad7229b0c25e6becf179ebf63ff,23,20,0.0,34.0,0.0,0.2608695652173913,3.1780538303479458,3.5553480614894135,1,0.18090672803265262
41c9d3997dd3c072c31139dc5bb5761f,3,3,0.0,332.93333333333334,46.71618801039113,1.0,1.3862943611198906,5.810941372255407,1,0.13968581690073817
41da412d33e8da4f22baf55cb1bde82c,21,15,0.0,41.09047619047619,20.636027320750628,0.3333333333333333,3.091042453358316,3.7398214963434793,1,0.20413019538197147
41e0fa5761c886a630994a55c12087e7,5,5,0.0,84.72,0.1469693845671095,0.6,1.791759469228055,4.451086170605376,1,0.19792772069890974
4200ddf1967c5e41e48db62bc6d4b5ac,42,22,0.0,17.495238095238093,3.5055026391138915,0.3333333333333333,3.7612001156935624,2.9175132986937466,1,0.11796089787113523
4221a7df464f1fe2955934e30ff3a5a1,5,5,0.0,169.9,0.0,0.6,1.791759469228055,5.141078590121546,1,0.19066729140353444
427165bf50f8ca07efc7bdc2bfcf1688,5,5,0.0,320.7,162.03382362951263,0.6,1.791759469228055,5.7736194342449805,1,0.15731322559607308
42b729f859728f5079499127a9c2ef37,132,104,0.0,31.203484848484845,10.471835168451864,0.11363636363636363,4.890349128221754,3.472074671802673,1,0.13868066775926907
42bde9fef835393bb8a8849cb6b7f245,40,35,0.025,192.575,164.5849153932401,0.175,3.713572066704308,5.2656650342727875,1,0.1540753808182717
42d4b7e70819438f5ada61c965e92d7e,3,1,0.0,16.533333333333335,1.744196726926817,1.0,1.3862943611198906,2.8641038310755547,1,0.0788927433874752
42ef3192a9ff87a22d1867b74b3ee205,23,23,0.0,58.87347826086956,49.3092203749832,0.13043478260869565,3.1780538303479458,4.092233640140791,1,0.20640785293476677
42fa4ee7240e9b8eb4576358ec142ba7,22,22,0.0,174.80454545454543,26.44564712889675,0.13636363636363635,3.1354942159291497,5.169372840744724,1,0.20588852045182982
42fb44130ac3134cde8e35cf8ec7df25,3,3,0.0,20.9,2.8284271247461903,1.0,1.3862943611198906,3.086486636822455,1,0.1293535003423606
430315b7bb4b6e4b3c978f9dfa9b0558,21,20,0.0,148.4952380952381,133.3374361613653,0.19047619047619047,3.091042453358316,5.007264540117684,1,0.2061714532907165
4305fe92735c8a43d154ff6dd2b8d927,21,19,0.0,137.42380952380952,27.348942780330987,0.23809523809523808,3.091042453358316,4.930320062518967,1,0.21584658688866043
431050a06a317f2b38168dec3dcd2b46,12,12,0.0,123.98333333333333,52.69280205956873,0.25,2.5649493574615367,4.828180395079289,1,0.21925675497568742
431af27f296bc6519d890aa5a05fdb11,125,117,0.0,104.876,32.98471500559009,0.056,4.836281906951478,4.662268598027968,1,0.17437289600680228
4324dd16853115efb0fd9d0d131ba6f4,18,12,0.0,58.458333333333336,26.236641733355373,0.3888888888888889,2.9444389791664403,4.085275787128891,1,0.2073054309486727
432c37c9dfba871172ec162e20118b8c,57,46,0.017543859649122806,52.08543859649123,33.41381010165389,0.15789473684210525,4.060443010546419,3.971902664586274,1,0.16868131101598277
432c67955c0acd1fd6b0b5d678766a71,3,3,0.0,383.6666666666667,178.03620106284248,1.0,1.3862943611198906,5.952377158399935,1,0.10581838518408843
43402bdf22aa2310e8f99e2f94f78628,5,4,0.0,129.99,48.989794855663526,0.8,1.791759469228055,4.875120984409557,1,0.18518346871564456
4342d4b2ba6b161468c63a7e7cfce593,20,20,0.0,143.355,58.64898528533981,0.15,3.044522437723423,4.972275543541621,1,0.2181823410390022
4371b634e0efc0e22b09b52907d9d469,112,102,0.008928571428571428,73.16071428571429,42.93257869934567,0.08035714285714286,4.727387818712341,4.306234552895605,1,0.16380669537691073
4391ea5c5990502176a1dcda44a2373d,5,3,0.0,469.8,238.8115575092629,1.0,1.791759469228055,6.154433375386121,1,0.09199333275496963
439a47cc365d6e3bd526812ea9de3c29,13,8,0.0,91.26923076923077,41.96134456699192,0.6153846153846154,2.6390573296152584,4.524710724818212,1,0.19835509427454084
43f8c9950d11ecd03a0304a49e010da6,41,41,0.0,103.64853658536586,40.16709595998218,0.07317073170731707,3.7376696182833684,4.65060746489902,1,0.20096689941178275
44073f8b7e41514de3b7815dd0237f4f,153,144,0.0,122.4159477124183,85.06117552070737,0.058823529411764705,5.0369526024136295,4.8155603390401565,1,0.1525219859392961
440dd6ab244315c632130ecfb63827b1,95,94,0.010526315789473684,144.1778947368421,54.64846543605082,0.042105263157894736,4.564348191467836,4.977959850696601,1,0.15543944013212707
446cc09cdbb130904da114e807dbec40,3,3,0.0,84.26666666666667,95.27085365186751,1.0,1.3862943611198906,4.4457836004766325,1,0.14355806030711638
44717f64ec2a457979cf83c429077666,3,2,0.0,35.666666666666664,24.984439601924684,1.0,1.3862943611198906,3.6018680771243066,1,0.13496305534558262
44ed138eca6214d572ce1d813fb0049b,3,2,0.0,43.26333333333333,4.756471614781538,1.0,1.3862943611198906,3.790156644334126,1,0.14223942947774354
44f091b5abab8018f682fce8124b85e5,6,6,0.3333333333333333,280.01666666666665,273.0015532108848,0.5,1.9459101490553132,5.63841397955588,-1,-0.006778959460388201
45213867cefbf2cd4c6177e10216a951,14,14,0.0,353.9585714285714,111.04081282233533,0.21428571428571427,2.70805020110221,5.872001082464211,1,0.18999892882091912
4559697a8f7e637227c2eeaed843baff,42,42,0.0,88.0,46.576204838338406,0.07142857142857142,3.7612001156935624,4.48863636973214,1,0.20384672745139137
455c5640e8c5bd1b2ee85c0158f85727,8,8,0.0,841.1875,642.5804199427105,0.375,2.1972245773362196,6.736002673537417,1,0.02822916725629132
457fe919b032a3f7dadba6fb92cf7855,12,9,0.0,92.07416666666667,53.68372199874827,0.5,2.5649493574615367,4.533396666365668,1,0.2106916639386623
45ba18c210d42734ec52c0c1c574e9ee,41,38,0.024390243902439025,136.32024390243902,125.72623587678663,0.14634146341463414,3.7376696182833684,4.922315744748991,1,0.1621252325566463
45c20d94d9171b0bcfab3c955e47d67b,4,4,0.0,32.365,30.102688833391603,0.75,1.6094379124341003,3.5075074463555698,1,0.17906994852508024
45d33f715e24d15a6ccf5c17b3a23e3c,61,59,0.03278688524590164,79.31524590163934,65.30039265331594,0.08196721311475409,4.127134385045092,4.385959464720031,1,0.15074233250605967
461ff5303b6c9c1a4a07f40c5aece516,3,3,0.0,34.23333333333333,0.9428090415823179,1.0,1.3862943611198906,3.5619926042080823,1,0.15673168182946556
4677a5437afda5fa7140b927b07be1cc,11,11,0.0,310.5181818181818,438.3241926374127,0.2727272727272727,2.4849066497880004,5.741457705121822,1,0.12693691497850407
46dc3b2cc0980fb8ec44634e21d2718e,542,521,0.005535055350553505,236.36750922509225,185.88056479602244,0.02214022140221402,6.297109319933935,5.469609611920855,-1,-0.03068670717902633
46ef1a25845fc051c2998d878354810c,5,5,0.0,50.082,25.828335912326985,0.6,1.791759469228055,3.9334321846656453,1,0.19890579712580497
4736e9d642ef4257cd7622516931eb51,20,16,0.0,53.94350000000001,37.771998527348266,0.3,3.044522437723423,4.006305384498935,1,0.2161484573261903
47648caee88ccfe951fbb27fbf7b4cbe,3,3,0.0,521.6633333333333,53.89959822567248,1.0,1.3862943611198906,6.258937534670887,1,0.1155156021735606
478bfe564db21eeb44386606aa30b650,3,3,0.0,60.900000000000006,28.083209693100724,1.0,1.3862943611198906,4.12552017969055,1,0.173047274523561
47efca563408aae19bb7206c2d969ea9,12,12,0.0,210.16666666666666,102.5043359516508,0.25,2.5649493574615367,5.352647711093084,1,0.21038119378149361
48162d548f5b1b11b9d29d1e01f75a61,91,68,0.01098901098901099,225.38615384615383,181.85768110672367,0.14285714285714285,4.5217885770490405,5.422242186535457,1,0.13432422962317087
4830e40640734fc1c52cd21127c341d4,219,210,0.0136986301369863,44.94735159817351,22.381396309178868,0.0319634703196347,5.393627546352362,3.827496210539414,1,0.07889705112426548
48436dade18ac8b2bce089ec2a041202,151,138,0.0,81.26960264900663,44.04705278954269,0.046357615894039736,5.0238805208462765,4.410001691328487,1,0.16870194051156506
485452467ff670447e84a8370c3fc898,3,3,0.0,58.56666666666666,37.20513704076661,1.0,1.3862943611198906,4.087096133497273,1,0.1680290082279962
4869f7a5dfa277a7dca6462dcf3b52b2,1156,1132,0.0008650519031141869,198.50573529411764,121.56695427496396,0.007785467128027681,7.053585727193677,5.295842984258134,-1,-0.08201644045618295
48985c61529077fa4f1e38bcff0f2ed3,7,7,0.0,125.61428571428573,10.49781318335641,0.42857142857142855,2.0794415416798357,4.841145344689039,1,0.2058644919136059
48bad451945f5227341793478d6353ea,3,3,0.0,102.33333333333333,19.327585352432326,1.0,1.3862943611198906,4.637960008811082,1,0.1779789486457818
48e5ee06fb2dc74df1c711a9b6dfac2a,3,1,0.0,19.0,0.0,1.0,1.3862943611198906,2.995732273553991,1,0.08419267449096013
48e954b2da4f6a750c844173b347ed40,6,2,0.0,66.3,23.568156482847794,1.0,1.9459101490553132,4.209160236650682,1,0.15208447408079456
48efc9d94a9834137efd9ea76b065a38,34,33,0.0,10.164705882352942,2.062391865677431,0.11764705882352941,3.5553480614894135,2.4127575421196115,1,0.11731078329323069
48fb026ed7455a42f5d3e9390ed5088e,11,11,0.0,50.51909090909091,28.776342699751705,0.2727272727272727,2.4849066497880004,3.941952436242336,1,0.21260161916423775
49067458c68f7701fd334ce326accbe0,37,17,0.0,28.314864864864862,1.3388611974595939,0.24324324324324326,3.6375861597263857,3.378094720644846,1,0.1686983100500528
4917cee8d902e13428c3ec4b1ca6f315,33,33,0.06060606060606061,164.29999999999998,23.226708763834942,0.09090909090909091,3.5263605246161616,5.107762004826978,1,0.1309147707912771
49383af7ab774e4e8f3000f49c83dc4b,12,8,0.0,55.0,0.0,0.5833333333333334,2.5649493574615367,4.02535169073515,1,0.18527135764683872
4978a02ea9c8be7a9b5480680f40334e,19,18,0.0,124.0321052631579,141.79425537984875,0.21052631578947367,2.995732273553991,4.828570546429278,1,0.20412201396537216
4992e76a42cb3aad7a7047e0d3d7e729,74,57,0.0,29.87972972972973,8.48873625283512,0.14864864864864866,4.31748811353631,3.430099972842682,1,0.1682870912391493
499ec63c58e51296c9cf57edcfe1c8a8,5,5,0.0,73.0,2.449489742783178,0.6,1.791759469228055,4.30406509320417,1,0.19775489848478534
49cdc90518a4f82676b38b3c1aa43ff6,5,5,0.0,307.9,142.464030548065,0.6,1.791759469228055,5.733017599924536,1,0.164322453315371
49e7217cfe4e427191c378ec626d8737,14,13,0.0,214.47857142857143,244.05861760349828,0.2857142857142857,2.70805020110221,5.372861468073313,1,0.17376868557715586
4a1917ef994878940e1fb03eeb787ad7,3,2,0.0,256.0,18.384776310850235,1.0,1.3862943611198906,5.54907608489522,1,0.12823094097969534
4a1f694197d05fe70026b016a7316b41,23,14,0.0,39.46826086956521,8.662109218075033,0.391304347826087,3.1780538303479458,3.7005179846400855,1,0.19368176197106907
4a23adac87cf538689fa600d976f78b2,3,3,0.0,135.0,0.0,1.0,1.3862943611198906,4.912654885736052,1,0.16954240621144834
4a3ca9315b744ce9f8e9374361493884,1987,1806,0.0010065425264217413,100.89225968797183,59.501633965519645,0.006542526421741319,7.59488438721652,4.623915977461067,-1,-0.09052145178143978
4a3ccda38b2129705f3fb522db62ca31,78,66,0.05128205128205128,218.75115384615384,373.9802339764481,0.1282051282051282,4.3694478524670215,5.392495787273476,1,0.0471054861487743
4a82168aaef173cbb6e46ae88728f919,4,4,0.0,128.0,36.373066958946424,0.75,1.6094379124341003,4.859812404361672,1,0.19243398446263849
4a82c4af97ffc0fb2dc26bfdc03b1842,3,3,0.0,47.9,18.471780278756743,1.0,1.3862943611198906,3.8897773964808264,1,0.17077284295466866
4aba391bc3b88717ce08eb11e44937b2,30,29,0.03333333333333333,253.19566666666665,181.23542532083022,0.13333333333333333,3.4339872044851463,5.53810431166539,1,0.140935039503769
4b0fdb526525f9890eb145bf1534640e,20,18,0.0,120.95,48.2415536648645,0.25,3.044522437723423,4.80361112466193,1,0.22247999613519243
4b1eaadf791bdbbad8c4a35b65236d52,8,8,0.0,231.22375,126.18473044880464,0.375,2.1972245773362196,5.447701346548365,1,0.19367072314131273
4b39558c138930b9e5489c93b6df5fe3,5,4,0.0,219.34,71.15711067771096,0.8,1.791759469228055,5.395171807911919,1,0.17714487695482373
4b5f66b7adcf57f1ecc0d3c07dd6b177,38,23,0.0,167.9415789473684,39.69185966697351,0.3157894736842105,3.6635616461296463,5.12955296845769,1,0.18881872106748926
4b9750c8ad28220fe6702d4ecb7c898f,222,218,0.0,71.69054054054054,36.85742466398011,0.02702702702702703,5.407171771460119,4.2862112597124025,1,0.1238250112332655
4ba52dfeba874da5b9ee7b17c7494f04,11,11,0.0,133.0,74.94240212565671,0.2727272727272727,2.4849066497880004,4.897839799950911,1,0.21726589695460352
4bcec44888b30ba9001234c534716d3f,5,5,0.0,29.2,8.818163074019441,0.6,1.791759469228055,3.407841924380824,1,0.18406686006092482
4be6b962d83299498bae2190f95d6566,12,11,0.0,42.4,29.110421959612108,0.3333333333333333,2.5649493574615367,3.770459441106359,1,0.20839474740315278
4bf2f4ee540798a61f9636d12cd9cc80,30,29,0.0,166.5186666666667,54.95820756012893,0.13333333333333333,3.4339872044851463,5.121094787841905,1,0.21325589997793165
4bfc7a4a1cf8d4d2121c27422d9e50b5,40,26,0.0,203.10999999999999,130.06706693087227,0.3,3.713572066704308,5.318659064205951,1,0.1843607463937496
4c03b9dd4c11ee2cb35c96c49efc9420,48,48,0.0,134.55416666666667,32.199184502699495,0.0625,3.8918202981106265,4.909371314436954,1,0.19823261018091493
4c18691b6037662be2df78a765d98ab5,67,63,0.0,47.694328358208956,27.477907718903907,0.08955223880597014,4.219507705176107,3.885562562489392,1,0.19442355344611956
4c1c7281388a33dd06daac44f9fadbd1,5,5,0.0,37.664,15.193149245630405,0.6,1.791759469228055,3.654908934542783,1,0.1920757747878019
4c2b230173bb36f9b240f2b8ac11786e,346,261,0.0,42.17419075144509,10.433559657167969,0.049132947976878616,5.849324779946859,3.7652428804047386,1,0.07461395790713932
4c498c7345e89aebad651544829beca0,48,48,0.0,100.41166666666668,73.26751199466845,0.0625,3.8918202981106265,4.619188140422949,1,0.19787348452771564
4c4d546adf3c3868fe19c9ec6e9ffda9,3,2,0.0,37.23333333333333,8.956685895029612,1.0,1.3862943611198906,3.643707735467215,1,0.14004405167770084
4c61e37f664c3c88aff092aa5ac779d7,8,7,0.0,98.53875,77.97019549762268,0.5,2.1972245773362196,4.600547015585836,1,0.20432159510905024
4c8545742faaf58fafd5fd14d25d75cf,4,4,0.0,755.0,404.01113846031524,0.75,1.6094379124341003,6.628041376179533,1,0.05314756924224329
4c8b8048e33af2bf94f2eb547746a916,27,23,0.14814814814814814,74.84185185185186,46.58301391558443,0.25925925925925924,3.332204510175204,4.328650275526448,1,0.09190520074797692
4cf490a58259286ada5ba8525ba9e84a,8,8,0.0,156.775,27.90805215345564,0.375,2.1972245773362196,5.0611699674703035,1,0.2063059110903276
4d0041cdbe51b4617d95c70b19decc74,8,8,0.0,654.4,569.8611673030547,0.375,2.1972245773362196,6.485245736264714,1,0.06649864558411078
4d232b78ab7ef10393dc3807d827bc0d,5,5,0.0,295.0,52.0,0.6,1.791759469228055,5.69035945432406,1,0.1818773373692072
4d600e08ecbe08258c79e536c5a42fee,8,8,0.0,558.1675,155.95674350200431,0.375,2.1972245773362196,6.326449070489582,1,0.14924618423104274
4d6d651bd7684af3fffabd5f08d12e5a,395,369,0.002531645569620253,110.34784810126582,52.8246841435233,0.02531645569620253,5.981414211254481,4.7126590679779365,1,0.06562197988506702
4da0e408c99d2fdc2126dc9fce518060,54,44,0.0,56.03703703703704,27.494688350973302,0.16666666666666666,4.007333185232471,4.043700829403345,1,0.19825646350028248
4dbd95a08b31ede5c82d3f861cb1ce1a,6,6,0.3333333333333333,217.44500000000002,308.0362213955798,0.5,1.9459101490553132,5.386534266602654,-1,-0.008450406160877
4dc646b9b9e8e411ef48ba000ea3ac6f,5,4,0.0,57.94,3.237653471266,0.8,1.791759469228055,4.076519977309548,1,0.18546355375996815
4de6e4ba574aa9dfdc824bc44dc47fdd,14,14,0.0,32.221428571428575,25.689636002854996,0.21428571428571427,2.70805020110221,3.503195106614793,1,0.19547079184548055
4deebb3199eeafb282ae33229144f94b,5,4,0.0,155.94,55.03019534764529,0.8,1.791759469228055,5.055863566699327,1,0.182272614776901
4e06067cc08b3f41d837768d392c3ee3,46,31,0.0,20.47217391304348,18.867171386926746,0.21739130434782608,3.8501476017100584,3.066757860283458,1,0.1486418400370702
4e17c65a516f69d023a2ae78b84f28d6,74,61,0.0,103.23324324324325,121.90638659309066,0.14864864864864866,4.31748811353631,4.646631111483607,1,0.18946549098184784
4e2627090e6e5b9fabba883a37897683,5,2,0.0,39.9,0.0,1.0,1.791759469228055,3.711130063048756,1,0.1408130990910011
4e326052e5dbba8adcd512f3450a307e,6,3,0.0,95.0,0.0,1.0,1.9459101490553132,4.564348191467836,1,0.16330055292174533
4e42581f08e8cfc7c090f930bac4552a,4,3,0.0,84.0,35.70714214271425,1.0,1.6094379124341003,4.442651256490317,1,0.1724986320721602
4e5725ba188db8252977a4f0227bd462,25,22,0.0,77.22359999999999,64.45941209039997,0.24,3.258096538021482,4.359571392303068,1,0.2163552075329846
4e6015589b781adaa5ce7f1892d06bb1,3,3,0.0,228.0,0.0,1.0,1.3862943611198906,5.43372200355424,1,0.1552212217513248
4e7c18b98d84e05cbae3ff0ff03846c2,89,82,0.0,103.12247191011235,67.81215587029587,0.0898876404494382,4.499809670330265,4.645567820817587,1,0.19335968589125635
4e85b538b0dad58852641540686d0e14,4,4,0.0,90.49499999999999,138.24109021922533,0.75,1.6094379124341003,4.51628432597965,1,0.161906436344255
4e8dacf3d38f281ae26c3e0321d92d88,15,10,0.3333333333333333,176.32999999999998,201.41480696976245,0.5333333333333333,2.772588722239781,5.178012403504388,1,0.0174753931446322
4e922959ae960d389249c378d1c939f5,454,420,0.0,101.38848017621146,79.59682124089436,0.022026431718061675,6.12029741895095,4.628774207997816,1,0.04928905372609382
4ea2f12dbe91deeacd2c1e74f069a6e6,6,4,0.0,35.03333333333333,6.6479737932362335,0.8333333333333334,1.9459101490553132,3.5844444359770526,1,0.16967552691404597
4eb61f060e7dcc1d5a80d806c35cc541,8,8,0.0,164.125,30.969491035533665,0.375,2.1972245773362196,5.106702762842489,1,0.20777526668753854
4ebdc7e6cd6102a022dadc49156d4ea8,32,29,0.0,29.021874999999998,9.804677913341932,0.1875,3.4965075614664802,3.401926282615966,1,0.18755035920746593
4ef4c39cf3c24f326434cf0b2e48046a,9,8,0.0,99.0,0.0,0.4444444444444444,2.302585092994046,4.605170185988092,1,0.1992297085580153
4fb41dff7c50136976d1a5cf004a42e2,3,3,0.0,410.0,242.62453846770458,1.0,1.3862943611198906,6.018593214496234,1,0.08310027524785901
5011f0d93373a4c5753adf58ca77af8d,22,12,0.045454545454545456,45.88272727272727,36.728177959141235,0.5,3.1354942159291497,3.847649319189405,1,0.14789598734806197
503c1de08ae81a2d86f17951b204db55,22,22,0.0,223.045,13.818524375239924,0.13636363636363635,3.1354942159291497,5.411846924535915,1,0.19644196713635526
5058e8c1e82653974541e83690655b4a,78,63,0.0,128.4976923076923,59.0715842339219,0.1282051282051282,4.3694478524670215,4.863663060962994,1,0.19822280095913553
5075aaa8404020ae6aa8bf4792099b41,23,13,0.043478260869565216,79.25217391304348,160.6465874536135,0.5217391304347826,3.1780538303479458,4.385173850902326,1,0.11667203393065678
50770d25768b0486d89be26afca3108f,6,6,0.0,28.62833333333333,6.6097337734250585,0.5,1.9459101490553132,3.388731110706539,1,0.1747294756002813
508808d438fe2ff972ed13bb8f4a82e2,11,10,0.09090909090909091,26.80272727272727,17.005787833402803,0.36363636363636365,2.4849066497880004,3.3251341192202872,1,0.12491934376807118
50c9975695009e5e6473912e83a6d1da,68,50,0.0,58.300000000000004,47.33322657748248,0.1323529411764706,4.23410650459726,4.08260930600368,1,0.20313202847894768
51209b446b2073894bdc0face6c73ffc,4,2,0.0,89.9,0.0,1.0,1.6094379124341003,4.509760001183433,1,0.14684910335186985
512d298ac2a96d1931b6bd30aa21f61d,12,11,0.0,616.8283333333333,1183.2967158735894,0.3333333333333333,2.5649493574615367,6.42621064109252,-1,-0.029133540129691493
5145090ab595c0d0b8557199f5701fbf,4,4,0.0,364.9,200.06249023742558,0.75,1.6094379124341003,5.902360072025161,1,0.13076717172723307
5151aea44289d6c6b090ee31c2132508,7,7,0.0,187.9,0.0,0.42857142857142855,2.0794415416798357,5.241217774507464,1,0.18965768864545873
515d781150feed28a6ac091bb0e3cb8c,6,6,0.0,167.05833333333334,20.359437137493618,0.5,1.9459101490553132,5.124311141357796,1,0.19493830854586786
5160d23075764e18e07c1f4a87fad743,39,34,0.02564102564102564,62.282051282051285,19.84419920143134,0.20512820512820512,3.6888794541139363,4.147601738895632,1,0.17458797354855266
516e7738bd8f735ac19a010ee5450d8d,84,76,0.0,79.08440476190476,57.943380786994496,0.08333333333333333,4.442651256490317,4.383081138013562,1,0.19810605575956525
51702dc2a3e106c76dbff722b5bf0726,14,13,0.0,193.22142857142856,46.90020070885213,0.2857142857142857,2.70805020110221,5.268998892568199,1,0.2191526664827093
5194c22ed1f616ec0c0f33c571542879,4,4,0.0,61.4,51.11017511220246,0.75,1.6094379124341003,4.133565275375382,1,0.18676039199333094
519a7aa428f18d125a283cf8c014fdd6,3,3,0.0,26.566666666666663,2.35702260395518,1.0,1.3862943611198906,3.3166073133615357,1,0.14910378112943146
51e4e89242cbb846c2deff3dc015650e,16,16,0.0,51.41125,23.32071795501802,0.1875,2.833213344056216,3.9591212629398855,1,0.21277685553578507
51ed72984a04e5dd35c2b27e77179038,7,7,0.0,184.9,47.88677121233854,0.42857142857142855,2.0794415416798357,5.225208894727398,1,0.2050407644491709
51f108f62cb87d61918159902c8f8583,3,3,0.0,101.24333333333334,44.783429475148,1.0,1.3862943611198906,4.627355593123318,1,0.1711728479186886
52092ddbd3a58c450a4459bf051b2287,6,6,0.0,58.61666666666667,42.76207107030975,0.5,1.9459101490553132,4.0879351770369174,1,0.19586267389107487
520b493b57809f446cb0a233bb3e25c7,73,63,0.0,50.66986301369863,33.26313803651166,0.0821917808219178,4.30406509320417,3.944874691118854,1,0.19411197643603384
522620dcb18a6b31cd7bdf73665113a9,180,174,0.0,317.6027222222222,276.56179559374056,0.044444444444444446,5.198497031265826,5.763944941765316,1,0.06185714610051063
5236605f4d4b0b3e4df85b850393fca0,5,5,0.0,53.06,26.92,0.6,1.791759469228055,3.9900945408483017,1,0.20011799179007905
52454f90d4c30c016768db02f88c1a74,5,3,0.0,16.1,5.670978751503127,1.0,1.791759469228055,2.8390784635086144,1,0.11552062489333353
52562a9f449c3dc3d53f5f5b9ed74903,14,14,0.0,233.32857142857142,229.606717885081,0.21428571428571427,2.70805020110221,5.456724281863127,1,0.1755763197384264
525e75a6fb1454a2325ab1734bcec221,11,10,0.0,59.73363636363637,37.19673892664327,0.36363636363636365,2.4849066497880004,4.106497685667304,1,0.21345776996559612
5275ca25d0358ca73864e0ae41be1320,4,4,0.0,102.4,3.5,0.75,1.6094379124341003,4.638604962074329,1,0.1932893990985315
527801b552d0077ffd170872eb49683b,92,90,0.0,195.0304347826087,188.36800345573,0.05434782608695652,4.532599493153256,5.278269926679009,1,0.15169164156401027
52956b80ae65fda598f06f6b9943e7a9,3,3,0.0,264.0,0.0,1.0,1.3862943611198906,5.579729825986222,1,0.1506371202842624
52a50b42accf164f9f019941e5759d9b,4,4,0.0,34.99,5.0,0.75,1.6094379124341003,3.5832411220909393,1,0.1825618961069992
52a52b9f656520e99716f5bc40f661c8,8,7,0.0,97.8875,29.849285481398034,0.5,2.1972245773362196,4.593982840347515,1,0.213697874200381
52ac6f920b7280e4c6d30dd94de6259b,7,6,0.0,808.1857142857143,306.4733567006225,0.5714285714285714,2.0794415416798357,6.696028451017283,1,0.09358971036977548
52d76513f0c4d97f3b99570e2c94ee31,28,19,0.0,291.1821428571429,254.90418732699686,0.39285714285714285,3.367295829986474,5.677377384708356,1,0.13227733828434352
52f0fe436a347ddad7ed5f9aa4e27eaa,23,21,0.0,64.53782608695653,102.83255997458333,0.21739130434782608,3.1780538303479458,4.182627473464477,1,0.20166834754239388
52f976b17ea7f2f087f56dcc419328f6,6,6,0.0,1271.6666666666667,133.94360338922036,0.5,1.9459101490553132,7.148869715617583,1,0.10635061218984226
52f9db5cfb423382a2fa5c9e39303202,23,22,0.0,55.20739130434782,21.010052504412876,0.17391304347826086,3.1780538303479458,4.029048266122886,1,0.21344924590957243
53088c75f948b48a7ece173ac17f0c12,3,3,0.0,87.23333333333335,23.456816114345543,1.0,1.3862943611198906,4.479984820564946,1,0.17836619403294884
530ec6109d11eaaf87999465c6afee01,104,97,0.0,124.84432692307693,31.709994868289805,0.057692307692307696,4.653960350157523,4.835045642480867,1,0.18221129700322608
53243585a1d6dc2643021fd1853d8905,410,358,0.0,543.3562195121951,473.28369312872127,0.04390243902439024,6.018593214496234,6.299603847837733,-1,-0.04420890075129846
5343d0649eca2a983820bfe93fc4d17e,111,71,0.009009009009009009,90.09585585585585,65.54276471319696,0.09009009009009009,4.718498871295094,4.511912313174742,1,0.1732338733877593
534a01cc6df1e034e05c32028a291fa2,5,5,0.0,47.118,7.811920122479466,0.6,1.791759469228055,3.8736563274829554,1,0.19703665400501474
537eb890efff034a88679788b647c564,173,160,0.0,27.05028901734104,11.696077225284618,0.03468208092485549,5.159055299214529,3.333998935564145,1,0.10063655899650392
538caafddff204241cecbf3a02e6b3cf,9,9,0.1111111111111111,16.477777777777778,1.9611661937495641,0.3333333333333333,2.302585092994046,2.8609302327280126,1,0.06836371742622616
53b0300ca793f9834cd69c0678d35ee8,10,5,0.0,166.215,72.61506403632791,0.8,2.3978952727983707,5.119280409545298,1,0.16891623307068226
53d00c40e32aeb924a84ce72b1af869d,17,17,0.0,127.40294117647058,75.49307188818183,0.17647058823529413,2.8903717578961645,4.855173297352319,1,0.2187330386684238
53e4c6e0f4312d4d2107a8c9cddf45cd,522,473,0.0038314176245210726,57.7566091954023,36.09493773472016,0.02681992337164751,6.259581464064923,4.073403643639979,1,0.0247677074295366
54065e9aef7e9e9c2dc23b7594db021a,14,14,0.07142857142857142,571.6428571428571,401.30903787175174,0.21428571428571427,2.70805020110221,6.350262236427693,1,0.057827574861700315
54219883e72aad869adfb2a54b7bfa0f,5,5,0.0,1350.0,0.0,0.6,1.791759469228055,7.208600337960199,1,0.10310722438370035
542917da124346b47ea1ac79a93ce454,20,20,0.0,65.19500000000001,38.94481319765186,0.15,3.044522437723423,4.192604931389621,1,0.2133145191338881
54583ab379489add547fe47b628db589,10,10,0.0,224.0,52.0,0.3,2.3978952727983707,5.41610040220442,1,0.21062604557388348
54965bbe3e4f07ae045b90b0b8541f52,86,78,0.0,127.45697674418606,76.95971543711843,0.08139534883720931,4.465908118654584,4.855594036944156,1,0.19219008982006736
54a1852d1b8f10312c55e906355666ee,204,200,0.0,84.44333333333333,37.10971442324992,0.029411764705882353,5.3230099791384085,4.447853388183702,1,0.1304326224763115
54aa8463e87776b5612f4bdc4bd5d4de,7,7,0.0,92.75714285714285,75.91617288906527,0.42857142857142855,2.0794415416798357,4.540707852424363,1,0.20707692756618173
54c04bdb5ec46762f8f08c7e8f86ed4a,19,18,0.0,172.71894736842106,82.40343355740622,0.21052631578947367,2.995732273553991,5.157438748290797,1,0.21781184677680732
55029529919c0123526150bd26ca8f20,7,7,0.0,64.85,75.65857991190236,0.42857142857142855,2.0794415416798357,4.18737942818929,1,0.19916312773328199
5563732abe64c3036cb97ad924128dd1,3,2,0.0,134.66666666666666,59.69552374806304,1.0,1.3862943611198906,4.9102008967744855,1,0.13863355275434225
5566627eab3fe93fd6ee08798226101a,5,5,0.0,17.1,4.261455150532499,0.6,1.791759469228055,2.89591193827178,1,0.14130010581176156
556a6409838156ea299c9d1f9e2dde43,4,4,0.0,340.7,322.96937161285126,0.75,1.6094379124341003,5.833933159121246,1,0.0932191952922245
557f22c76691849db52d2abccf0015d0,14,13,0.07142857142857142,61.84714285714285,18.133856034883426,0.2857142857142857,2.70805020110221,4.140705474291601,1,0.15016948780756129
55a5b51f93f2b70ea513f5a047b0262a,41,39,0.0,97.61707317073171,32.813139860903746,0.12195121951219512,3.7376696182833684,4.591244402508613,1,0.2081104295068475
55bb6fe5bebe5012e2d7d9928e1128ff,16,15,0.0,113.534375,60.91461831620858,0.25,2.833213344056216,4.740874996278397,1,0.22312782293957173
55c26bcb609f480eb7868594245febb5,6,6,0.0,110.73333333333335,34.81099762367567,0.5,1.9459101490553132,4.716115079939819,1,0.20220024397185193
55c96925041a14097b6a7825554f4ad5,10,6,0.0,29.48,2.9164361813693023,0.7,2.3978952727983707,3.4170707308184456,1,0.16277548368540545
55d3daac7c404d59e51c2aa2f4dc5a23,28,21,0.0,160.02142857142857,105.0821833380999,0.25,3.367295829986474,5.081537452844828,1,0.20564578001072958
55dedd83e501d8248880557d9073cbfd,9,8,0.0,117.25555555555555,52.60448039877109,0.4444444444444444,2.302585092994046,4.772848007710779,1,0.21265020706022958
55f7a3319d80f7fdf078b8f03e6725fe,22,22,0.0,136.99,49.36759150403317,0.13636363636363635,3.1354942159291497,4.927181218763463,1,0.21435980287305512
562f8cfc51f265411f487d07e9c40e7f,13,13,0.0,58.99384615384616,10.672992182615788,0.23076923076923078,2.6390573296152584,4.094241992859479,1,0.21044183923051224
562fc2f2c2863ab7e79a9e4388a58a14,270,260,0.007407407407407408,32.645185185185184,18.73597329567047,0.022222222222222223,5.602118820879701,3.5158699607174264,1,0.05206241517105448
5656537e588803a555b8eb41f07a944b,188,174,0.0,42.90388297872341,38.73264098932039,0.05319148936170213,5.241747015059643,3.782002766710004,1,0.13310701223332244
56642bcb79900e777d68e91915cb4267,56,48,0.0,65.315,39.77778063370124,0.17857142857142858,4.04305126783455,4.194416115946316,1,0.1971563139930858
5670f4db5b62c43d542e1b2d56b0cf7c,22,22,0.0,301.3677272727273,247.6119920346754,0.13636363636363635,3.1354942159291497,5.71164391662846,1,0.15632785443072417
56e361f411e38dcef17cdc2a3d99628b,10,5,0.0,129.8,55.35846818689977,0.8,2.3978952727983707,4.873669439023098,1,0.17234179734153093
56f413900b5166ab4d730e9ac0b12cb0,3,3,0.0,50.596666666666664,49.06849656913849,1.0,1.3862943611198906,3.943457070917676,1,0.15944352755381908
5721089ba9214e80074f27d5a03fc0eb,7,5,0.0,35.13285714285714,19.290475602731828,0.7142857142857143,2.0794415416798357,3.5872026215473807,1,0.18317504652813626
5741dc2bf5044c34d0698681c5081bed,3,3,0.0,29.899999999999995,4.76837158203125e-07,1.0,1.3862943611198906,3.4307561839036995,1,0.15430603378418678
575df70bde3f9f2b30bf8d2e9910d725,34,27,0.0,159.11911764705883,130.55466345259927,0.23529411764705882,3.5553480614894135,5.075918023536237,1,0.19296763910907566
577719699805dd125d5b6fdde5943bba,8,8,0.0,134.725,174.54557785862124,0.375,2.1972245773362196,4.910630779791514,1,0.18539420898982012
578fa3a9cb6b6dceab39231ad59cdaca,3,3,0.0,50.0,28.284271247461902,1.0,1.3862943611198906,3.9318256327243257,1,0.17050216320876305
5795aebfe331fbcd02a2c4b679fb7952,6,6,0.0,213.33333333333334,97.85817401843455,0.5,1.9459101490553132,5.36753243556951,1,0.18724042503976612
579891617139df7d8671d373f0669622,8,8,0.0,35.0375,4.9226358538896315,0.375,2.1972245773362196,3.5845600629645205,1,0.19219496599994784
57c764b4a836300be881e2ff86e449f9,30,29,0.0,40.36666666666667,51.26710012820655,0.13333333333333333,3.4339872044851463,3.7224754035424517,1,0.19790366556258054
57df9869a600bd6b7c405f2a862eccfb,5,5,0.0,25.0,0.0,0.6,1.791759469228055,3.258096538021482,1,0.16711428618847496
57e632711dec9ec14ca7546769483e7e,65,62,0.0,97.69323076923078,46.219926009583325,0.09230769230769231,4.189654742026425,4.592016360189082,1,0.20747405848851286
57fe6232e67823593374a2281d7a8af8,8,8,0.0,22.335,4.734202678382071,0.375,2.1972245773362196,3.149954379401779,1,0.16561444077872584
582d4f8675b945722eda7c0cb61ba4c7,71,59,0.0,66.23887323943661,108.27846255027606,0.16901408450704225,4.276666119016055,4.208251551104302,1,0.1781149532204464
5882820ef11c4c068eea0677a7a879b4,14,14,0.0,708.9642857142857,572.302107541042,0.21428571428571427,2.70805020110221,6.565214666959317,1,0.07278907937486645
58e4b302b54937e55a678c4d15111da4,3,3,0.0,93.26333333333334,30.928261437648814,1.0,1.3862943611198906,4.54609228405018,1,0.17547424030654207
58f1a6197ed863543e0136bdedb3fce2,45,44,0.0,151.84444444444443,49.45838005863813,0.08888888888888889,3.828641396489095,5.029420701221892,1,0.20637729501607222
59417c56835dd8e2e72f91f809cd4092,18,18,0.0,2025.5,1284.3547125999803,0.16666666666666666,2.9444389791664403,7.614065446068364,-1,-0.06557772056993538
594f9aaa48e5bf431f011ddc5669b0d5,38,37,0.0,85.49473684210527,40.95765430274761,0.10526315789473684,3.6635616461296463,4.460083566330647,1,0.20911747588006413
5962468f885ea01a1b6a97a218797b0a,9,8,0.0,87.88888888888889,54.65943944999487,0.4444444444444444,2.302585092994046,4.487387150331708,1,0.21362903476973377
596849622429351f47b32e6cae1055ff,14,14,0.0,78.90714285714286,76.3506989797335,0.21428571428571427,2.70805020110221,4.380865246237626,1,0.21255848768044094
59b22a78efb79a4797979612b885db36,133,125,0.0,204.39473684210526,185.09256831239776,0.045112781954887216,4.897839799950911,5.324933673223146,1,0.1340020256985303
59cd88080b93f3c18508673122d26169,12,10,0.0,32.69416666666667,4.535069750167981,0.4166666666666667,2.5649493574615367,3.517324726430875,1,0.18928767406800134
59cea8e446d3834393058e7e0666b6fb,10,10,0.0,69.66,64.55508035778439,0.3,2.3978952727983707,4.257879641930999,1,0.21228121166532699
59fb871bf6f4522a87ba567b42dafecf,128,126,0.0,169.598203125,47.04198248694982,0.0390625,4.859812404361672,5.139311102323329,1,0.15976915949828868
5a05a16bb50629ee31afab8a6d4c2674,15,14,0.0,52.95333333333333,18.293236151345358,0.26666666666666666,2.772588722239781,3.9881194753994462,1,0.2147176914962739
5a413ade68e8f8d93071a7f52a64cb9e,14,14,0.0,55.635714285714286,3.120807391607223,0.21428571428571427,2.70805020110221,4.036639780663094,1,0.20589201020887077
5a4236931428800e9d9cc04af0987118,3,1,0.0,14.99,0.0,1.0,1.3862943611198906,2.771963526845863,1,0.0735507813579358
5a425cc503b39b262a847fd6212bf53b,15,15,0.0,90.706,36.68029767236538,0.2,2.772588722239781,4.518587807874375,1,0.22140002003401693
5a6a02f419701fc8c605af71d4fc57a4,11,10,0.0,54.59090909090909,43.83928198121063,0.36363636363636365,2.4849066497880004,4.018019682328856,1,0.21070117551872503
5a8e7d5003a1f221f9e1d6e411de7c23,181,139,0.0055248618784530384,61.7232044198895,14.043803324995025,0.0718232044198895,5.204006687076795,4.138731465615398,1,0.12923013268544625
5a93f3ab0ef4c84ed5e1b5dbf23978bc,44,39,0.0,53.14204545454545,42.42832343973804,0.1590909090909091,3.8066624897703196,3.991611064310036,1,0.20263612291708116
5ab05b6d86d417796c69ffd6774ec832,12,10,0.0,157.175,50.85545078946798,0.4166666666666667,2.5649493574615367,5.063702015032948,1,0.21167530607701768
5abb8ea023c77787f2c15da891c8d384,13,13,0.0,172.3846153846154,148.7039073831146,0.23076923076923078,2.6390573296152584,5.155512337138185,1,0.1959757385914579
5acd070dd3fe441bbb2ec1f1ede515ee,8,7,0.0,95.52125,133.1315874837279,0.5,2.1972245773362196,4.569763191356768,1,0.1910318561813063
5b07547f10dd980738a1a27f685af669,14,13,0.0,81.04285714285716,29.71788096381689,0.2857142857142857,2.70805020110221,4.407241758814938,1,0.22337437096731527
5b0cc932433fa5184b5b94bfe6bcc256,17,12,0.0,84.5764705882353,17.84899171354819,0.35294117647058826,2.8903717578961645,4.449410369056618,1,0.2149644206956296
5b179e9e8cc7ab6fd113a46ca584da81,36,34,0.0,143.70833333333334,40.767391483063115,0.1388888888888889,3.6109179126442243,4.974720222396129,1,0.21222260070215881
5b2e94f2c22b39ccc24d34ad0f669672,10,10,0.0,94.978,24.32269590320942,0.3,2.3978952727983707,4.5641189985384765,1,0.21400243928625073
5b33b527da3c5b969cc99dc435cad09a,17,16,0.0,110.16411764705882,161.25337464991594,0.23529411764705882,2.8903717578961645,4.711007646713064,1,0.19530258223974034
5b35136197710e16ac5e7b7c2bd4ea85,9,7,0.0,344.9111111111111,371.4924866727738,0.5555555555555556,2.302585092994046,5.846181837749014,1,0.11157160775175518
5b51032eddd242adc84c38acab88f23d,14,12,0.0,234.28571428571428,80.49172856478445,0.35714285714285715,2.70805020110221,5.460800581122327,1,0.20836581574079055
5b581417df4480f632484ba681e53944,13,12,0.07692307692307693,137.73846153846154,35.7174281626801,0.3076923076923077,2.6390573296152584,4.932590589085392,1,0.1617255867750821
5b664594895aefb418afaee6d40a9a23,22,16,0.0,45.85454545454545,14.704598145191547,0.3181818181818182,3.1354942159291497,3.847048025419894,1,0.20751040011818317
5b67882648febfb6e1225e6ad7164f6b,30,27,0.0,227.116,309.1630599171468,0.2,3.4339872044851463,5.429854271503709,1,0.1483418905282931
5b8154610ebb21fb90eb587365e673df,41,38,0.024390243902439025,229.20829268292684,152.70579834539546,0.14634146341463414,3.7376696182833684,5.438984519457041,1,0.14875035747789522
5b85809efd0d0e4dea1a9544e1280ed9,14,12,0.0,128.9,59.818773928305404,0.35714285714285715,2.70805020110221,4.866764923676554,1,0.21877877296692927
5b925e1d006e9476d738aa200751b73b,63,63,0.0,122.9920634920635,59.321192716143265,0.047619047619047616,4.1588830833596715,4.820217559460425,1,0.19450398182067502
5b97c06a046398e7005b2b7c0d707a92,4,4,0.0,379.99,0.0,0.75,1.6094379124341003,5.94277312806309,1,0.1505278426922383
5bc24d989e71e93c33e50a7782431b0e,17,17,0.0,185.1764705882353,87.1204610897143,0.17647058823529413,2.8903717578961645,5.22669499052206,1,0.2135592477334649
5bc55dbe2f12b6af6d83ed46023e0dc8,21,17,0.0,142.48095238095237,40.57452425032966,0.3333333333333333,3.091042453358316,4.966202290368233,1,0.21657559716212454
5bf397d04035b5f45cc41e82ec106803,4,3,0.0,381.25,218.67141445557075,1.0,1.6094379124341003,5.946074844809171,1,0.09975274068146772
5bffbafbb22daf6d3bfc216a46db8708,23,21,0.0,227.81304347826085,298.7639731559926,0.21739130434782608,3.1780538303479458,5.432905266089919,1,0.1584040557925257
5c030029b5916fed0986310385ec9009,10,7,0.0,416.43999999999994,275.8174258454314,0.6,2.3978952727983707,6.0341408213884185,1,0.12182379975638225
5c243662ce92d84573bfaff24c3e3700,100,98,0.0,328.62020000000007,129.4552005133821,0.05,4.61512051684126,5.797941082565148,1,0.1311928838938604
5c3460cd3e8a984382ae254e7dd20d9f,10,9,0.0,77.576,47.04989823580919,0.4,2.3978952727983707,4.364066309296889,1,0.21738145765788197
5c6d4016c2a288f074fa0848a2b653d2,35,32,0.0,90.25714285714285,75.13444059328123,0.17142857142857143,3.58351893845611,4.513681267285544,1,0.21205653065492763
5c853bb56f70f4d14218944bae111d7a,24,23,0.0,10.96375,2.527351730731865,0.16666666666666666,3.2188758248682006,2.481881244527979,1,0.1266112575663898
5cbbd5a299cab112b7bf23862255e43e,38,36,0.0,71.73842105263158,57.43302454192396,0.13157894736842105,3.6635616461296463,4.28686973259561,1,0.21196432800897025
5cf13accae3222c70a9cac40818ae839,156,149,0.0,92.2,8.465268408666661,0.038461538461538464,5.056245805348308,4.534747721691546,1,0.1458940615689724
5cf1ec37aea089f45110c70653a166ab,3,3,0.0,16.666666666666668,2.357022603955144,1.0,1.3862943611198906,2.8716796248840124,1,0.11602627229765222
5d0363b33554b373851fc1622e4d5f3c,95,94,0.0,69.58726315789474,36.1429263208724,0.042105263157894736,4.564348191467836,4.256849719695217,1,0.18286612959340004
5d378b73ab7dd6f0418d743e5dcb0bd1,7,7,0.0,1891.857142857143,155.90420920866572,0.42857142857142855,2.0794415416798357,7.545842682359055,1,0.08558631475454925
5d3bb11474a06bdc23fb9e89f1164ee0,32,31,0.0,114.20625,81.97631493875228,0.125,3.4965075614664802,4.746724000262347,1,0.21119264135239352
5d76d80a2f5f39c891b996a1bf4c9853,6,6,0.0,206.41666666666666,44.589251943589396,0.5,1.9459101490553132,5.3347296525795915,1,0.1948673787099915
5d9dc90a686a8fddacffab6bab5653a3,12,12,0.0,313.495,839.9337563314145,0.25,2.5649493574615367,5.750968177762925,1,0.028486693189242795
5dc203c7b84a0e71e878a179de05fb9a,5,5,0.0,84.38,53.940500553851,0.6,1.791759469228055,4.447111881329816,1,0.20430407216517005
5dceca129747e92ff8ef7a997dc4f8ca,346,325,0.002890173410404624,324.14893063583816,334.9308622828749,0.02601156069364162,5.849324779946859,5.784283325476409,-1,-0.018861643103897152
5debea795b07621e1f90532e18f96145,33,25,0.0,57.084242424242426,71.46355506979734,0.18181818181818182,3.5263605246161616,4.061894412343453,1,0.20540542703367515
5def4c3732941a971cba8fdee992ede1,6,5,0.0,22.46666666666667,17.434225598581143,0.6666666666666666,1.9459101490553132,3.155580974495887,1,0.15403817800203623
5e105f5c9f63f5f1fd75d6cb942e55b1,8,8,0.0,183.9875,216.3587901929339,0.375,2.1972245773362196,5.220288255227967,1,0.1706079544641576
5e49e3a44bdeb5aab2684258bbd4f525,3,3,0.0,169.0,0.0,1.0,1.3862943611198906,5.135798437050262,1,0.16616072463179365
5ee7fd217d08dfe5d3e2f51f96a12c9a,9,9,0.0,129.5,16.04805284138849,0.3333333333333333,2.302585092994046,4.871373226762748,1,0.21086966446884248
5eeb9c756d9780b96283e5a2ac6da334,9,9,0.0,274.55555555555554,88.51128127860456,0.3333333333333333,2.302585092994046,5.618789261822808,1,0.1965302196976142
5ef131ac72773e5b3f6c0d63cf424657,11,10,0.0,52.344545454545454,16.366024320711343,0.36363636363636365,2.4849066497880004,3.976771731743788,1,0.20965052487945401
5f0057b677eb963672bf05dfa3f16c34,5,5,0.0,62.576,44.4818869204084,0.6,1.791759469228055,4.152236040637878,1,0.20158449043825966
5f06030071324cc52bf0304014ac7234,4,4,0.0,195.99,0.0,0.75,1.6094379124341003,5.283152966028264,1,0.18054086097862787
5f1dc28029d2c244352a68107ec2b542,78,62,0.0,35.991025641025644,30.62277280607809,0.1282051282051282,4.3694478524670215,3.610675332981607,1,0.18341015964465485
5f2684dab12e59f83bef73ae57724e45,74,68,0.013513513513513514,121.6333783783784,51.65146760890852,0.0945945945945946,4.31748811353631,4.8091992407574065,1,0.17642246010729484
5f26c1408a65b42a7224cd463bdf3292,10,10,0.0,113.97999999999999,96.92481416025518,0.3,2.3978952727983707,4.744758200195145,1,0.20805472852064205
5f3ae9136c875522250f8184f253413a,46,43,0.0,25.17391304347826,9.169483527786692,0.13043478260869565,3.8501476017100584,3.2647632293796716,1,0.16620318330101091
5f5a58930c3c35f3b5af264f34fb8c85,3,3,0.0,186.66666666666666,67.41084647311756,1.0,1.3862943611198906,5.234667339471581,1,0.15471388788825374
5f5b43b2bffa8656e4bc6efeb13cc649,29,27,0.0,126.8,60.32593083438071,0.1724137931034483,3.4011973816621555,4.850466541943434,1,0.21535526426102525
5f67c6082caacb26e431a7b17940cece,14,13,0.0,118.75714285714285,115.0498756085856,0.2857142857142857,2.70805020110221,4.785465882588499,1,0.21139593742721624
5f7300535881cef3b625fd683cf7d145,11,10,0.0,60.54363636363637,26.16516534795739,0.36363636363636365,2.4849066497880004,4.119746457580039,1,0.21231764161951333
5fd924b4836098a5be0ecf81ba054ce0,8,7,0.0,143.6,147.0090813521396,0.5,2.1972245773362196,4.973971309724664,1,0.18646920070923062
602044f2c16190c2c6e45eb35c2e21cb,57,50,0.0,65.59929824561404,15.841241629040509,0.10526315789473684,4.060443010546419,4.1986940406381885,1,0.20244751393648103
6025c79c035c3d772133b8b8238463b2,4,2,0.0,247.435,212.18161848991537,1.0,1.6094379124341003,5.515181241904938,1,0.09345589664170889
6039e27294dc75811c0d8a39069f52c0,75,64,0.0,182.276,99.414165107393,0.17333333333333334,4.330733340286331,5.210993213376309,1,0.18169208902672618
60562ab00b8054280520d390c8c0045c,17,17,0.0,173.11764705882354,27.370835386553008,0.17647058823529413,2.8903717578961645,5.15973120326189,1,0.2137000895837886
6061155addc1e54b4cfb51c1c2a32ad8,33,28,0.0,473.73939393939395,515.4019795939182,0.24242424242424243,3.5263605246161616,6.1627660091361465,1,0.07719405329063156
606ce7768feac12c5e8bd58db8b08f0f,5,5,0.0,583.3199999999999,306.9300663017556,0.6,1.791759469228055,6.370448777966549,1,0.10056641885832263
609e1a9a6c2539919b8205cf7c4e6ff0,130,87,0.0,50.73253846153846,20.329172305658098,0.1076923076923077,4.875197323201151,3.94608695417312,1,0.167317879912378
60da8bfa7eebe230b7d66ac4082d79b3,3,3,0.0,28.866666666666664,15.603489638183154,1.0,1.3862943611198906,3.396743031312775,1,0.1583600993994338
610f72e407cdd7caaa2f8167b0163fd8,17,16,0.0,799.1270588235294,494.87296849815203,0.23529411764705882,2.8903717578961645,6.684770538586218,1,0.06922204944994637
612170e34b97004b3ba37eae81836b4c,110,107,0.0,209.68200000000002,225.53279153151982,0.05454545454545454,4.709530201312334,5.3503498876401885,1,0.12133593286049976
612a743d294c27884fb7b80d2b19ba35,3,2,0.0,1019.2333333333335,1400.5428312701551,1.0,1.3862943611198906,6.927786638287091,-1,-0.10089101981973958
615005a3ef192c00c6f0e977cee3d2bc,11,10,0.0,26.045454545454547,4.320009182726687,0.36363636363636365,2.4849066497880004,3.297518952187314,1,0.18164840777956504
61b18775be84fb700a6b2d0ba097bf66,5,4,0.0,66.9,19.8997487421324,0.8,1.791759469228055,4.21803603456465,1,0.19193802151569167
61f159ef6da2d441951d2c0efa719362,3,3,0.3333333333333333,51.656666666666666,27.182510717166814,1.0,1.3862943611198906,3.963792852912896,1,0.03711467670943258
620c87c171fb2a6dd6e8bb4dec959fc6,798,740,0.011278195488721804,143.82769423558898,100.89197263187302,0.020050125313283207,6.683360945766275,4.9755447201971075,-1,-0.053372418372102604
6219ba2359cfb97f2e38fd4c321eb309,6,6,0.0,81.25,45.21923447678728,0.5,1.9459101490553132,4.409763389645481,1,0.20447787246265042
624f4ece8da4aafb77699233d480f8ef,55,53,0.0,167.36363636363637,26.33791849051893,0.09090909090909091,4.02535169073515,5.126126142407754,1,0.19573591729241263
626ab1cd96932367f0eeec2e47046c12,3,3,0.0,436.6666666666667,179.133717900592,1.0,1.3862943611198906,6.081457585634687,1,0.10039202463564784
62760d278921b5f352461620d68a9cee,3,3,0.0,132.33333333333334,47.140452079103135,1.0,1.3862943611198906,4.892852258439873,1,0.16808525860785983
6288c69c4ce638e59925e59193f98b16,22,22,0.0,204.83090909090907,169.12282964834898,0.13636363636363635,3.1354942159291497,5.327055002068676,1,0.1889971664641566
62c50c1af4dfdc4149d25c5222043d39,19,14,0.0,146.61684210526317,51.56642237293071,0.42105263157894735,2.995732273553991,4.994620012060953,1,0.20773358849943746
630008e0f062605a415d694489f6f82e,3,2,0.6666666666666666,35.050000000000004,0.2121320343550639,1.0,1.3862943611198906,3.584906863730958,-1,-0.0334014886698607
6338ea67c41078a46ad99cc009654956,44,37,0.0,51.95659090909091,32.10604813760894,0.1590909090909091,3.8066624897703196,3.969472538504939,1,0.2040098314087333
633ecdf879b94b5337cca303328e4a25,6,6,0.0,172.9333333333333,89.14259488158416,0.5,1.9459101490553132,5.158672084034518,1,0.1908610414995311
634964b17796e64304cadf1ad3050fb7,326,268,0.003067484662576687,121.0585889570552,74.96544952542362,0.0705521472392638,5.7899601708972535,4.804501166809116,1,0.08426999737820884
638cba8be1fb599bbb76fd6948351eb3,26,17,0.0,23.007692307692306,6.379590237439483,0.34615384615384615,3.295836866004329,3.178374291815197,1,0.15857692643217047
63a79f5a7eb5cb48a7e5787b141c7993,11,11,0.0,74.10000000000001,30.491101533517472,0.2727272727272727,2.4849066497880004,4.318820558770089,1,0.21666438250326647
63b464dbf392c7b80d12d932fa7cafed,39,37,0.0,173.87179487179486,7.466779373621454,0.1282051282051282,3.6888794541139363,5.164053104707861,1,0.19583375931820252
63b9ae557efed31d1f7687917d248a8d,7,5,0.0,19.928571428571427,7.521533712465503,0.7142857142857143,2.0794415416798357,3.041115279401809,1,0.1455997815019172
63ffcb71394dd8ea3872ed9ffda17c74,17,17,0.0,23.470588235294116,5.158290266891614,0.17647058823529413,2.8903717578961645,3.197471916205047,1,0.17187180310404765
640e21a7d01df7614a3b4923e990d40c,137,116,0.0,55.46627737226277,15.064332943013282,0.08759124087591241,4.927253685157205,4.033643599292244,1,0.1595929237513397
6426d21aca402a131fc0a5d0960a3c90,23,23,0.0,52.59304347826087,18.79870889062947,0.13043478260869565,3.1780538303479458,3.9814192738005016,1,0.20281140786122898
643214e62b870443ccbe55ab29a4dccf,68,66,0.0,48.09014705882353,49.9516620018101,0.07352941176470588,4.23410650459726,3.8936583437636516,1,0.18762792865985595
6481e96574816ead57975da2c0f6d80d,43,32,0.0,77.3232558139535,81.71889376822229,0.20930232558139536,3.784189633918261,4.360844568016461,1,0.19804958450538174
64b87978a11c1ea7501a89eabe8c2c1a,7,7,0.0,69.99,9.5367431640625e-07,0.42857142857142855,2.0794415416798357,4.262539022051294,1,0.1961814963618742
651fe66032c9520ee5587f694908040d,7,7,0.0,66.28571428571429,29.63932853352733,0.42857142857142855,2.0794415416798357,4.208947944961104,1,0.20899296054324767
6548c2550b6e2d8f18053216e1c7b6f3,5,3,0.0,43.54,37.12662656369415,1.0,1.791759469228055,3.7963876618292214,1,0.15759789711244387
655220df33262c7e0c4949a147366f94,15,13,0.0,149.66666666666666,29.992591677872028,0.3333333333333333,2.772588722239781,5.015069891164122,1,0.21693560716481458
6560211a19b47992c3666cc44a7e94c0,2033,1854,0.003935071323167732,60.65166256763404,33.64539174137604,0.006886374815543532,7.617759576608505,4.121500197091562,-1,-0.09957484019877794
6562efe88ce0826a4ca4f189f03b4b84,21,9,0.0,54.09047619047618,8.505567071149015,0.5714285714285714,3.091042453358316,4.0089768553114205,1,0.18674315117479995
656591be56071d4c9ef4e5fee78a578a,11,7,0.0,154.72727272727272,129.79640764680866,0.6363636363636364,2.4849066497880004,5.048106225525749,1,0.17656346466069656
657969cca82e884d272385ec0ef06edd,3,3,0.0,46.56666666666666,16.49915822768612,1.0,1.3862943611198906,3.862132235814681,1,0.17076890277631235
659e8466eb3ff1b0e8740d74fb7bbedd,14,11,0.0,106.2,54.529402291660176,0.42857142857142855,2.70805020110221,4.674696248636701,1,0.21601819842949072
65a7c0788e4d632ccb5e1b594b87f0bb,9,3,0.0,29.633333333333333,28.379961631796164,1.0,2.302585092994046,3.422088740693532,1,0.13877447581860303
65b081a070633e057c462abdd6fb9dd8,20,19,0.0,94.25450000000001,74.0513761840386,0.2,3.044522437723423,4.556552256985332,1,0.21747840932174017
65febd49fd28ec955651299159b1f527,40,35,0.0,107.99249999999999,134.3704730167681,0.15,3.713572066704308,4.69127907252236,1,0.19845158607329155
661ad5fcc28cdfb8bcadb12bb2272475,7,4,0.0,29.99,0.0,0.8571428571428571,2.0794415416798357,3.433664571799657,1,0.15980459753400622
6650fcccd8cd2f7e55ffa524f30c4c59,3,3,0.0,176.5666666666667,18.85618083164105,1.0,1.3862943611198906,5.179346125254844,1,0.1690182604265073
66922902710d126a0e7d26b0e3805106,156,151,0.0,92.06602564102563,26.638028284224397,0.04487179487179487,5.056245805348308,4.533309194385057,1,0.15600385797212957
669ae81880e08f269a64487cfb287169,186,162,0.005376344086021506,71.23048387096775,31.995698085874416,0.06451612903225806,5.231108616854587,4.279862171070744,1,0.12728357506440802
66d5ae34537110d3affc56174dad2b2f,3,1,1.0,11.270000000000001,0.0,1.0,1.3862943611198906,2.5071572587228204,-1,-0.08213156886869488
66dc1b1632bd6a3e508510c5b3492107,42,37,0.0,88.60452380952381,58.2781571514038,0.19047619047619047,3.7612001156935624,4.495405807651939,1,0.21023555364736862
66e0557ecc2b4dbea057e93f215f68d8,31,31,0.03225806451612903,402.5806451612903,47.669408729457174,0.0967741935483871,3.4657359027997265,6.000376331832253,1,0.12454002442770862
66fd84ee7528c0c0de85d0f44a73d5ab,21,11,0.0,68.48142857142857,56.69366331314239,0.47619047619047616,3.091042453358316,4.241059502062922,1,0.19518480281284273
670a9dda115b5a88b18cfadee8de2332,11,11,0.0,83.53636363636365,12.264306875665481,0.2727272727272727,2.4849066497880004,4.437181780685781,1,0.21337236612316746
670c26e0f1bf8d0576271d5cfaec6d2b,87,78,0.0,72.89195402298851,27.1620476366193,0.10344827586206896,4.477336814478207,4.302603945477128,1,0.19395802655723143
671585f5a2af58b6e276bc01003c0d2b,27,27,0.0,46.074074074074076,18.49910093095803,0.1111111111111111,3.332204510175204,3.851722405185125,1,0.2004229671652824
67225bff54a172ff67579aaf583efd78,8,8,0.0,154.75,125.16564025322604,0.375,2.1972245773362196,5.048252157667562,1,0.19788796580436713
6750d71153f00fc58829af2a8ef1bcf1,6,6,0.0,585.6666666666666,991.7604997623614,0.5,1.9459101490553132,6.374456799364087,-1,-0.016473832216826856
67883baaae6134ee81b271a542613728,19,19,0.0,429.8894736842105,527.2877461667565,0.15789473684210525,2.995732273553991,6.065851615649029,1,0.08416963905411701
679769a98cfcc6da877c8486ff1c13f3,21,21,0.0,334.7142857142857,44.0315285926354,0.14285714285714285,3.091042453358316,5.816260458082891,1,0.1803688235583517
67bf6941ba2f1fa1d02c375766bc3e53,22,16,0.0,255.0,55.65151308896203,0.36363636363636365,3.1354942159291497,5.545177444479562,1,0.20099127202072958
67e43d802fde8cfd3f9580124f8167d1,3,2,0.3333333333333333,12.0,0.0,1.0,1.3862943611198906,2.5649493574615367,-1,-0.010871971753983023
6806dad1da97bfb5a9038eac6881f706,14,10,0.0,105.5,99.60116895470082,0.5,2.70805020110221,4.66814498514948,1,0.19732553075808573
681fce914360217db47784ae28905a96,24,23,0.0,171.97208333333333,137.18161140677609,0.16666666666666666,3.2188758248682006,5.153130213461146,1,0.20224475877009346
6824a69c9ea0313eba299dd4a2dba09a,7,6,0.0,95.27142857142857,41.054379069915626,0.5714285714285714,2.0794415416798357,4.567171582896858,1,0.21033452985151063
6860153b69cc696d5dcfe1cdaaafcf62,84,74,0.0,45.56702380952381,27.85645478673026,0.13095238095238096,4.442651256490317,3.8408926470612546,1,0.1846418347610141
6861de0f40cacb0602e473c51639f980,8,5,0.0,84.25,156.76076518057698,0.75,2.1972245773362196,4.445588116163626,1,0.15829237568961568
6879c4d287a8dd06b11f54ea8f78e4da,6,6,0.0,87.945,90.71208312567846,0.5,1.9459101490553132,4.488018201177233,1,0.19151637718933673
688756f717c462a206ad854c5027a64a,101,83,0.0,59.074653465346536,35.12293478131049,0.12871287128712872,4.624972813284271,4.095588013238797,1,0.18256596533043845
68ca56ce86830f3d31b1b7ec6a54da3e,6,6,0.0,119.93166666666667,74.60727409054846,0.5,1.9459101490553132,4.795225647779998,1,0.19792426304149108
68f86ba270525243e68ae74044f992b9,12,11,0.0,73.04166666666667,22.540757837501566,0.3333333333333333,2.5649493574615367,4.304627997806706,1,0.21581629163643246
6973a06f484aacf400ece213dbf3d946,115,95,0.034782608695652174,95.74826086956521,34.387021319624296,0.08695652173913043,4.7535901911063645,4.57211235623996,1,0.13212041116113016
6989574bd97d9773f10d232b6c07da59,7,7,0.0,354.0571428571428,40.19210502228566,0.42857142857142855,2.0794415416798357,5.872278742316581,1,0.18093793765207855
698f5fa55a5f73d0740e9d9a773e8093,6,4,0.0,20.0,17.88854381999832,0.8333333333333334,1.9459101490553132,3.044522437723423,1,0.13722563279450728
69a43819c758c65a5befb0b471c954d7,3,2,0.0,99.95,0.0,1.0,1.3862943611198906,4.614625344758847,1,0.14809797893526833
6a0cbc8af2e8abd1bdfb777943d174c6,35,35,0.0,111.25857142857143,8.325078169639793,0.08571428571428572,3.58351893845611,4.720804883872522,1,0.19839404332523924
6a38087bc8ad4f89ff453561005f6dea,22,15,0.0,83.33772727272728,51.64398292257712,0.45454545454545453,3.1354942159291497,4.4348293007502955,1,0.19677722779081602
6a51fc556dab5f766ced6fbc860bc613,33,26,0.030303030303030304,229.62636363636364,90.68540949826365,0.21212121212121213,3.5263605246161616,5.440798927563712,1,0.1697953018734411
6a53b90c3ad9e0b56d9fe5c69165fff5,4,2,0.0,34.945,14.954999999999995,1.0,1.6094379124341003,3.581989992435835,1,0.14119475899387768
6a8a889bde935bafa76d7848782dfaf9,30,26,0.0,28.694,2.7937592356297865,0.23333333333333334,3.4339872044851463,3.390945005197804,1,0.17515609319854636
6a8b085f816a1f75f92dbac6eb545f8f,135,127,0.0,44.58496296296296,34.488396972596,0.044444444444444446,4.912654885736052,3.8195779025535472,1,0.15141807577237293
6aa3928696eab49a19a466e665a649fd,22,18,0.0,94.31818181818181,86.28303655235028,0.2727272727272727,3.1354942159291497,4.557220577543604,1,0.21461475932704116
6b15924333bd1a741595fe981ea04822,21,21,0.0,29.25333333333333,8.946663827974854,0.14285714285714285,3.091042453358316,3.409606371243531,1,0.18477627041001765
6b243f80ed07b10f0e8aa0f21a205f3c,89,79,0.0,70.33820224719102,30.995815250775706,0.11235955056179775,4.499809670330265,4.2674319798261635,1,0.19305011379007042
6b333a05bf188ef3e1f1662a86bd9855,13,12,0.0,306.9930769230769,315.3823883035814,0.3076923076923077,2.6390573296152584,5.730077305198473,1,0.15094967496625572
6b3bd31ad8fcda4b2635ec9f3ff2ecdf,43,36,0.0,97.64883720930231,29.596027169694857,0.18604651162790697,3.784189633918261,4.591566445367249,1,0.21032184572555773
6b536a23086fba0d58c08d68814397f6,23,19,0.0,89.94782608695652,65.63819056381347,0.2608695652173913,3.1780538303479458,4.510286002391018,1,0.22100979999383663
6b803197e03abd5056b4313306b4f29d,12,7,0.0,33.916666666666664,8.683877142280538,0.5833333333333334,2.5649493574615367,3.5529642701341375,1,0.18330830846649993
6b89abe95848c850399130d149a39b63,8,8,0.0,141.9,6.928203230275509,0.375,2.1972245773362196,4.9621450849358215,1,0.2038724190395932
6b90f847357d8981edd79a1eb1bf0acb,47,45,0.0,70.68255319148936,46.43698862577277,0.10638297872340426,3.871201010907891,4.272247387333235,1,0.20991662153895418
6b9b80d53ba3676eafe60268a810b5a1,10,10,0.0,88.27000000000001,20.864086368686234,0.3,2.3978952727983707,4.4916654851912705,1,0.21435664641918922
6ba4733aa33f6386e9fb0c0fd3993b38,3,3,0.0,49.93,10.829056591719654,1.0,1.3862943611198906,3.9304521408965134,1,0.17286254370264614
6bb0724edf0b62fb91ac404873a97241,18,17,0.0,202.94444444444446,89.77408201964047,0.2222222222222222,2.9444389791664403,5.3178476256006695,1,0.21576739901012854
6bb62a4912377c7bfe7cb17b406bc7e6,6,4,0.0,123.25333333333333,105.90322762891708,0.8333333333333334,1.9459101490553132,4.822322492249345,1,0.1650183247219254
6bb66d9870c2e01c05655c7ed0e7ee13,3,3,0.0,89.66666666666667,4.109609335312515,1.0,1.3862943611198906,4.507189777627888,1,0.1757748687816882
6bbcb8924baf70b7fe2fe2097e8cd407,11,10,0.0,216.5909090909091,160.3055687488767,0.36363636363636365,2.4849066497880004,5.382616736034193,1,0.19132394125525864
6bd503a8230299c9316fb0f726933927,5,4,0.0,64.85799999999999,20.137275287386835,0.8,1.791759469228055,4.18750090904102,1,0.19137339624232974
6bd69102ab48df500790a8cecfc285c2,5,5,0.0,1614.0,692.9531008661409,0.6,1.791759469228055,7.387090235656757,-1,-0.018456284498244102
6c12e40690c335dbc2f68a4134d30dc1,18,16,0.0,507.73333333333335,657.5090873896726,0.2777777777777778,2.9444389791664403,6.231923976187423,1,0.05627897104137025
6c177e38df6d3f34182b1f1d427231bf,56,55,0.0,148.9623214285714,63.33926938635058,0.07142857142857142,4.04305126783455,5.010384072066453,1,0.1977420448203619
6c17baf138731a4aaacc3210adf2037b,5,4,0.0,107.75999999999999,28.312301213430214,0.8,1.791759469228055,4.68914361976427,1,0.18844135055769068
6c1b6d0c604b776f844125f911eb7377,5,5,0.2,88.612,48.681497265388224,0.6,1.791759469228055,4.495489239584683,1,0.09191613651134373
6c6e3d67f969468f3bfd33f827a31222,6,5,0.0,37.333333333333336,13.24973794290118,0.6666666666666666,1.9459101490553132,3.6463198396951406,1,0.1823749213613592
6c7d50c24b3ccd2fd83b44d8bb34e073,128,114,0.0078125,67.96359375,34.84655041962492,0.0703125,4.859812404361672,4.233578738541658,1,0.14673990446690116
6c9875b2f94ba781186f0c1aed8d1687,4,2,0.0,6.25,0.4330127018922193,1.0,1.6094379124341003,1.9810014688665833,1,0.083780164437533
6c99c983ce3b6ba0ab813e6790e81691,9,9,0.0,60.75,28.223368961829404,0.3333333333333333,2.302585092994046,4.123093975508087,1,0.2096399366708412
6cd68b3ed6d59aaa9fece558ad360c0a,157,149,0.0,71.26477707006369,30.782993641973313,0.03821656050955414,5.062595033026967,4.2803368330010585,1,0.14805738771283294
6cf476a4ca74498db55cbccdaa9dcfb6,7,6,0.14285714285714285,134.2757142857143,179.73052390868332,0.5714285714285714,2.0794415416798357,4.907315023764086,1,0.08079678406984248
6d1b9c9579132c87d2703ec38c30f2c5,4,4,0.0,74.9225,15.02253369941304,0.75,1.6094379124341003,4.32971308315888,1,0.19724644734914204
6d22a1fcebb6dd08c9cd90b92a93e8d0,13,12,0.0,55.66923076923077,42.33956841129156,0.3076923076923077,2.6390573296152584,4.037231396227231,1,0.21429923287313446
6d2f2e3b539480db1e0842b3a4e32e6e,6,3,0.0,50.99333333333333,31.11741241741601,1.0,1.9459101490553132,3.951115505234242,1,0.16621411879894976
6d66611d7c44cc30ce351abc49a68421,176,166,0.0,77.23522727272727,51.59860494011954,0.03977272727272727,5.176149732573829,4.359720022750469,1,0.1512775160452523
6d7f8d9d594e28796b6b3205b00f459c,3,3,0.0,139.29999999999998,56.14427842621191,1.0,1.3862943611198906,4.943782987108415,1,0.1628544908365065
6d803cb79cc31c41c4c789a75933b3c7,66,58,0.0,131.9909090909091,49.45745869316048,0.09090909090909091,4.204692619390966,4.89028077318567,1,0.2011206933017038
6d988d6174a2c27441597174f8905515,23,19,0.0,16.16217391304348,4.447015566423742,0.30434782608695654,3.1780538303479458,2.842707770945254,1,0.13649444389015397
6da1992f915d77be95d7fa48b36904af,9,7,0.0,29.0,0.0,0.5555555555555556,2.302585092994046,3.4011973816621555,1,0.17954814132624225
6ddc28b61be28373b4503a1f61cf98a9,11,11,0.0,157.53636363636363,73.15770353679004,0.2727272727272727,2.4849066497880004,5.065983990577044,1,0.21441753314171413
6df688df543f90e9b38f4319e75a9d88,56,40,0.0,34.82071428571429,28.558070779250002,0.17857142857142858,4.04305126783455,3.578526337408462,1,0.18315732987767913
6e0908ef4d4efadbc3cc2b74ea477cb0,11,8,0.0,53.58636363636363,21.190961740896356,0.5454545454545454,2.4849066497880004,3.9997841013083217,1,0.2059021644904564
6e13dd869aa7185f601c941423abcc8f,6,5,0.0,87.0,4.281744192888341,0.6666666666666666,1.9459101490553132,4.477336814478207,1,0.1937361365702811
6e1862e15f33d9994bc25922a85e1efc,14,8,0.0,52.32071428571429,34.955553506107826,0.6428571428571429,2.70805020110221,3.976324891426974,1,0.18400980906435122
6e386f64c84e482f0b9abf960797ee1b,30,30,0.0,431.27666666666664,239.20620488514842,0.1,3.4339872044851463,6.069065815353755,1,0.1372843071253611
6e4a902d1054e4e17aa6eab87fac1c75,8,7,0.0,73.32125,22.83823736494346,0.5,2.1972245773362196,4.30839691352453,1,0.2072119203719659
6e4f5ff6b086632ba8dcb558fb10249e,5,5,0.0,167.78,55.86728559720791,0.6,1.791759469228055,5.12859609172982,1,0.1992231722305211
6e864f5c4669eff3d98140a07cc50202,13,13,0.0,56.96846153846154,50.38769871951408,0.23076923076923078,2.6390573296152584,4.059899096073508,1,0.21217725333761223
6eb94e1466490d327a09abf8f3552a50,10,10,0.0,151.195,40.339038473915096,0.3,2.3978952727983707,5.025162593376793,1,0.21471972171227882
6ec1a01e866584bb679eb9b098345919,32,31,0.0,132.7784375,130.7689277673928,0.125,3.4965075614664802,4.896184979998792,1,0.2001831773226227
6edacfd9f9074789dad6d62ba7950b9c,219,208,0.0045662100456621,60.032420091324205,28.810446467384136,0.0273972602739726,5.393627546352362,4.111405199896436,1,0.10482980750908816
6ee85be3693ed79a8e80718743d80655,13,9,0.38461538461538464,37.26923076923077,12.202798204660633,0.5384615384615384,2.6390573296152584,3.6446461991371106,1,0.028055135189718472
6eeed17989b0ae47c9f11ece6f38ea90,3,3,0.0,185.66666666666666,67.98692684790383,1.0,1.3862943611198906,5.2293244950610855,1,0.15501038246370213
6f1a1263039c76e68f40a8e536b1da6a,7,4,0.0,36.62714285714286,1.9250507546980131,0.8571428571428571,2.0794415416798357,3.627725674461042,1,0.16815897059455953
6f229cc508fc6915ed5c499efd93baa4,14,13,0.0,189.62857142857143,99.8011911507174,0.2857142857142857,2.70805020110221,5.250326882549169,1,0.21564332460306374
6f83d9e4da896daae20b9b6b2d3ff8d2,11,11,0.0,69.56272727272727,16.14609105010706,0.2727272727272727,2.4849066497880004,4.256502062775939,1,0.21311207994568399
6f892e20a171e98efe17fdb971ff319b,53,44,0.0,121.48490566037738,68.37174578155448,0.16981132075471697,3.9889840465642745,4.807987803293725,1,0.20501123556116713
6fa9202c10491e472dffd59a3e82b2a3,3,3,0.0,2338.08,0.0,1.0,1.3862943611198906,7.757512968649987,1,0.0572931439394867
6fc26fe110feebd80a433e1f012a84f9,72,35,0.0,57.65097222222222,3.893923742234775,0.19444444444444445,4.290459441148391,4.071604151641074,1,0.18029001343941248
6fd52c528dcb38be2eea044946b811f8,84,67,0.0,92.17880952380952,46.76316492519364,0.14285714285714285,4.442651256490317,4.5345203302157016,1,0.198787325327537
7008613ea464bad5cb9b83456e1e6a8f,156,127,0.0,49.8525641025641,26.808325937649002,0.09615384615384616,5.056245805348308,3.9289305460524657,1,0.15299379830759402
700f03c207639c22d933381ff60b35c2,4,4,0.0,297.46500000000003,87.54528214015866,0.75,1.6094379124341003,5.698652673026671,1,0.1617577505543042
70125af26c2d6d4ef401a1d02ae7701f,8,5,0.0,46.4,27.073972741361775,0.75,2.1972245773362196,3.858622228701031,1,0.18772014008086568
70126eecc6aa1274392a1743866e9678,3,3,0.0,32.46666666666666,8.956685895029612,1.0,1.3862943611198906,3.510549918589519,1,0.15975939093646502
701938c450705b8ae65fc923b70f35c7,112,75,0.0,106.99357142857143,4.821341665883416,0.1875,4.727387818712341,4.682071701543084,1,0.15887006353618516
7040e82f899a04d1b434b795a43b4617,228,212,0.017543859649122806,42.71140350877193,46.757159614578235,0.043859649122807015,5.43372200355424,3.7776090179175337,1,0.07492606590407702
70849ca4f400aaabb62cb7462a6f1428,12,12,0.0,75.79833333333333,72.11910817452534,0.25,2.5649493574615367,4.341182938529259,1,0.2120716418768172
709e16e2b25c7474d980076c6bfc4806,80,60,0.0,64.39874999999999,49.74274945595087,0.15,4.394449154672439,4.180503145130647,1,0.19740278027562191
70a12e78e608ac31179aea7f8422044b,328,315,0.0,94.08088414634146,74.94471136590151,0.027439024390243903,5.796057750765372,4.554727941421638,1,0.08827818070181959
70b52a4cfc823994561b00bad161b4ed,10,8,0.0,58.5,0.0,0.5,2.3978952727983707,4.085976312551584,1,0.19399479043704276
70bf57d811208f8923b41bbd499a67a4,7,7,0.0,111.54285714285716,28.965144429757828,0.42857142857142855,2.0794415416798357,4.723334101481492,1,0.21291712231178728
70c27847eca8195c983ed7e798c56743,98,77,0.0,123.24000000000001,42.616432468315864,0.09183673469387756,4.59511985013459,4.822215178840431,1,0.19113559769928679
70eea00b476a314817cefde4aad4f89a,114,108,0.0,280.65482456140353,372.73073564826797,0.05263157894736842,4.74493212836325,5.640682294827968,1,0.06977317460559296
70f84699be677ec988d1fa824aef7d90,5,5,0.0,317.65999999999997,83.05703100881951,0.6,1.791759469228055,5.764124703662363,1,0.17107683474739482
71039d19d4303bf9054d69e9a9236699,38,35,0.0,93.08421052631579,96.9994181380155,0.15789473684210525,3.6635616461296463,4.544190237892856,1,0.20690254061900132
710e3548e02bc1d2831dfc4f1b5b14d4,142,136,0.0,168.86697183098593,128.03174202038278,0.04929577464788732,4.962844630259907,5.135015612081475,1,0.1424413583493529
71271995e85f5b8530be99ed54a91b89,8,8,0.125,97.0,0.0,0.375,2.1972245773362196,4.584967478670572,1,0.1190762438726502
712e6ed8aa4aa1fa65dab41fed5737e4,87,79,0.0,457.64367816091954,194.21359121276373,0.06896551724137931,4.477336814478207,6.128273608280423,1,0.1255207405682645
7139dc5186aa238b006e066d8fbab2e4,24,22,0.0,71.33333333333333,47.5216325009522,0.20833333333333334,3.2188758248682006,4.28128506487235,1,0.2170280370621529
713e3a23ca5e47786eb6f0d99f94cfac,4,4,0.0,281.5,146.18053906043718,0.75,1.6094379124341003,5.643678550586496,1,0.15110599581104173
7142540dd4c91e2237acb7e911c4eba2,331,319,0.0,112.91105740181268,104.05081342503095,0.02416918429003021,5.805134968916488,4.735417945651746,1,0.07933318565241443
714b9a1332840f257b49f476bea4e341,6,6,0.0,249.99,0.0,0.5,1.9459101490553132,5.525413097700675,1,0.1791823262924629
71592660bbcb6a4664e97b6f8b68babc,7,6,0.0,289.59714285714284,149.89907783136596,0.5714285714285714,2.0794415416798357,5.671937919212911,1,0.16908154778370044
71593c7413973a1e160057b80d4958f6,5,2,0.0,59.9,0.0,1.0,1.791759469228055,4.109233174715851,1,0.14618471153039853
715bbd5ba4e6b74cb0d2f29eb45058b0,64,62,0.0,63.1765625,33.54348270429881,0.078125,4.174387269895637,4.161638073948148,1,0.19860709225762208
7178f9f4dd81dcef02f62acdf8151e01,216,203,0.0,171.62222222222223,280.5636488271598,0.041666666666666664,5.37989735354046,5.151105520200841,1,0.0625860633509383
717b78b0950b51ed00b1471d858b0edc,5,5,0.0,27.72,4.359999999999998,0.6,1.791759469228055,3.3575937441800234,1,0.17851823291756674
718539d38d07dd351c76db862760e2e2,45,37,0.044444444444444446,29.30888888888889,15.697473571986343,0.2,3.828641396489095,3.41144103216251,1,0.1281943238486089
71dc18fd8cbf5fd77f45dd8b427abb34,9,4,0.0,120.0,0.0,0.8888888888888888,2.302585092994046,4.795790545596741,1,0.16126965878081873
7202e2ba20579a9bd1acb29e61fe71f6,55,53,0.0,231.8272727272727,127.10437436796215,0.09090909090909091,4.02535169073515,5.4502968598859995,1,0.18368994466644462
7210cd29727d674c00741e5e387b3ccd,13,9,0.0,56.083846153846146,35.12012562148148,0.5384615384615384,2.6390573296152584,4.044521172150884,1,0.20172303789504625
72146da5774cabf2632faedcae097a76,6,4,0.0,33.49,33.054248340165486,0.8333333333333334,1.9459101490553132,3.5406694269487495,1,0.16479347644174397
7238a95bb63ef7e498389fb863b834a1,15,15,0.0,151.04666666666665,111.6415685227605,0.2,2.772588722239781,5.0241874912698945,1,0.21257961756801735
7238f877570096ae403c51898fa64566,3,3,0.0,400.0,0.0,1.0,1.3862943611198906,5.993961427306569,1,0.13127322927446883
723cd880edaacdb998898b67c8f9da30,12,11,0.0,178.04416666666665,92.1632723719463,0.3333333333333333,2.5649493574615367,5.187632516559725,1,0.20975876231203938
725af026f869236a8dd0ceb98564d156,8,7,0.375,147.21375,68.94133700790476,0.5,2.1972245773362196,4.998655488585176,1,0.03556378183054176
725c32fa80c2faacc4fc88450d27314e,93,89,0.0,84.28903225806452,46.088237789096866,0.06451612903225806,4.543294782270004,4.446045867778952,1,0.19261869413742055
7299e27ed73d2ad986de7f7c77d919fa,361,338,0.002770083102493075,96.1923268698061,142.83835109915046,0.036011080332409975,5.8916442118257715,4.576691766681674,1,0.05103878085504798
729b2d09b2a0bdab221076327f13d050,61,49,0.0,29.870655737704915,9.186835176142807,0.14754098360655737,4.127134385045092,3.4298060801966224,1,0.17338782222607968
729f06993dac8e860d4f02d7088ca48a,115,96,0.0,178.1311304347826,155.03643141990133,0.09565217391304348,4.7535901911063645,5.188118109902027,1,0.15628292614762596
72bc2cce903c872fe376a8faaa81d237,18,17,0.0,119.39999999999999,84.09287193996356,0.2222222222222222,2.9444389791664403,4.79081953287472,1,0.21761159141847553
72c38a04bd6a1c3dbc5298425a0db86d,5,4,0.0,129.45999999999998,103.38523298808202,0.8,1.791759469228055,4.87106666636795,1,0.1730246114116334
72c5da29406b4234927b81855e7b64f6,31,31,0.0,380.6029032258065,211.61051827924334,0.0967741935483871,3.4657359027997265,5.944380547579274,1,0.15471348532386214
730937bf88cb151eb2eb849f642fc213,26,22,0.0,108.5076923076923,19.438837474675918,0.2692307692307692,3.295836866004329,4.6959947961745,1,0.21437574655316682
731ef20c231d9a7103a425e83fd91271,3,2,0.0,564.0,0.0,1.0,1.3862943611198906,6.336825731146441,1,0.08377831831609028
7354220fb240bde543b3c40c060d41e7,7,7,0.0,96.0,39.81026429021971,0.42857142857142855,2.0794415416798357,4.574710978503383,1,0.21499384059837962
7357b52d27cbaa90f81a96cbc1279396,12,12,0.0,110.66833333333334,21.2192844025324,0.25,2.5649493574615367,4.715533168418709,1,0.21568468808220065
73a63f72308aa20a46f4b1632018f196,41,29,0.12195121951219512,234.3121951219512,142.91733700686098,0.2682926829268293,3.7376696182833684,5.4609131223628875,1,0.08289476573699006
73b8eb4a9a729d4019b24ed1be748cbf,8,8,0.125,86.55125,37.99583313914174,0.375,2.1972245773362196,4.4722243361856195,1,0.131109867088609
7402d13c03a7e91366337cd1de471144,4,4,0.0,132.095,131.58705682930977,0.75,1.6094379124341003,4.8910631589554106,1,0.1669677473348098
741f8c587cb4248ebc5b779a0e8e0e51,5,5,0.0,17.990000000000002,10.059821071967432,0.6,1.791759469228055,2.9439125248241944,1,0.14812980664328473
744dac408745240a2c2528fb1b6028f3,84,79,0.0,267.74523809523805,164.49281385719445,0.09523809523809523,4.442651256490317,5.593763860569501,1,0.15786971648853354
74636e24f01da9268b0ed88dacd8513e,4,4,0.0,194.0,8.660254037844387,0.75,1.6094379124341003,5.272999558563747,1,0.18511645022871204
747e73c01a4593d4cf60dcf970fd2689,3,3,0.0,739.3299999999999,291.7698027555287,1.0,1.3862943611198906,6.607096032739819,1,0.04679470046026668
74871d19219c7d518d0090283e03c137,7,6,0.0,78.57714285714285,59.187444786949264,0.5714285714285714,2.0794415416798357,4.376726901578978,1,0.20656980566740374
74bafed391319577bce6f4d2acc0589a,3,3,0.0,615.6666666666666,224.8456260538675,1.0,1.3862943611198906,6.424328629404261,1,0.0742004531981092
74c7dec0a384d8a05950e629bd23bde9,5,5,0.0,37.536,26.483480586962134,0.6,1.791759469228055,3.65159286932792,1,0.1902611603652905
750303a20e9c56b2a6bc45cdce0b897d,57,54,0.0,141.8421052631579,165.95059183052408,0.10526315789473684,4.060443010546419,4.961739861228374,1,0.1825792876333177
751bdc4d83a466c7206cd42e8f426b03,71,54,0.028169014084507043,93.6469014084507,70.92968890290948,0.1267605633802817,4.276666119016055,4.5501531397549595,1,0.1643427475064514
75745ef7bc7d4f3ea3380f6f5303f514,3,3,0.0,76.13333333333334,66.41166229578121,1.0,1.3862943611198906,4.345535526091466,1,0.15920102484434567
7586919161935337bf6b6d7ff5779648,18,11,0.0,92.48388888888888,139.1603910416917,0.5555555555555556,2.9444389791664403,4.5377891100985535,1,0.1742764070491028
75a4764c108403a7a0575140cb22287c,9,5,0.0,79.65555555555555,22.783078570197734,0.7777777777777778,2.302585092994046,4.390187686954576,1,0.18262769792981387
75d34ebb1bd0bd7dde40dd507b8169c3,72,62,0.013888888888888888,209.0038888888889,153.77892619091895,0.1111111111111111,4.290459441148391,5.347126049064522,1,0.14910881678856808
75fbb52eda0cbc24f479d3b2fbfa8d3e,43,40,0.023255813953488372,26.302093023255814,24.629437818333585,0.13953488372093023,3.784189633918261,3.306963366770638,1,0.13224291767656238
761681a821d8275bc79f552116d06869,3,3,0.0,118.30666666666667,23.293430165797574,1.0,1.3862943611198906,4.78169720907371,1,0.17542810845297818
762ed976527cddf02787edba70fffa2a,4,3,0.0,44.95,5.049999999999983,1.0,1.6094379124341003,3.827553848801696,1,0.16680456885383055
762fafdaa57a532ee0119731697579dd,5,5,0.0,41.339999999999996,24.641233735346947,0.6,1.791759469228055,3.745732265706719,1,0.1941633138086189
76623fde66e6b63b59440fd34160512d,3,3,0.0,21.8,11.173480508179471,1.0,1.3862943611198906,3.126760535960395,1,0.13489522847837015
7681ef142fd2c19048da7430856b5588,77,59,0.0,414.82870129870133,302.11727131940364,0.12987012987012986,4.356708826689592,6.030273399734083,1,0.10321409208287663
768a86e36ad6aae3d03ee3c6433d61df,17,17,0.0,34.5564705882353,10.85084162698178,0.17647058823529413,2.8903717578961645,3.5711221534205237,1,0.19934260900614098
768de2a4fc06aacecb9a586ccc30746a,14,14,0.0,33.97142857142857,0.9609731462195894,0.21428571428571427,2.70805020110221,3.5545314015828575,1,0.18379932549426126
76c47a299e4a8fe992316a85865acbe9,10,6,0.0,102.446,65.23897795030207,0.7,2.3978952727983707,4.639049737421769,1,0.1853720600279496
76d5af76d0271110f9af36c92573f765,159,131,0.0,210.4503144654088,262.9831680828065,0.05660377358490566,5.075173815233827,5.3539900511030565,1,0.0982390306174643
76d64c4aca3a7baf218bf93ef7fa768d,69,64,0.0,245.09855072463768,148.1991047057328,0.11594202898550725,4.248495242049359,5.505732068410299,1,0.1679159265546898
76ea5315acb3f5f7ade3cd261faf922a,15,15,0.0,72.47066666666666,66.73816873590573,0.2,2.772588722239781,4.296886233589475,1,0.2117597007165467
7722b1df1b0e383e000397b2c11e3e19,145,134,0.0,48.92475862068966,28.75977113914884,0.05517241379310345,4.983606621708336,3.9105170444517263,1,0.16035815574450163
77530e9772f57a62c906e1c21538ab82,389,320,0.002570694087403599,119.82107969151672,81.04082101834751,0.04113110539845758,5.966146739123692,4.794310771034817,1,0.06607318998482359
77714512e8d4dda9c234da8e3faf16e4,6,4,0.0,40.56666666666666,0.47140452079146045,0.8333333333333334,1.9459101490553132,3.727298564017881,1,0.1683836978300604
777a0c55737f34ffeb78010f7542ab41,6,6,0.0,75.41666666666667,5.695222169112803,0.5,1.9459101490553132,4.336200822468465,1,0.19850893700891786
778323240ce2830d68aab11794e00bfb,3,3,0.0,63.326666666666675,18.86089487684914,1.0,1.3862943611198906,4.163974267924129,1,0.17641242500923238
77a515caa36327151d1cc6c32a9f00e1,26,26,0.0,85.28423076923076,15.840165153829467,0.11538461538461539,3.295836866004329,4.4576468556598705,1,0.2093019102029654
77e4abfd739aed9c46480f90f81c0eb4,18,18,0.0,207.61055555555555,135.21888224785036,0.16666666666666666,2.9444389791664403,5.340469143182679,1,0.2039748385945908
77fccaae319668a8ab6cd0fd16aec48c,12,11,0.0,138.91666666666666,44.776218266198256,0.3333333333333333,2.5649493574615367,4.941047007289541,1,0.21925678734688553
7813ea3ebd9411dc600b4dd01f7a97b9,9,9,0.0,177.7111111111111,64.69675321485003,0.3333333333333333,2.302585092994046,5.1857705976869,1,0.21183059179138092
782f78b632a43875dd5b53e3e49c9564,3,2,0.3333333333333333,48.669999999999995,6.743495761743046e-07,1.0,1.3862943611198906,3.905401129119259,1,0.020043238734207214
784ba75dd9d20200c4caed3d7a77141a,24,21,0.041666666666666664,345.63041666666663,754.5609328580824,0.25,3.2188758248682006,5.848259130692075,1,0.006486382553228642
78744a20ee2f80ba64f6804c25def2b8,6,6,0.0,452.5,153.11624124609818,0.5,1.9459101490553132,6.116995269555192,1,0.14828496364872873
788e857f317e53de488d393e65a80f45,11,11,0.0,110.0,0.0,0.2727272727272727,2.4849066497880004,4.709530201312334,1,0.2014880087133693
78a4d36f65a019172c6154468831a69f,7,7,0.0,220.78571428571428,9.454617703449154,0.42857142857142855,2.0794415416798357,5.4017116647523205,1,0.1938950135634367
78c99c6dff4eeae5be99bf635ed21e3f,39,31,0.0,52.073846153846155,25.33120985857976,0.1794871794871795,3.6888794541139363,3.9716842674348913,1,0.20708627851456868
78ef7e885d17f35e2382a47aae8b8cce,3,3,0.0,129.33333333333334,72.11256632669662,1.0,1.3862943611198906,4.870095271317256,1,0.15959027661548625
7901646fdd36a55f564ffaf2dbccaaf7,27,22,0.0,439.1511111111111,283.3888202313189,0.25925925925925924,3.332204510175204,6.0871181022956655,1,0.13856236061324623
79565f7d5603b24ddf07ade262547f2f,8,8,0.0,48.125,23.856013392853384,0.375,2.1972245773362196,3.8943680701894254,1,0.20535550706471029
7994081388d55b9cf976c050653dd359,6,2,0.8333333333333334,170.0,22.360679774997898,1.0,1.9459101490553132,5.14166355650266,-1,-0.05058785271830357
7994b065a7ffb14e71c6312cf87b9de2,7,5,0.0,64.71428571428571,29.561095503159866,0.7142857142857143,2.0794415416798357,4.1853163404278275,1,0.19305237516728319
79a679c36c08d606b3fd47ead9de109b,7,3,0.0,133.57142857142858,42.06409104095841,1.0,2.0794415416798357,4.90209512552105,1,0.16133478521547112
79ebd9a61bac3eaf882805ed4ecfa12a,143,136,0.0,105.54398601398601,58.614397347574815,0.04895104895104895,4.969813299576001,4.668557914098416,1,0.1669316422559779
79ed755314cfe6df0daef2c6cd3022cd,25,23,0.0,156.3,32.97028965599176,0.2,3.258096538021482,5.058154810064233,1,0.2147248130997777
7a188843479798ca813108fa7b959286,3,1,0.0,49.9,0.0,1.0,1.3862943611198906,3.929862923556477,1,0.12360810009276524
7a241947449cc45dbfda4f9d0798d9d0,72,62,0.013888888888888888,111.4948611111111,35.17533262075443,0.18055555555555555,4.290459441148391,4.722907541588811,1,0.16851108457534353
7a2d2949aea47fab95fd98d6c9f618b1,12,11,0.0,136.5825,66.71043673031978,0.3333333333333333,2.5649493574615367,4.924223737178593,1,0.21819001257691417
7a425d299613df3e613bcf9d2eaf5c49,18,18,0.0,67.71111111111111,44.77258447965289,0.16666666666666666,2.9444389791664403,4.229910919936993,1,0.21410675129773626
7a67c85e85bb2ce8582c35f2203ad736,1171,1160,0.0008539709649871904,121.04656703672075,54.43971679431449,0.005977796754910333,7.066466970136958,4.804402668927781,-1,-0.07178293303419103
7a91bf945c6fae0779f1c61ce97fe45c,5,5,0.0,159.9,15.165750888103101,0.6,1.791759469228055,5.080783053998338,1,0.19599382812740307
7a9c12e235c36247c3c81f50d6ea9cea,5,5,0.0,196.78,131.8065248764264,0.6,1.791759469228055,5.287155301841845,1,0.1828470671287205
7aa4334be125fcdd2ba64b3180029f14,240,217,0.0,67.64504166666667,27.698128998151894,0.03333333333333333,5.484796933490655,4.2289489033370256,1,0.11922553018002136
7aa538dd6e114e503a2e6154ea352253,5,5,0.0,203.336,144.61727816550828,0.6,1.791759469228055,5.3197656977539065,1,0.17938936931108146
7ad32824caee82087b3e2e5f33b1bf32,184,151,0.0,122.31032608695651,89.79911065153549,0.07065217391304347,5.220355825078324,4.81470415432754,1,0.14286869436730892
7adbd3210a7b3cc2235e225eef33574d,3,3,0.0,43.96666666666667,24.701596889450066,1.0,1.3862943611198906,3.8059214745456007,1,0.1636072820708322
7ade73f1b9b4e965f9009a4c3a7e2c15,28,27,0.0,67.15357142857144,20.41647587721489,0.14285714285714285,3.367295829986474,4.221763562177665,1,0.20953257476217424
7b07b3c7487f0ea825fc6df75abd658b,98,93,0.01020408163265306,99.3045918367347,72.15231256520386,0.061224489795918366,4.59511985013459,4.608211474944245,1,0.16470267625919732
7b0df942f46435babab05d49b744b2c4,32,32,0.0,706.2696875,510.1080510507331,0.09375,3.4965075614664802,6.561412046485653,1,0.05533816215569065
7b1222c3624aa89b9558b50a2594188c,22,22,0.0,459.2509090909091,238.89232033984544,0.13636363636363635,3.1354942159291497,6.131771795322337,1,0.14133032681025492
7b7ed56ae755e2880f2b69632e839c1e,5,5,0.0,64.3,73.02218840872958,0.6,1.791759469228055,4.178992036282385,1,0.19253122437435938
7b7f91e98f8c6def45a1407923304402,14,11,0.0,29.819285714285716,10.427649690185442,0.42857142857142855,2.70805020110221,3.4281406535781613,1,0.1896951746842283
7b8e8ec35bad4b0ef7e3963650b0a87b,5,5,0.0,448.85599999999994,258.4723546996855,0.6,1.791759469228055,6.10892753155344,1,0.12373185859763342
7b98de631987e26dd6d803490c43a13c,8,8,0.0,79.275,13.864861160502112,0.375,2.1972245773362196,4.385458239975578,1,0.2097375029120216
7bac63f6603d382cc8d0832eb6c100a8,19,19,0.0,407.9973684210526,227.55731266146202,0.15789473684210525,2.995732273553991,6.013708721843747,1,0.15441368480751017
7bcd7c5f8631701474db233ccf1c094b,11,11,0.18181818181818182,60.54545454545455,38.971699840137234,0.2727272727272727,2.4849066497880004,4.119776000113904,1,0.08853966111012912
7c1fea10b5b006671d608b1d7c446ec4,14,14,0.0,30.257142857142856,10.932305617867122,0.21428571428571427,2.70805020110221,3.442247921492513,1,0.19179335498137445
7c4618c82226628831613e95e9c22f44,13,13,0.0,25.686923076923076,9.864998253043147,0.23076923076923078,2.6390573296152584,3.2841736730286413,1,0.18300804247186325
7c51de0ab286204ce75ff42bf7c10d92,4,4,0.0,189.75,46.54231945230061,0.75,1.6094379124341003,5.250963670164566,1,0.18616822276219425
7c5b05cbdb5542049f38d90d7815b97d,24,22,0.0,43.29,20.337485914766688,0.20833333333333334,3.2188758248682006,3.790758917935107,1,0.20899248732268494
7c67e1448b00f6e969d365cea6b010ab,1364,982,0.0,137.7741129032258,47.18267784454968,0.02126099706744868,7.21890970761906,4.932847524217302,-1,-0.05694079807076469
7c9130f5f3729edd32aa059141d92484,4,3,0.0,31.5,0.0,1.0,1.6094379124341003,3.481240089335692,1,0.15441676543645477
7d13fca15225358621be4086e1eb0964,578,565,0.0,196.58991349480968,143.41703042554772,0.01903114186851211,6.361302477572996,5.286193738944171,-1,-0.0030571268315091604
7d294cf9a6a69dc6a0c3e540fff0e039,5,5,0.0,51.45,0.0,0.6,1.791759469228055,3.9598603348423063,1,0.19322938412401292
7d456afc660226829370f3173d14520c,91,56,0.0,91.62912087912088,69.91589926944886,0.18681318681318682,4.5217885770490405,4.5286035725496365,1,0.18641956198724202
7d76b645482be4a332374e8223836592,187,176,0.0,20.555775401069518,4.5531466245717835,0.03208556149732621,5.236441962829949,3.0706437806937883,1,0.06321132093109183
7d7866a99a8656a42c7ff6352a433410,5,5,0.0,29.577999999999996,9.996396150613489,0.6,1.791759469228055,3.420280796138422,1,0.18511098371107654
7d7d2b7a51328016102d4528c411d630,7,7,0.0,131.25714285714284,71.76286061233422,0.42857142857142855,2.0794415416798357,4.884748079541857,1,0.21000305837403194
7d948535954aaf8c5d39db007f74372e,4,4,0.0,48.5,0.8660254037844386,0.75,1.6094379124341003,3.901972669574645,1,0.18698385386559713
7daca0837f033a41a6f3428c18657533,7,7,0.0,175.56857142857143,91.50579785355858,0.42857142857142855,2.0794415416798357,5.173709307601632,1,0.20148454944996452
7dc8c42cc750eeafea6c85712ffee9bf,50,41,0.0,128.1936,107.38851690492798,0.18,3.9318256327243257,4.861312054517858,1,0.19974770268990655
7ddcbb64b5bc1ef36ca8c151f6ec77df,343,334,0.0058309037900874635,162.0366472303207,165.31850391463243,0.023323615160349854,5.840641657373398,5.093975005170237,1,0.030877467278973558
7df1fc11cc5cbc518b39faa60cf5d67c,5,5,0.0,207.51999999999998,95.1141293394415,0.6,1.791759469228055,5.3400349598999055,1,0.18981554239860143
7e1fb0a3ebfb01ffb3a7dae98bf3238d,174,159,0.011494252873563218,157.1812068965517,65.71054811520652,0.04597701149425287,5.1647859739235145,5.063741254955651,1,0.11914080603664634
7e26c750b4cb9f6766f58265ff9ebe95,27,23,0.0,49.788888888888884,0.18525924445114683,0.2222222222222222,3.332204510175204,3.927677608001479,1,0.1960155454995543
7e3f87d16fb353f408d467e74fbd8014,94,92,0.0,50.585,23.028179765189265,0.05319148936170213,4.553876891600541,3.943230932552339,1,0.18067186077016717
7e79d65b5c6f1f544b7daea036acf720,4,4,0.0,129.45,64.24330704439181,0.75,1.6094379124341003,4.870990011582737,1,0.18702309721846677
7e93a43ef30c4f03f38b393420bc753a,340,336,0.011764705882352941,518.9172647058823,376.00392086017416,0.01764705882352941,5.831882477283517,6.253669692581876,-1,-0.050879700734308586
7ea5bfa6c340f58f8e71fc1f0412b0d6,104,98,0.0,105.79701923076922,32.22384093755527,0.0673076923076923,4.653960350157523,4.67093001631235,1,0.18467993146217349
7ecd59e5e20407131822c1a68ac59c1f,29,24,0.0,50.576206896551724,7.832369797631457,0.27586206896551724,3.4011973816621555,3.9430604594891774,1,0.19730410270458015
7ecef8194babfec876ca720714327841,8,7,0.0,123.8125,144.57816603398314,0.5,2.1972245773362196,4.826812611176034,1,0.1894242668951966
7f152321c60a266edc53af1925ef96c1,20,20,0.0,195.99,44.090815370097204,0.15,3.044522437723423,5.283152966028264,1,0.20820481126770718
7f2617c58d5d06806987308b45654351,23,22,0.0,158.9913043478261,20.470358486346758,0.17391304347826086,3.1780538303479458,5.075119465930843,1,0.2132553264795728
7f35f9daf223da737b78738fbae4d977,5,5,0.0,50.4,11.757550765359264,0.6,1.791759469228055,3.9396381724611196,1,0.19909918312658004
7f40d06aa0b5f1aa4f41af8c0480e2ef,6,6,0.0,218.32333333333335,103.58839488840218,0.5,1.9459101490553132,5.390547048912661,1,0.1853437326944546
7f5e4d5efad7e44b91115dd1decb65f3,9,3,0.0,19.98888888888889,14.110708655678213,1.0,2.302585092994046,3.0439931971712446,1,0.11510895451284703
7f7b8245c336066a1f9933c359f11d77,43,38,0.0,48.70604651162791,24.048733384383993,0.16279069767441862,3.784189633918261,3.9061265858963026,1,0.1993752233555693
7fc87cc3e89b3d1d5cabdca32f8485aa,14,14,0.0,153.85,59.264537095491264,0.21428571428571427,2.70805020110221,5.042456906419212,1,0.2212101651057341
7fdb0720c8d7c9075538b365dc8c3a22,10,9,0.0,180.4,106.61350758698447,0.4,2.3978952727983707,5.200704537681037,1,0.20428536735149844
7fe21dd00d2f4943ae09525efa2fd674,4,4,0.0,74.9,15.0,0.75,1.6094379124341003,4.3294166844015844,1,0.19724644734914204
7ff588a03c2aeae4fbd23f9ae64b760d,16,14,0.0,73.8875,82.80681640873534,0.3125,2.833213344056216,4.315986987410043,1,0.2072304842673307
800214c63934acd05d47e84214db8ba8,4,4,0.0,64.9,4.999999999999909,0.75,1.6094379124341003,4.188138441508461,1,0.19395250365601469
8060d731897e33b5c5ae575ce1e209e1,5,5,0.0,39.9,0.0,0.6,1.791759469228055,3.711130063048756,1,0.18620690661490025
808d4348b916efa08e766ebad39f61eb,21,21,0.0,34.81428571428572,24.023877719474687,0.14285714285714285,3.091042453358316,3.5783468561089347,1,0.1921205352095604
8090490573c6c0aa343a7231ebcb8c86,26,26,0.0,148.88923076923078,141.2741756825815,0.11538461538461539,3.295836866004329,5.009896559760764,1,0.19789363318873776
809413606dbfe5deefd2db646693ef67,5,3,0.0,39.336,4.3796876600963435,1.0,1.791759469228055,3.697244370445564,1,0.16045448633803122
80e6699fe29150b372a0c8a1ebf7dcc8,100,98,0.0,114.4156,67.72516955047068,0.05,4.61512051684126,4.748539526913476,1,0.18410502884110042
80f2cf9abf6b5a0e5c612b5eea6646e6,7,7,0.14285714285714285,109.44000000000001,30.976956873502846,0.42857142857142855,2.0794415416798357,4.704472387061954,1,0.1174200009894214
8132b9bd16876e1b0f8808d43825dd48,3,2,0.6666666666666666,242.63333333333333,116.48405708746394,1.0,1.3862943611198906,5.4956643628182364,-1,-0.04929666329420179
813348c996469b40f2e028d5429d3495,202,179,0.0,55.47440594059406,12.330541647484933,0.034653465346534656,5.313205979041787,4.0337875433185575,1,0.12689178653805472
81336a0f57a33776419727a300249e90,19,16,0.0,72.36052631578949,60.23626110869241,0.3157894736842105,2.995732273553991,4.295386002347085,1,0.21550317335840186
8160255418d5aaa7dbdc9f4c64ebda44,431,385,0.0,109.08976798143853,32.65732355611399,0.027842227378190254,6.068425588244111,4.701296105544788,1,0.06735966422855233
817245bcc3badd82bbd222e0366951a6,45,29,0.0,124.0111111111111,38.53265410140819,0.26666666666666666,3.828641396489095,4.828402622240807,1,0.1982389447355215
81783131d2a97c8d44d406a4be81b5d9,15,13,0.4,118.836,104.67438946880306,0.3333333333333333,2.772588722239781,4.78612414137474,1,0.0286067564045851
817f85dbb65aa3e70831d90fe75cdf89,11,11,0.0,141.11545454545455,53.27218587996696,0.2727272727272727,2.4849066497880004,4.956639787426144,1,0.2197260462483661
8185694b58b2ba6de20fd41ae608bbea,8,8,0.0,171.5375,82.19128128183675,0.375,2.1972245773362196,5.1506146041496965,1,0.20458572685318532
818d28f936e791926d33bcb6ee94ef79,5,5,0.2,27.9,0.0,0.6,1.791759469228055,3.3638415951183864,1,0.06786573954794095
81a1104df0f08b59c68aa5b03cfe398e,73,73,0.0,129.05315068493152,107.9837444118163,0.0410958904109589,4.30406509320417,4.867943218321164,1,0.1817621475954736
81f89e42267213cb94da7ddc301651da,52,46,0.0,76.0576923076923,13.284481202832232,0.11538461538461539,3.970291913552122,4.344554392054717,1,0.20380076900342375
820cc752a266cdc6c1a1e61dd4583330,15,15,0.0,186.85333333333332,110.07863774996892,0.2,2.772588722239781,5.235661516516966,1,0.21199062235159272
821fb029fc6e495ca4f08a35d51e53a5,29,28,0.034482758620689655,661.635172413793,929.8043131519689,0.13793103448275862,3.4011973816621555,6.496224570880447,-1,-0.032589079078456984
822166ed1e47908f7cfb49946d03c726,108,69,0.0,34.396574074074074,25.71449771807066,0.1574074074074074,4.6913478822291435,3.566615037887949,1,0.16428885610879568
822b63912576852aea9a8436d72317b7,9,8,0.0,545.0766666666667,360.1117043671619,0.4444444444444444,2.302585092994046,6.302759381028038,1,0.10367453069229898
822bad9bc42b51213ba522fe87b7ab5d,18,18,0.0,286.6666666666667,233.60912272901973,0.16666666666666666,2.9444389791664403,5.661802402415319,1,0.16791063448326193
827f8f69dfa529c561901c4f2e0f332f,104,91,0.0,32.77298076923077,5.843520553670411,0.08653846153846154,4.653960350157523,3.519661097284271,1,0.15469911550806825
82bd0703a4aefd6b599e5bfdaed378fb,24,21,0.041666666666666664,112.17833333333334,98.29663586421573,0.25,3.2188758248682006,4.72896474580045,1,0.16740029387731076
82cb9f452fe8334df74b22d37824b431,18,14,0.0,46.56666666666667,6.454111523327987,0.3333333333333333,2.9444389791664403,3.862132235814681,1,0.2036157916947604
82e0a475a88cc9595229d8029273f045,80,42,0.0125,136.62525,65.61258431076693,0.175,4.394449154672439,4.924534411571621,1,0.17577469914440197
830379336fad8c6f3b15a4a3ddb5c66e,4,2,0.0,67.0,0.0,1.0,1.6094379124341003,4.219507705176107,1,0.14757796977869725
83353a83fd769dfafa4f21a72b15e3e5,5,5,0.0,115.9,52.76362383309168,0.6,1.791759469228055,4.761318868478023,1,0.2030705996161078
834f3294fba9f932f56edc879193f925,66,66,0.0,604.6590909090909,32.71636129130618,0.045454545454545456,4.204692619390966,6.4063172715195495,1,0.11771215833717158
834f8533b2ecb6598dd004ff3de7203a,47,43,0.0,96.55936170212766,24.27516377263642,0.1276595744680851,3.871201010907891,4.580461030707699,1,0.2071424427915466
835f0f7810c76831d6c7d24c7a646d4d,50,44,0.02,102.6,46.42423935833526,0.14,3.9318256327243257,4.640537329825382,1,0.17992610552172722
83645b1645cdee8953ee54c29ceed564,14,14,0.0,69.92142857142856,27.067433742188356,0.21428571428571427,2.70805020110221,4.261572624424289,1,0.2153349800099027
8378eb36b6b70c5734e83ad7b8cdc3b7,13,7,0.0,131.90769230769232,51.208569918872875,0.6153846153846154,2.6390573296152584,4.889654844463247,1,0.19865727115068244
83a75eea11694e36e56dd0cb2240229a,3,3,0.0,162.33333333333334,12.472191289246439,1.0,1.3862943611198906,5.095793102436563,1,0.17007955486413695
83b08de96980757220871b31bf6cffca,7,5,0.0,186.31,139.9393550282203,0.7142857142857143,2.0794415416798357,5.232764998307801,1,0.17078907256786646
83c465a786b06574376909b35ef6752a,3,3,0.0,93.8,0.0,1.0,1.3862943611198906,4.551769409260976,1,0.17339381729664816
83deb69e889cf80f82be1dc6d5f2d486,42,40,0.0,127.6907142857143,55.43810243750005,0.11904761904761904,3.7612001156935624,4.8574119619269895,1,0.20786370324115544
83e197e95a1bbabc8c75e883ed016c47,55,47,0.0,121.70345454545455,16.205853849001798,0.14545454545454545,4.02535169073515,4.80977050572522,1,0.19746879628406372
83f2b4881141ce3fcd4e985125d3279e,3,3,0.0,20.233333333333334,10.402991022884821,1.0,1.3862943611198906,3.055572273910008,1,0.13078663420492848
8444e55c1f13cd5c179851e5ca5ebd00,109,99,0.03669724770642202,209.8459633027523,167.4416647102888,0.09174311926605505,4.700480365792417,5.351127835132624,1,0.09541039460407919
845e8036c3f7bf62099352f5ed910240,24,21,0.0,66.025,25.85103560143512,0.25,3.2188758248682006,4.205065684122023,1,0.21599506343774388
8476243f92442881ddd5b578975cf115,12,12,0.0,653.1666666666666,291.18889440056313,0.25,2.5649493574615367,6.483362160988453,1,0.12902499449780974
85044848b1b767db2a4a58526adef4b4,4,4,0.0,60.150000000000006,40.37558049118304,0.75,1.6094379124341003,4.113329862133181,1,0.1894870674984257
850913d59ce317156b00f3705f1c3edb,34,32,0.029411764705882353,79.11764705882354,56.07493133188334,0.14705882352941177,3.5553480614894135,4.383496142653241,1,0.17999197210765194
850f4f8af5ea87287ac68de36e29107f,192,187,0.0,236.22583333333333,253.8365519104053,0.03125,5.262690188904886,5.4690125706930806,1,0.05937774183396405
851773c885feb5e2da3b4f82bc2b17ce,10,10,0.0,58.529999999999994,35.48081312484258,0.3,2.3978952727983707,4.086480387165299,1,0.2096805652153469
855668e0971d4dfd7bef1b6a4133b41b,327,312,0.01834862385321101,98.49590214067278,121.63747829145248,0.03058103975535168,5.793013608384144,4.60011645880059,1,0.0388229525446695
8581055ce74af1daba164fdbd55a40de,435,387,0.006896551724137931,149.2535632183908,47.66622351639544,0.020689655172413793,6.077642243349034,5.012324288397947,1,0.040343586062558834
85cc55e048b6bcc90c75afe7f0e72f72,9,9,0.0,34.25333333333333,19.254242245397368,0.3333333333333333,2.302585092994046,3.5625600874352665,1,0.19455019310571714
85d9eb9ddc5d00ca9336a2219c97bb13,522,509,0.0019157088122605363,29.531111111111112,6.507617634063865,0.01532567049808429,6.259581464064923,3.4187462001595827,-1,-0.003645213787297319
8602a61d680a10a82cceeeda0d99ea3d,19,17,0.0,43.52578947368421,16.226955259946635,0.2631578947368421,2.995732273553991,3.796068560038953,1,0.21076205952668103
8603f0038fe0e52fedd3382d266723de,10,10,0.0,235.5,68.56420348840933,0.3,2.3978952727983707,5.465948207931988,1,0.20908861104707344
8629c241b3622ac12cd4118afdc8d394,13,13,0.0,89.82000000000001,34.160713827886674,0.23076923076923078,2.6390573296152584,4.508879525669805,1,0.21968160659988234
863d2ebcd347ce4922de7a0f9a5581d6,19,18,0.0,72.7557894736842,19.678239201232998,0.21052631578947367,2.995732273553991,4.300759493476951,1,0.21717722236065728
8648b1e89e9b349e32d3741b30ec737e,103,95,0.0,72.25776699029126,74.21722242662013,0.06796116504854369,4.6443908991413725,4.29398427627312,1,0.18196455736194322
866558b3bccef2dbc6d29a2b5995016f,6,5,0.0,253.23333333333335,336.68316791243893,0.6666666666666666,1.9459101490553132,5.538252480502083,1,0.10896252825435981
86bb7c4b535e49a541baf3266b1c95b1,16,16,0.0,510.15,173.66472727643918,0.1875,2.833213344056216,6.236663089203023,1,0.16432118480487096
86bf77bdb52e615674772d5817c6212f,5,4,0.0,56.36,34.8820068230026,0.8,1.791759469228055,4.0493471962913645,1,0.18490787305454254
86ccac0b835037332a596a33b6949ee1,210,180,0.004761904761904762,79.14252380952381,93.02060759808066,0.08571428571428572,5.351858133476067,4.38380659721928,1,0.12456909648333342
86ff3eaef0267069cc891a2ed9d10a17,7,7,0.0,58.535714285714285,49.39883106110996,0.42857142857142855,2.0794415416798357,4.08657637257559,1,0.2054988144295531
870d0118f7a9d85960f29ad89d5d989a,61,45,0.0,51.75737704918033,33.32184833899054,0.16393442622950818,4.127134385045092,3.9657036118517386,1,0.19572234814902512
87142160b41353c4e5fca2360caf6f92,339,305,0.0,91.72855457227139,50.40993902186377,0.038348082595870206,5.8289456176102075,4.529676457203011,1,0.09405550151661352
8759e7aedd644f487315e5860962f162,3,3,0.0,209.0,0.0,1.0,1.3862943611198906,5.3471075307174685,1,0.16097522432139988
876182d1918783bbe15233febfbd4926,3,3,0.0,40.089999999999996,13.34601813276157,1.0,1.3862943611198906,3.7157647828953184,1,0.1626585684081575
87b740daf17b5d1be335a64164ec6842,13,13,0.07692307692307693,1130.7592307692307,197.61896274869443,0.23076923076923078,2.6390573296152584,7.031528542473865,1,0.06236798696732471
87d30a6a0cbf89356e49324971ab1d24,17,17,0.0,125.53705882352942,151.53184044226504,0.17647058823529413,2.8903717578961645,4.840535220391316,1,0.19441270225547203
87d3c3aeb3ead335511b3ce315eb341e,15,15,0.0,49.95666666666666,34.440512320360284,0.2,2.772588722239781,3.930975598344833,1,0.2125905860849474
87e24fc7052259b1f7f607d61c10d8be,8,8,0.125,934.18625,650.3946160397066,0.375,2.1972245773362196,6.84074570731239,-1,-0.033687338493660235
87f3e35268860433e13d577825aada95,3,3,0.3333333333333333,53.9,39.89987468652001,1.0,1.3862943611198906,4.005513348515485,1,0.034253652361426856
883dd81e82754ac2c65e9790a7db8c9a,5,5,0.0,63.9,13.564659966250536,0.6,1.791759469228055,4.1728476237100445,1,0.20262122368665192
88460e8ebdecbfecb5f9601833981930,302,248,0.0033112582781456954,104.4587748344371,93.34699816835042,0.04966887417218543,5.713732805509369,4.658320116686435,1,0.0923909555980344
888faa8bfb0b159c37de6d898b961c31,23,19,0.0,105.14347826086957,86.2333168544953,0.30434782608695654,3.1780538303479458,4.664791747362804,1,0.2129121674219483
88ae906ea2acf6971f26c3e8b7cb4357,3,3,0.0,82.0,0.0,1.0,1.3862943611198906,4.418840607796598,1,0.17388238277359985
88cf19ec1fc2c58f161aee259d57142c,14,14,0.0,98.06928571428571,56.470417725223406,0.21428571428571427,2.70805020110221,4.595819461049648,1,0.2215316037453346
891071be6ba827b591264c90c2ae8a63,98,92,0.01020408163265306,42.625306122448976,41.90081929460748,0.07142857142857142,4.59511985013459,3.7756373976314723,1,0.15142623666213356
8931a84a914b3fe9b1ddaa4d704947ca,32,29,0.0,145.884375,105.55540343042308,0.1875,3.4965075614664802,4.989645712648623,1,0.21014999522740363
897060da8b9a21f655304d50fd935913,430,317,0.004651162790697674,53.544,58.871641570532944,0.03953488372093023,6.066108090103747,3.9990077153955474,1,0.05319254216436542
89a51f50b8095ea78d5768f34c13a76f,11,10,0.0,61.559999999999995,53.091012079601235,0.36363636363636365,2.4849066497880004,4.136126096237056,1,0.2112495362714542
89ad3263c0931c47f976d7c5778e60f6,6,6,0.0,94.7,69.75759815245935,0.5,1.9459101490553132,4.5612182984589085,1,0.20243323502071692
89bc797e2e29667aa035d4368f9b7f92,20,17,0.0,20.365000000000002,9.56688428904625,0.3,3.044522437723423,3.0617540690959886,1,0.162776281340981
89c127985a8b130cfa45c1d36764017a,7,7,0.0,202.7957142857143,193.01756699157445,0.42857142857142855,2.0794415416798357,5.317118091547464,1,0.1766667993205016
89d9a386b0b6e5fc8403071b03f7206a,5,2,0.0,33.4,0.0,1.0,1.791759469228055,3.5380565643793527,1,0.13838164428144595
89de2d6f23e9746ff309705b23581faa,8,8,0.0,42.5,4.330127018922194,0.375,2.1972245773362196,3.7727609380946383,1,0.19672137476793283
89f69225956f951295ca4c7fb1266553,12,11,0.0,86.77499999999999,33.937028081433425,0.3333333333333333,2.5649493574615367,4.474776722054496,1,0.22061389144612198
8a130737016f838139d31878787a39c9,62,56,0.0,68.09725806451613,22.35861039087228,0.12903225806451613,4.143134726391533,4.235515049299149,1,0.1999485497138344
8a207b6080964f3c1fc9d35bd6096ba4,3,2,0.0,184.5666666666667,71.18208263944574,1.0,1.3862943611198906,5.223414206521353,1,0.12967263946511698
8a2d12a90e92f012ce5226fc6592b653,18,18,0.0,88.59166666666667,75.3250848175943,0.16666666666666666,2.9444389791664403,4.495262309703182,1,0.2155949805447427
8a32e327fe2c1b3511609d81aaf9f042,180,132,0.03888888888888889,35.716722222222224,22.151132096239728,0.1,5.198497031265826,3.603232297667311,1,0.07413652832528461
8a40ae794fa3f9892cee24bd5af0488b,6,6,0.0,123.30833333333334,146.32984434906714,0.5,1.9459101490553132,4.822765038371885,1,0.17835156231563287
8a43128d7f9a3db592b866e6861a6cce,4,3,0.0,247.64999999999998,171.7489082934736,1.0,1.6094379124341003,5.516046285160748,1,0.12269831335131254
8a432f4e5b471f8da497d7dc517666e2,106,95,0.0,71.27358490566037,26.82069498729075,0.0660377358490566,4.672828834461906,4.280458708404754,1,0.18184605872252763
8a87611c08849ffeeccab52aa798b6c7,14,13,0.0,169.27142857142857,89.10851473321269,0.2857142857142857,2.70805020110221,5.137393802433349,1,0.21557675517234837
8a8835a43bda99fd37310ad76c457510,3,2,0.0,74.78,29.401499961736658,1.0,1.3862943611198906,4.327834405590455,1,0.14890093383237912
8a9260f2b0340411d6d2a56bcf4f7378,9,8,0.0,139.55555555555554,161.19285282688293,0.4444444444444444,2.302585092994046,4.945602823825401,1,0.18312830537479347
8ab42aa58097fd4668d60cc648225d5f,26,20,0.0,100.64423076923077,79.83563201849721,0.2692307692307692,3.295836866004329,4.621478782627291,1,0.21160956142610343
8ae520247981aa06bc94abddf5f46d34,65,65,0.0,251.09215384615385,181.26763917981194,0.046153846153846156,4.189654742026425,5.529794710528871,1,0.15900446382590133
8b2492b7ff4468839593fafeed55bad9,45,29,0.0,81.3351111111111,61.03556728561261,0.28888888888888886,3.828641396489095,4.410797640169399,1,0.1929445761621712
8b28d096634035667e8263d57ba3368c,155,143,0.0064516129032258064,60.4883870967742,53.49192501597481,0.07096774193548387,5.049856007249537,4.11884832928755,1,0.1386012582487074
8b2d4ab22f42c5cfc338b846decfda60,9,6,0.0,50.888888888888886,27.27817379210161,0.6666666666666666,2.302585092994046,3.949104680332678,1,0.18709558747449623
8b321bb669392f5163d04c59e235e066,1018,943,0.0,17.225628683693515,10.309115954146305,0.0137524557956778,6.926577033222725,2.9028287729756728,-1,-0.09210823434897442
8b655f0855926bcb49f5835d38dfddf6,5,5,0.0,217.9,31.874754901018456,0.6,1.791759469228055,5.388615004528817,1,0.19511995353691358
8b87cd0d43d49b9bdf40f56229364d59,5,5,0.0,310.58000000000004,153.1039699028082,0.6,1.791759469228055,5.7416561270842825,1,0.15978635406207548
8b8cfc8305aa441e4239358c9f6f2485,15,15,0.0,792.8,381.4792611226287,0.2,2.772588722239781,6.676831540348965,1,0.10177556956115902
8b9d6eec4a7eb7d0f9d579ce0b38324d,53,49,0.0,79.85924528301886,14.520008036935332,0.1320754716981132,3.9889840465642745,4.392709930543279,1,0.20449995891514094
8bb48dc19fccaa8613b6229bf7f452a2,95,82,0.0,44.11284210526316,34.77543981070118,0.09473684210526316,4.564348191467836,3.809166953320883,1,0.1780117515475828
8bd0e3abda539b9479c4b44a691be1ec,13,7,0.0,45.88846153846154,39.04135082904039,0.6923076923076923,2.6390573296152584,3.8477716225496184,1,0.1725391731219726
8bd0f31cf0a614c658f6763bd02dea69,35,33,0.0,127.29542857142857,98.65232281221208,0.14285714285714285,3.58351893845611,4.854335640210717,1,0.2066871527223142
8bdd8e3fd58bafa48af76b2c5fd71974,11,11,0.09090909090909091,211.34727272727275,60.13492724182974,0.2727272727272727,2.4849066497880004,5.358223013386353,1,0.14229344473252264
8c0de775f52fe41590b376a3b7c50f68,9,9,0.0,74.74444444444445,27.609463398186534,0.3333333333333333,2.302585092994046,4.3273651010325205,1,0.21414982880306743
8c16d1f32a54d92897cc437244442e1b,118,108,0.0,47.81864406779661,27.133144467052144,0.059322033898305086,4.77912349311153,3.888112290465968,1,0.16789260021341623
8c3b533c63cca56240f94f1e3a6b18ef,8,5,0.0,414.02,140.72793148483356,0.75,2.1972245773362196,6.028326711840548,1,0.14093590366662906
8c5e007d7bd5693fa1386ffefbc99f6c,24,9,0.0,42.87958333333333,12.150686701844839,0.625,3.2188758248682006,3.7814491397679015,1,0.1618730591094319
8ca1551acf9832a4cf467bbbac15851f,12,11,0.0,181.36666666666667,64.38966445702982,0.3333333333333333,2.5649493574615367,5.20601931240167,1,0.2153818065288372
8ca5b19e0263150d2c57afdde2b3d011,4,3,0.0,45.150000000000006,27.770262872360426,1.0,1.6094379124341003,3.8318969609488613,1,0.16831829936709897
8cbac7e12637ed9cffa18c7875207478,82,67,0.0,36.47536585365854,28.5284881236677,0.14634146341463414,4.418840607796598,3.6236838065469725,1,0.177950963425339
8cc6a0e5738e61a87b03c78b2ba9db4b,26,24,0.0,512.0153846153846,413.2292653296135,0.19230769230769232,3.295836866004329,6.240305834224767,1,0.1095582130272329
8d46553a36e68f95350a200c12f8f2e2,16,13,0.0,46.6625,117.0587773033274,0.375,2.833213344056216,3.864144925183682,1,0.18147994400602774
8d79c8a04e42d722a75097ce5cbcf2ef,28,27,0.0,99.20428571428572,63.13757820531806,0.14285714285714285,3.367295829986474,4.6072109593357435,1,0.21372873247230678
8d899e15a5925f097cca50faa49b15e3,10,4,0.0,64.5,12.259690045021538,0.9,2.3978952727983707,4.182050142641207,1,0.16706184828362658
8d92f3ea807b89465643c219455e7369,8,3,0.0,15.15,18.498310733685926,1.0,2.1972245773362196,2.7819200496686656,1,0.10843971561696675
8d956fec2e4337affcb520f56fd8cbfd,228,211,0.0043859649122807015,48.312236842105264,24.278445259263695,0.043859649122807015,5.43372200355424,3.8981722620565993,1,0.10764371350466168
8daab2245ebdc277c51098d01c5ad8ef,16,16,0.0,100.286875,58.29087908055921,0.1875,2.833213344056216,4.61795683721369,1,0.22243717584966183
8dfbc5ff27df12f6cef751d3b9554222,4,4,0.0,56.5,47.6366455578056,0.75,1.6094379124341003,4.051784947803305,1,0.18516137084721357
8e2b3afb420011ef0c88c9d5f11ea526,11,11,0.0,125.86363636363636,33.865704634825235,0.2727272727272727,2.4849066497880004,4.843112780178006,1,0.21770064803771993
8e34331b7eedd03be4e5d965c1956225,5,5,0.0,29.0,8.0,0.6,1.791759469228055,3.4011973816621555,1,0.18336455009355684
8e6cc767478edae941d9bd9eb778d77a,114,106,0.017543859649122806,59.91736842105263,60.05512402072756,0.06140350877192982,4.74493212836325,4.109518329803265,1,0.1355160718365107
8e6d7754bc7e0f22c96d255ebda59eba,130,85,0.0,111.51746153846155,53.53432465123572,0.2692307692307692,4.875197323201151,4.723108423275292,1,0.13664918288365296
8e8a7ce9f2f970dc00e2acf6f6e199f6,66,65,0.0,137.8939393939394,28.008726339265007,0.06060606060606061,4.204692619390966,4.93371061593535,1,0.18885349369010612
8ed8ea9a57c862f2c18c2fe41f601d56,19,19,0.0,201.67894736842106,7.948689329056555,0.15789473684210525,2.995732273553991,5.311623187030087,1,0.20315974324693153
8f119a0aee85c0c8fc534629734e94fd,83,77,0.012048192771084338,44.984096385542166,19.480741248863392,0.07228915662650602,4.430816798843313,3.8282956059613578,1,0.15833649400791888
8f2b51a30523cdecddc2f179f351c7d6,8,7,0.0,128.4875,113.13139968085783,0.5,2.1972245773362196,4.863584351384221,1,0.1997357383131319
8f2ce03f928b567e3d56181ae20ae952,175,153,0.0,124.07371428571429,49.54425202847678,0.06285714285714286,5.170483995038151,4.828903277774876,1,0.14967341594997724
8f54d64f28a993550aa7943f12572959,16,15,0.0,172.21875,70.21056694641841,0.25,2.833213344056216,5.154555246620078,1,0.21935731210113613
8f580d36c1e9d6fbce95283403c7d447,8,8,0.0,601.65625,257.30072682259856,0.375,2.1972245773362196,6.401346967842602,1,0.12280865246096695
8f78f0903005064036736c7173a5c2ed,21,13,0.0,100.65238095238094,85.71817954118531,0.42857142857142855,3.091042453358316,4.621558962843631,1,0.20232957781910632
8fb791022c1fc8909664f48ab7dc636d,5,5,0.0,1623.99,405.49229339162537,0.6,1.791759469228055,7.393256940898749,1,0.036863565489254735
8fbd63429be6d3e5e6d1a709b6464802,8,6,0.0,132.675,44.092537633935244,0.625,2.1972245773362196,4.895411480834795,1,0.20125073241026087
8fbe2ee446b97e128471be4ce983dc0d,3,3,0.0,49.5,29.779299297778437,1.0,1.3862943611198906,3.9219733362813143,1,0.1688451368272738
8fdca8e349553f99bc738833a62c8802,29,22,0.0,34.115172413793104,33.83454005646216,0.27586206896551724,3.4011973816621555,3.5586332995745273,1,0.1896516884160978
8fe8786ee000001ab51d030dfd4a7bf1,5,5,0.0,451.0,14.696938456699069,0.6,1.791759469228055,6.113682179832232,1,0.1589704119755403
8fec2e460530482132c436cfb5439925,5,3,0.0,93.692,65.63147214561015,1.0,1.791759469228055,4.550629519326898,1,0.16639227499950437
8ff1a9df749e454105c55cda13e79143,14,13,0.0,100.04285714285716,44.89011527028628,0.2857142857142857,2.70805020110221,4.615544754986631,1,0.22533196100720648
8ff38bc3969e67c36c48343a07090f66,8,2,0.0,434.0,0.0,1.0,2.1972245773362196,6.075346031088684,1,0.09728338268077297
8fff28c4263ddec387f28d237fb42773,6,4,0.16666666666666666,56.56666666666666,86.82677518420738,0.8333333333333334,1.9459101490553132,4.052943696484523,1,0.07742104464288857
900ba814c251a692506d7834c1218441,88,88,0.0,330.6782954545455,125.92427401763032,0.03409090909090909,4.48863636973214,5.8041655095478335,1,0.12743312548353347
901b460cdce0c64e471230d7f2f9f3a3,5,5,0.0,380.8,75.21276487405574,0.6,1.791759469228055,5.944896911291647,1,0.16534983141172754
902c99f1ac505c0d18778b61bcd636f7,4,4,0.0,39.49,12.747548783981962,0.75,1.6094379124341003,3.7010550300440697,1,0.18662712160413197
903037660cf848a717166eb7a06d616e,60,45,0.0,133.19183333333334,302.21985747957103,0.15,4.110873864173311,4.899270368239774,1,0.134119079371965
90b36c5aeb728d5504a39f435bef0c5f,7,5,0.0,29.694285714285712,15.279847472259343,0.7142857142857143,2.0794415416798357,3.424076504183083,1,0.17710985691730502
90d4125885ab6c86e8820a722be71974,5,3,1.0,259.91,0.0,1.0,1.791759469228055,5.564175520269783,-1,-0.06287525376545011
9140bd1d9de28b197dce077bdd687438,8,6,0.0,157.35875000000001,192.70709661540099,0.625,2.1972245773362196,5.06486302879935,1,0.16633732300090331
91543f9849d68d023e17194926598543,6,4,0.0,139.0,39.15780041490242,0.8333333333333334,1.9459101490553132,4.941642422609304,1,0.17812952395757425
916748bc99315c2d202898ae58b1617e,32,25,0.0,11.543750000000001,6.128822149279582,0.21875,3.4965075614664802,2.5292225335625114,1,0.13068009434043132
916c9de0b5ad957346eeeb12f332687e,28,23,0.03571428571428571,195.72321428571428,43.6439193157512,0.2857142857142857,3.367295829986474,5.281797737169094,1,0.15999751124733985
918717417d88a9f9ae9735567e6c7682,4,4,0.0,86.42500000000001,44.395122198277576,0.75,1.6094379124341003,4.4707812829494396,1,0.19468830074096416
918f6fbcf3ab724d805867303e593a1b,3,2,0.0,26.566666666666663,2.35702260395518,1.0,1.3862943611198906,3.3166073133615357,1,0.12758017917483466
9198786624eaeb375793215cad26cfa6,10,9,0.0,90.83,38.69183505599084,0.4,2.3978952727983707,4.519939041625431,1,0.22017529424527332
91f0eec23d4a61d7d7caeefa3f0ad1ca,11,11,0.0,199.16363636363639,0.3471251471089072,0.2727272727272727,2.4849066497880004,5.299135213837932,1,0.19785496584359602
91f5779a8731baca4809fdeade81803f,6,6,0.0,328.57666666666665,360.563891456455,0.5,1.9459101490553132,5.797809002649124,1,0.10688703019919438
91f848e9f4be368f4318775aac733370,73,63,0.0,81.26849315068492,19.329887616425847,0.1095890410958904,4.30406509320417,4.409988205110401,1,0.19793926800748368
921323538c9f1c4e816f2720eac02bea,17,15,0.0,82.46117647058823,51.09292283009265,0.29411764705882354,2.8903717578961645,4.424381571284859,1,0.223561846420484
9261d76c62caaf0b24677c2ceb7f8f20,7,6,0.0,138.38571428571427,9.902529052350973,0.5714285714285714,2.0794415416798357,4.9372450130585905,1,0.20235638818692342
929f342384a6607afe143d789ade1316,4,4,0.0,52.35,26.992452648842413,0.75,1.6094379124341003,3.976873977747762,1,0.1918219406348376
92c8bc6e8f925792247656fed09aad65,3,3,0.3333333333333333,86.56666666666666,29.91469352824614,1.0,1.3862943611198906,4.472400408023384,1,0.039811017459062015
92d14edfb62ee5ae7fdff70b0f4e7233,13,8,0.0,24.76923076923077,17.95787312296731,0.6153846153846154,2.6390573296152584,3.24918117436353,1,0.16289496829472588
92eb0f42c21942b6552362b9b114707d,365,341,0.0,17.94145205479452,14.394184359351138,0.024657534246575342,5.902633333401366,2.941352750859079,1,0.012794834340735028
933446e9a59dece7ae9175103820ca8f,3,2,0.0,127.13,43.93961538293206,1.0,1.3862943611198906,4.853045373521485,1,0.14323497645965488
939e6227d6964a11a70aa91243e418f2,4,4,0.0,106.25,4.763139720814412,0.75,1.6094379124341003,4.675162557808126,1,0.1918275663835356
939f6e231201f26803cb5c3a3d2940b3,4,3,0.0,32.65,15.738090735537142,1.0,1.6094379124341003,3.5160130560907366,1,0.1581780606211578
93b9a99027bd8bd6af682aff18dd19bf,21,20,0.0,93.0,71.16178749862878,0.19047619047619047,3.091042453358316,4.543294782270004,1,0.22052655366269108
93dc87703c046b603023e75222018b45,36,35,0.0,236.59305555555557,166.8657736329054,0.1111111111111111,3.6109179126442243,5.470559359601577,1,0.18257949629865156
94144541854e298c2d976cb893b81343,76,68,0.0,227.45105263157893,374.1971811357545,0.13157894736842105,4.343805421853684,5.431321975709669,1,0.10055289879157764
941554c5757b73ba0e50aa7732310afc,4,3,0.0,26.9225,1.7710219507391591,1.0,1.6094379124341003,3.3294328154328445,1,0.15041562463653424
94231344608e603693b0a8891143f65d,3,3,0.0,240.66666666666666,35.537148012873764,1.0,1.3862943611198906,5.487559366186565,1,0.15618380207466687
9449f25aeaf531019b76999ea49a6949,10,10,0.0,204.645,97.73223124947059,0.3,2.3978952727983707,5.326151381227447,1,0.20630149183073526
9485a23c0430ba1d58d359391606fce6,5,5,0.0,225.98000000000002,54.20370467043733,0.6,1.791759469228055,5.424861907872993,1,0.19388799056233813
94b9108d4b637ba65bb4f1e53cfcf8d8,8,7,0.0,29.369999999999997,30.34464944598965,0.5,2.1972245773362196,3.4134552790576573,1,0.1881728402340881
94c49f20a123aeb9360dbf80ff912bf6,3,3,0.0,92.58333333333333,30.146319104586507,1.0,1.3862943611198906,4.538852304950443,1,0.1760229347879133
94ca168e8bcb407ab85c5da308863027,5,5,0.0,44.86,4.930963394713043,0.6,1.791759469228055,3.8255932774297583,1,0.19475261737584987
94e93ce877be27a515118dbfd2c2be41,35,30,0.0,162.13057142857141,118.45160356974873,0.17142857142857143,3.58351893845611,5.094550931845107,1,0.20504431085555824
951e8cef368f09bb3f3d03c00ca4702c,71,64,0.0,57.63788732394366,24.74039781953788,0.08450704225352113,4.276666119016055,4.07138102902937,1,0.19540421423508475
9539213aa8e023c01937bef95dc006da,9,9,0.0,25.455555555555556,4.969039949999531,0.3333333333333333,2.302585092994046,3.2754661761565975,1,0.17935409086840148
954e95f20808d7e5d11f0de292d078e0,4,3,0.0,39.695,4.600763523590402,1.0,1.6094379124341003,3.7061052347790047,1,0.16239259499363756
955fee9216a65b617aa5c0531780ce60,1499,1287,0.00066711140760507,90.17458305537025,83.86224854026847,0.01200800533689126,7.313220387090301,4.512776163669429,-1,-0.08081608284528408
9596c870880d900012f2e8e6e30d06d7,24,22,0.0,358.59375,369.76175615537113,0.20833333333333334,3.2188758248682006,5.884974922023732,1,0.1340699043919682
9599519be538b98748162a2b48248960,3,1,0.0,190.0,0.0,1.0,1.3862943611198906,5.25227342804663,1,0.12170979567871004
95b293867b5862941c9cd74f756a3c68,9,9,0.0,72.01111111111112,36.51618954334408,0.3333333333333333,2.302585092994046,4.290611636567603,1,0.21311819300578727
95e03ca3d4146e4011985981aeb959b9,193,175,0.0,57.046424870466325,29.744560911177686,0.046632124352331605,5.267858159063328,4.061243119175269,1,0.1402901048547816
95ec4458365c4d11f452ccf538377619,31,27,0.0,60.21806451612903,48.83272299353764,0.22580645161290322,3.4657359027997265,4.114442317795819,1,0.20487024254787306
95f83f51203c626648c875dd41874c7f,67,52,0.014925373134328358,48.02179104477612,26.05890015693628,0.22388059701492538,4.219507705176107,3.8922649144536425,1,0.15084585472548862
960945e1a9535cbc0cd6ddd35fbe7ae8,29,28,0.0,116.61137931034483,44.89644949667899,0.13793103448275862,3.4011973816621555,4.767385793626373,1,0.21179571364826155
9616352088dcf83a7c06637f4ebf1c80,98,92,0.0,58.19387755102041,5.7225086607851345,0.061224489795918366,4.59511985013459,4.080818116795492,1,0.17248741959320957
961dff0a659b4561334372337dd897d9,4,4,0.25,2486.5,281.45825622994255,0.75,1.6094379124341003,7.819033469032748,-1,-0.05036296026744014
9646c3513289980f17226a2fc4720dbd,78,71,0.02564102564102564,38.965384615384615,24.153429585661474,0.11538461538461539,4.3694478524670215,3.688013694837119,1,0.1386494623733988
96493fab2fbb13a14d0c0e8772eef5c3,64,63,0.0,296.390625,126.05425632286034,0.0625,4.174387269895637,5.695046510328112,1,0.15894796626328678
966cb4760537b1404caedd472cc610a5,75,75,0.0,683.8140000000001,189.2431141433329,0.04,4.330733340286331,6.529147268543792,1,0.10711479899838261
9674754b5a0cb32b638cec001178f799,97,86,0.020618556701030927,52.267216494845364,37.417787207003485,0.1134020618556701,4.584967478670572,3.975321066791868,1,0.14503589399004585
96804ea39d96eb908e7c3afdb671bb9e,40,38,0.0,90.26750000000001,33.54563971293436,0.125,3.713572066704308,4.513794754896928,1,0.21051805193777767
968268a686aa05d1f529fb07dff08130,12,12,0.0,389.77416666666664,245.06562013939356,0.25,2.5649493574615367,5.968129814264813,1,0.15332422112443772
96f7c797de9ca20efbe14545bed63eec,3,1,0.0,46.20000000000001,0.0,1.0,1.3862943611198906,3.85439389259151,1,0.12135600521411632
972d0f9cf61b499a4812cf0bfa3ad3c4,88,83,0.0,91.92375,26.7708872706095,0.06818181818181818,4.48863636973214,4.531779264384474,1,0.1921046108011918
973f21788dfab357250f69a8dcb7ddee,21,10,0.09523809523809523,43.285714285714285,29.259337715290396,0.47619047619047616,3.091042453358316,3.7906621484238787,1,0.1214625828208753
974cf2cb8f4b7add98709c30df02fe10,33,33,0.0,90.3839393939394,19.17375003857566,0.09090909090909091,3.5263605246161616,4.515069745229328,1,0.20616643382826194
97512d3fc193b2d1dfcdba0f9d1f0f8a,13,12,0.0,112.22076923076924,83.92134948514762,0.3076923076923077,2.6390573296152584,4.729339622709875,1,0.21600510903141484
977f9f63dd360c2a32ece2f93ad6d306,25,24,0.0,114.35480000000001,63.63763120167184,0.16,3.258096538021482,4.748012596237732,1,0.217816861570374
979e9f8b5b39dd243a2550c8b05aecf0,4,3,0.0,131.25,86.26811403989309,1.0,1.6094379124341003,4.8846940707384086,1,0.15235447511589933
97e4a63591ca439a2b8b7efd20e6e19e,5,5,0.0,69.99,0.0,0.6,1.791759469228055,4.262539022051294,1,0.19672609494505555
97e995629983723d11830a829bc2b246,5,5,0.0,99.9,40.3732584763727,0.6,1.791759469228055,4.6141299273595635,1,0.20550765128771403
9803a40e82e45418ab7fb84091af5231,18,11,0.0,237.70833333333334,552.2361628088918,0.5555555555555556,2.9444389791664403,5.475242444060632,1,0.07240696068325003
980640c45d7a4635885491d077167e4d,14,14,0.0,71.735,27.661636598106682,0.21428571428571427,2.70805020110221,4.286822699225425,1,0.2151787540454843
98115075dd26cb8835946fc6086f5d30,4,4,0.0,108.74,23.025800746119597,0.75,1.6094379124341003,4.69811393163083,1,0.1949644690278023
9853a239ab7b7ebbdc3a21248d5b8e1f,5,5,0.0,76.2,33.55234716081722,0.6,1.791759469228055,4.3463994570307305,1,0.20542767889379904
985c92cc412091f8529c12d7f23d3fef,12,12,0.0,114.04166666666667,87.8782446374275,0.25,2.5649493574615367,4.745294381582209,1,0.2129859097132722
989becdce12ebc39863c2bceab6f3ca1,18,18,0.0,435.6044444444444,421.7136228034668,0.16666666666666666,2.9444389791664403,6.079027623735228,1,0.11360443957307492
98dac6635aee4995d501a3972e047414,195,91,0.0,21.722307692307695,19.702489190850525,0.18461538461538463,5.278114659230517,3.1233471596592164,1,0.0896753582296575
99002261c568a84cce14d43fcffb43ea,36,36,0.0,113.55555555555556,23.587242837842638,0.08333333333333333,3.6109179126442243,4.74105990668074,1,0.20048819595150918
9906e7aa42a3c067b7c9a564d01c4320,16,12,0.0,163.6875,18.010478720733722,0.4375,2.833213344056216,5.104049738735681,1,0.1985711599841351
994f04b3718c2bab35c2adfa8afecd2a,57,49,0.03508771929824561,60.45087719298245,23.809530178075935,0.14035087719298245,4.060443010546419,4.118238110816301,1,0.15580026287048088
9996ae921c50e8dff411ac69c0b4bb8b,3,2,0.0,9.9,0.0,1.0,1.3862943611198906,2.388762789235098,1,0.08053704473619783
99a25c39b28a74d1151c35c18d178292,6,1,0.0,28.99,0.0,1.0,1.9459101490553132,3.4008639927609177,1,0.11944012806948445
99a54764c341d5dc80b4a8fac4eba3fb,67,45,0.0,55.35462686567164,58.38369454770634,0.208955223880597,4.219507705176107,4.031664346532412,1,0.17787309058169087
99eaacc9e6046db1c82b163c5f84869f,70,66,0.014285714285714285,187.70242857142858,93.74561642225063,0.1,4.2626798770413155,5.2401713223045565,1,0.16638559400250946
9a03a4e9eb0b947652fae4f6121a3f5e,7,7,0.0,213.85714285714286,147.8053049226086,0.42857142857142855,2.0794415416798357,5.369973355454472,1,0.18778567681926972
9a1aea68d3efa00862ec88c0768037d0,8,7,0.0,163.65,9.921567416492215,0.5,2.1972245773362196,5.103822008822373,1,0.2025621230374024
9a84ba99f5367fdbd4598363496f1ea2,16,16,0.0625,142.81125,206.92891143080396,0.1875,2.833213344056216,4.968501675884712,1,0.12939144681922643
9aa388272ee334b6ae07bc73706e254a,7,6,0.0,96.85714285714286,22.31865697078544,0.5714285714285714,2.0794415416798357,4.583508689206912,1,0.20929998945504907
9ac4f14370b1e24ddc58be041b7f99df,5,5,0.0,62.902,14.687636161070962,0.6,1.791759469228055,4.157350659798227,1,0.20315729847555647
9add47bf45ce8e8c7db6b9cf670b1e09,45,43,0.022222222222222223,107.31644444444444,40.77182208642283,0.1111111111111111,3.828641396489095,4.685056984072462,1,0.1690216086011565
9b00ed88b7fdb95d6ff76e27c1b52d16,51,47,0.0196078431372549,31.919215686274512,14.02598259018405,0.13725490196078433,3.9512437185814275,3.494056550685275,1,0.14932742447187775
9b013e03b2ab786505a1d3b5c0756754,225,174,0.0,40.12177777777777,34.57362586898278,0.06666666666666667,5.420534999272286,3.7165378541077256,1,0.1253063011824589
9b1585752613ec342d03bbab9997ec48,3,3,0.0,1416.3266666666666,514.1294649102393,1.0,1.3862943611198906,7.256527747113805,-1,-0.030052669480354677
9b522ba7eae9e1d04082f267144583cc,6,4,0.0,251.26666666666665,450.7897539011088,0.8333333333333334,1.9459101490553132,5.530486729069559,1,0.07783495068045476
9b76ad3d04236f76bc71c59470305e13,3,2,0.0,131.5666666666667,47.140452079103135,1.0,1.3862943611198906,4.887085663545536,1,0.1418404898508152
9bade61a92bed55a25d2b67b9f4ed739,3,2,0.0,39.22666666666667,2.5974389095585453,1.0,1.3862943611198906,3.6945301256227507,1,0.1367152568482053
9baf5cb77970f539089d09a38bcec5c3,33,32,0.0,185.74757575757576,188.8895829944574,0.12121212121212122,3.5263605246161616,5.229757842710869,1,0.1869150801164432
9bc484c87d79cd4874e05ca182658045,9,9,0.0,124.44444444444444,108.71712643483046,0.3333333333333333,2.302585092994046,4.831862986813443,1,0.2056922576383587
9bcdfa7b615b3abb9461d9e3ad9886ae,20,14,0.0,106.30350000000001,118.41880552830278,0.45,3.044522437723423,4.675661267930393,1,0.186096431876019
9c068d10aca38e85c50202e17b4a7e88,17,17,0.0,156.40588235294118,105.45043703693351,0.17647058823529413,2.8903717578961645,5.058827707285884,1,0.21385800837698943
9c0e69c7bf2619675bbadf47b43f655a,206,157,0.0048543689320388345,163.6057281553398,95.58509435227792,0.06310679611650485,5.332718793265369,5.103553088095162,1,0.11613532299686208
9c1c0c36cd23c20897e473901a8fb149,7,6,0.0,77.85285714285715,42.32616337588901,0.5714285714285714,2.0794415416798357,4.367583547918798,1,0.2094192189730646
9c3c24eca51c52b91c1de727d2a2ae06,6,6,0.0,51.25,3.4850872777211026,0.5,1.9459101490553132,3.9560398908449206,1,0.19219382203754432
9c54608f0996c32ae4743089d915f845,3,3,0.0,64.93333333333334,17.813914661173005,1.0,1.3862943611198906,4.188644130520502,1,0.1767160045276398
9c690ceacd5c66731bf443ea810195cb,12,10,0.0,72.65,34.636505308705715,0.4166666666666667,2.5649493574615367,4.299324142908639,1,0.2148179513041234
9c7fd21e0aa159b20da593371f08ff7c,8,7,0.0,99.78750000000001,54.73676638010322,0.5,2.1972245773362196,4.613014340011141,1,0.21139726640920709
9cad4b68bb993ee401a3c5aaa2bc26dd,7,5,0.0,92.75714285714287,12.777531299998769,0.7142857142857143,2.0794415416798357,4.540707852424364,1,0.19595702442961882
9cea4682e16655f7da87f406902e989e,9,4,0.0,9.751111111111111,9.445317998816419,0.8888888888888888,2.302585092994046,2.375009108405607,1,0.10775735645866641
9cf787a239c1aa29dbd76f153dc13f9a,4,4,0.0,79.0,0.0,0.75,1.6094379124341003,4.382026634673881,1,0.19121844820944844
9d213f303afae4983637247556438ede,3,2,0.0,15.9,1.6858739404357614e-07,1.0,1.3862943611198906,2.8273136219290276,1,0.09197224099527201
9d39404483343dd55c7ae254494d8388,10,10,0.0,29.32,3.356426671327684,0.3,2.3978952727983707,3.411807560774171,1,0.18479014162344465
9d489893ff6af05029671b785f54b998,6,5,0.0,49.78333333333333,13.956768569009405,0.6666666666666666,1.9459101490553132,3.9275682167636083,1,0.19023617893299372
9d4db00d65d7760644ac0c14edb5fd86,100,98,0.0,99.79700000000001,54.561998414647505,0.05,4.61512051684126,4.6131085932896125,1,0.18618987384877955
9d5604a1f112324ad6b2aa552122e0fb,17,13,0.0,24.794117647058822,13.704935589617742,0.35294117647058826,2.8903717578961645,3.2501464677560215,1,0.18190853953324787
9d5a9018aee56acb367ba9c3f05d1d6a,79,67,0.0,130.28240506329112,50.66660831369261,0.11392405063291139,4.382026634673881,4.877350766718314,1,0.19840585879031514
9d681c7e12db302cb261e721040dde65,14,13,0.0,56.114285714285714,35.964622639931214,0.2857142857142857,2.70805020110221,4.045054273010987,1,0.21761370680609243
9d7a1d34a5052409006425275ba1c2b4,16,13,0.0,65.92625,74.98203275410384,0.375,2.833213344056216,4.203591266856198,1,0.2061568216860618
9da1ca0bef29ee170e541927a5aeabdc,6,6,0.0,247.39999999999998,82.50000000000004,0.5,1.9459101490553132,5.515040350059324,1,0.1853809981949412
9dc79dd988ac42f4d56c340d7048420a,4,4,0.0,187.4,34.18698582794336,0.75,1.6094379124341003,5.238567362142263,1,0.18751813547372442
9dd59e43f0c9f0553244e8f9c2fb247e,10,10,0.0,35.63,12.531165149338666,0.3,2.3978952727983707,3.6008675767907232,1,0.1948683282328133
9dda5bbacd45e18d6485fee649205d09,22,19,0.0,86.93636363636364,35.0379994428717,0.2727272727272727,3.1354942159291497,4.47661341239013,1,0.2219311419794125
9de4643a8dbde634fe55621059d92273,81,72,0.0,216.79432098765432,133.915437726858,0.09876543209876543,4.406719247264253,5.383551135722067,1,0.1749610636580201
9df5750209b83567ec144eb299d7d634,11,11,0.0,447.0,278.87175286402623,0.2727272727272727,2.4849066497880004,6.104793232414985,1,0.14425655305421686
9e17b9d64683aebcbb9ee362d06463b4,3,2,0.0,32.9,4.242640687119285,1.0,1.3862943611198906,3.5234150143864045,1,0.1367513016264481
9e6229250fedbe05838fef417b74e7fb,78,74,0.0,168.36153846153846,36.90170321539705,0.07692307692307693,4.3694478524670215,5.13203571075759,1,0.18895674052209416
9e6967d3cf386d284251784b18ccb485,11,9,0.0,47.060909090909085,31.22343160179124,0.45454545454545453,2.4849066497880004,3.872469145878675,1,0.2053023091111975
9e9b539eb2806acee3f5c28085c1db9f,3,3,0.0,322.3333333333333,171.33463034528535,1.0,1.3862943611198906,5.778683782829319,1,0.10986621083301118
9ed65337433adfbedefd23dd76eaa494,6,6,0.0,210.4333333333333,267.0419796378257,0.5,1.9459101490553132,5.3539097399717415,1,0.14001147182636303
9f50216bfd01913736a55a11b55ea842,19,17,0.0,71.26315789473684,31.24410193648036,0.2631578947368421,2.995732273553991,4.280314426601531,1,0.2179580756444922
9f505651f4a6abe901a56cdc21508025,430,397,0.0,61.306558139534886,57.256198634794856,0.027906976744186046,6.066108090103747,4.132066687340454,1,0.06098000355768429
9fc70243fb26800cba56e8f014797004,7,6,0.0,66.65714285714286,18.12975905149615,0.5714285714285714,2.0794415416798357,4.214452934514482,1,0.20512272261636666
a00824eb9093d40e589b940ec45c4eb0,3,3,0.0,3133.3233333333333,188.56180831640884,1.0,1.3862943611198906,8.05016858713275,1,0.02738034229711539
a0415d9b25ede3c4b1e477e9916ffc03,10,10,0.0,404.40999999999997,315.2400052341073,0.3,2.3978952727983707,6.004898900709234,1,0.14170061943826645
a066df7361163e7ddc5d7452dd17448b,17,15,0.0,63.42941176470588,14.013093234790096,0.29411764705882354,2.8903717578961645,4.165570233273485,1,0.21582972527494343
a06c8ff043abea0528ee44171e2140a2,8,8,0.0,64.3125,44.173717794068466,0.375,2.1972245773362196,4.17918344215913,1,0.20867786295579638
a080fc8a850289b27500f6b49cca2553,4,4,0.0,95.75,41.87705218851967,0.75,1.6094379124341003,4.572130331909891,1,0.19469344040615805
a08692680c77d30a0b4280da5df01c5a,17,6,0.0,143.11764705882354,61.501680850240554,0.6470588235294118,2.8903717578961645,4.970629959482556,1,0.18743596245151306
a0a14e50070f3225b3eabba5b85da517,4,4,0.0,44.05,0.0,0.75,1.6094379124341003,3.807772984054347,1,0.18472154147450526
a0d7fbb07bb5ebc3b05980e750db56f3,4,3,0.0,212.2475,73.65968211138305,1.0,1.6094379124341003,5.362453462973644,1,0.15254483333633734
a0e19590a0923cdd0614ea9427713ced,7,2,0.0,36.9,0.0,1.0,2.0794415416798357,3.634951112088381,1,0.13551273755788168
a1043bafd471dff536d0c462352beb48,770,718,0.003896103896103896,132.33916883116885,35.48722508515169,0.011688311688311689,6.647688373563329,4.892896023715925,-1,-0.029832501641945286
a13580f0e8f782b7a543885a0ef99f08,10,10,0.0,130.49,44.218208918950985,0.3,2.3978952727983707,4.878930803098828,1,0.2161161602813122
a13aaf2d2886ab9fb30fb9a920160b8f,4,4,0.0,252.88,8.660254037844387,0.75,1.6094379124341003,5.5368617144382695,1,0.17892988339653215
a1474fd46fd3430168f7ec202da39408,14,12,0.0,196.60714285714286,160.15438183330534,0.35714285714285715,2.70805020110221,5.286280932722906,1,0.19441669436385095
a1544b9ea0b2390e020537d4daa89049,8,8,0.0,105.15,58.59127494772579,0.375,2.1972245773362196,4.664853188149265,1,0.2133414942851909
a17f621c590ea0fab3d5d883e1630ec6,80,65,0.025,34.73225,20.35640814184811,0.1,4.394449154672439,3.576053642344838,1,0.12991083697521133
a1bea7061f61f6fdd9a85a6325ba1033,9,9,0.0,90.10555555555555,85.65614878507763,0.3333333333333333,2.302585092994046,4.512018785453235,1,0.20679812906335898
a218df5c097b0ca409cfaac1488cc7f6,4,4,0.0,32.6725,33.65108124191554,0.75,1.6094379124341003,3.516681480490833,1,0.17602434910962256
a21c11ec5c3f03e7cc9f9203bff9e1c6,4,3,0.0,96.25,23.81569860407206,1.0,1.6094379124341003,4.577284982498556,1,0.17392156413896592
a23266650e7c84bb93fbbba502137478,16,11,0.0,94.525,58.222498872858424,0.4375,2.833213344056216,4.5593879933329635,1,0.21151593868498753
a254c682cc01e119f83530446f1df9a9,7,6,0.0,81.34285714285714,19.087906204330203,0.5714285714285714,2.0794415416798357,4.410891715070053,1,0.20897088825746313
a2b5b6105ea5942300631d2e76f4ffe0,16,16,0.0,205.418125,144.25920959416894,0.1875,2.833213344056216,5.329903844674384,1,0.20347015140944424
a2deecd5398f5df4987110c80a1972a3,16,16,0.125,51.714375,41.78630217678247,0.1875,2.833213344056216,3.964888188750717,1,0.10012763382803319
a2e85714b56b1cb6bb24a9a6e6cad36f,3,2,0.0,113.23333333333335,2.357022603954987,1.0,1.3862943611198906,4.738243140212454,1,0.14699454320518046
a2e874074c877c5a05abae80ad6e488f,46,44,0.021739130434782608,175.47782608695653,197.37925345707967,0.10869565217391304,3.8501476017100584,5.173195237245713,1,0.1455784740576499
a2fa0bdc798ee84cdb08281337cf4fb6,13,10,0.0,30.21153846153846,11.825903020425995,0.46153846153846156,2.6390573296152584,3.4407878489331636,1,0.18119576361476286
a3082f442524a1be452e3189e003b361,4,3,0.0,75.4,20.80264406271472,1.0,1.6094379124341003,4.335982696172475,1,0.1762165720477296
a35124e2d763d7ca3fbe3b97d143200f,7,4,0.0,58.785714285714285,4.6183418704826815,0.8571428571428571,2.0794415416798357,4.0907667408742165,1,0.17869459330946175
a35ef466c6fd6d052f5d241240d3c5e2,3,3,0.0,189.96666666666667,152.40516905786222,1.0,1.3862943611198906,5.252098892746423,1,0.12590005227192286
a369d693961cb93b61ca2cc518872a85,18,11,0.0,144.27777777777777,101.77415386561428,0.5555555555555556,2.9444389791664403,4.978647618602858,1,0.18778869032179873
a36ac007a4d18f865c8d32c3b2402c2d,9,9,0.1111111111111111,151.08666666666667,74.26274136843828,0.3333333333333333,2.302585092994046,5.024450533796619,1,0.13526862301435016
a36b125ac6d5fdbc7f50de85c9157bdc,26,24,0.0,70.90923076923077,67.6984377687651,0.19230769230769232,3.295836866004329,4.275404639925089,1,0.21186428666223173
a37c340b91cb0169e8b029db6440fba2,5,5,0.0,69.0,0.0,0.6,1.791759469228055,4.248495242049359,1,0.19621381765006046
a3a38f4affed601eb87a97788c949667,263,254,0.0,100.88714828897338,56.08271516730398,0.022813688212927757,5.575949103146316,4.6238658114599955,1,0.10474531487341837
a3b42d266fa8afc874b909422ce88582,6,1,0.0,139.9,0.0,1.0,1.9459101490553132,4.948050418904635,1,0.13069192356407838
a3dd39f583bc80bd8c5901c95878921e,37,34,0.0,124.53540540540541,70.22573427572956,0.16216216216216217,3.6375861597263857,4.832587833569052,1,0.21152413519939217
a3e9a2c700480d9bb01fba070ba80a0e,144,130,0.0,93.33888888888889,52.94819810058475,0.0625,4.976733742420574,4.546893500056091,1,0.17160787856427412
a3f0b55de503387383c7b1de3ad7f678,26,24,0.0,167.24615384615387,58.053650456805386,0.19230769230769232,3.295836866004329,5.125428108508149,1,0.2144158708009432
a414555ce331b8c8aea4a9cb8395194d,8,7,0.0,181.36875,171.25605561829775,0.5,2.1972245773362196,5.20603073620774,1,0.1810046759082003
a416b6a846a11724393025641d4edd5e,181,162,0.027624309392265192,141.827182320442,126.56706548522541,0.03867403314917127,5.204006687076795,4.961635384174816,1,0.0682830660646152
a420f60ff1aa9acc80d0e42959f2b313,69,67,0.0,107.87391304347827,150.6117387231481,0.07246376811594203,4.248495242049359,4.690190451595651,1,0.175427795569772
a425f92c199eb576938df686728acd20,19,17,0.05263157894736842,61.357894736842105,29.679592772590645,0.2631578947368421,2.995732273553991,4.132890283787148,1,0.1606578701693634
a435b009cd956ea60748b5cfbddf2e24,3,3,0.0,120.39333333333333,49.78512517699326,1.0,1.3862943611198906,4.799035962235587,1,0.1666867516192132
a44fb5a447105f8469bdf16bf9159f25,19,19,0.0,195.0578947368421,278.2169000803235,0.15789473684210525,2.995732273553991,5.2784099969244656,1,0.16344837195868595
a478c7961d6a992065b24e63b366f90b,9,8,0.0,142.38888888888889,51.674073543153234,0.4444444444444444,2.302585092994046,4.965560441822449,1,0.2106932277947276
a49928bcdf77c55c6d6e05e09a9b4ca5,106,98,0.0,83.17641509433963,12.08793685196654,0.0660377358490566,4.672828834461906,4.432914776243395,1,0.1787403075089073
a4b6b9b992b46e9ef863637af96e04bc,14,7,0.42857142857142855,510.5,620.5141589267496,0.7142857142857143,2.70805020110221,6.2373475853916815,-1,-0.08162344013401013
a4bd6e9adf39b63f43dc545d3ca1f53d,5,4,0.0,369.71799999999996,319.9150645030647,0.8,1.791759469228055,5.915441665762306,1,0.09523297642421447
a5259c149128e82c9d6d46e0c1c812bb,8,8,0.0,147.7825,128.08447463978607,0.375,2.1972245773362196,5.002485507955802,1,0.19740485180502554
a53f60f05f822b5c621a50ff6a5cb362,6,4,0.0,69.23333333333333,29.662921111867753,0.8333333333333334,1.9459101490553132,4.251823032142034,1,0.18460175050837135
a56e351445e5863fc8960640ba9190c7,4,3,0.0,190.23000000000002,8.871679660582611,1.0,1.6094379124341003,5.253476892074883,1,0.16137551835649583
a5a1bfcf728ab0e19182959cf0771ee4,24,21,0.0,75.54,42.19289158140265,0.25,3.2188758248682006,4.337813479997556,1,0.21957692170118426
a5bff0f43eb51f0cad7c37fac7244c8a,5,4,0.0,89.0,0.0,0.8,1.791759469228055,4.499809670330265,1,0.18487581787054314
a5cba26a62b8b4d0145b68b841e62e7f,55,54,0.0,267.9607272727273,161.0753510837204,0.07272727272727272,4.02535169073515,5.594565373674821,1,0.1645893969026722
a5dd1946fb63ada8bcaa0c9cd8f11e22,7,6,0.0,31.374285714285715,15.434969440612855,0.5714285714285714,2.0794415416798357,3.4773644568971074,1,0.1896909213677047
a5ff20ff766e7f50bd5066f33da14413,4,2,0.0,16.6475,1.661556123036478,1.0,1.6094379124341003,2.87059413028749,1,0.09981484044578498
a63bfbaa882c8f4542891b4e2246cc7f,7,7,0.0,967.4285714285714,237.24782530561785,0.42857142857142855,2.0794415416798357,6.875674728375652,1,0.09858841914895816
a64e44665225d19dfc0277eeeaaccc57,6,6,0.0,55.833333333333336,50.433674817085816,0.5,1.9459101490553132,4.0401230080554615,1,0.1941301743054506
a673821011d0cec28146ea42f5ab767f,146,129,0.0136986301369863,94.95678082191782,51.47870768692961,0.06164383561643835,4.990432586778736,4.563897890325804,1,0.1391551060429193
a67780aba9dd436e7ac0aa1f889e73ec,6,6,0.0,143.83333333333334,47.47082144737846,0.5,1.9459101490553132,4.975583656037337,1,0.20018822869461322
a69aa24cec11168e7e39a3fbc727e925,3,3,0.0,35.32333333333333,6.599663291074468,1.0,1.3862943611198906,3.592460326320685,1,0.16129009640152808
a6bd7d1ccdac48c6b33b28596b7eb122,16,16,0.0,898.038125,317.6608418230588,0.1875,2.833213344056216,6.801325441803785,1,0.09911608643634578
a6fe7de3d16f6149ffe280349a8535a0,52,51,0.0,55.86153846153846,4.906673393143542,0.07692307692307693,3.970291913552122,4.040619162865938,1,0.18653580818256482
a70e9066dbfd10b6b97a3f54a1356762,4,2,0.0,429.0,0.0,1.0,1.6094379124341003,6.063785208687608,1,0.10356803404025583
a72c2f59332659e361d647515c698798,6,5,0.0,133.81666666666666,8.000086805084893,0.6666666666666666,1.9459101490553132,4.903915830795852,1,0.1911561190474272
a7a9b880c49781da66651ccf4ba9ac38,4,3,0.0,76.9,7.648529270389178,1.0,1.6094379124341003,4.355425952876702,1,0.17267484140378092
a7c88262832dfc683781d6a421edefae,5,5,0.0,304.0,62.019351818605735,0.6,1.791759469228055,5.720311776607412,1,0.17887272427735462
a7dc4098e4da6e41b426269d12ae7e91,3,2,0.0,172.66666666666666,3.7712361663287894,1.0,1.3862943611198906,5.157137753085257,1,0.14163927466666398
a7f13822ceb966b076af67121f87b063,86,75,0.0,145.0888372093023,45.984034929694495,0.08139534883720931,4.465908118654584,4.984214910699387,1,0.19448747012081763
a806a4bb063ea7ca6d374eafa50a6058,6,5,0.0,49.06666666666666,13.043729868748782,0.6666666666666666,1.9459101490553132,3.913355450661925,1,0.19023617893299372
a8739afb32aaa45e01815ca76f76f54b,15,13,0.0,19.922,2.5930347728739194,0.3333333333333333,2.772588722239781,3.040801236921569,1,0.14929316855497454
a888faf2d1baececa6baf9c3d603ee1f,55,54,0.0,323.01454545454544,106.64364690310153,0.07272727272727272,4.02535169073515,5.780788408162879,1,0.1662781556974241
a90a5da8b09e44264a177c0374a5ac87,3,3,0.0,24.900000000000002,10.801234497346426,1.0,1.3862943611198906,3.2542429687054923,1,0.15101638049579058
a938325a4b357fd23a6a4d5bb126408e,25,24,0.0,129.24,44.915280250711994,0.16,3.258096538021482,4.869378902254231,1,0.21558752190584568
a9b533a26e898b12e8b8d4c07279bf4d,4,4,0.0,29.9,0.0,0.75,1.6094379124341003,3.4307561839036995,1,0.17215816462677963
aa1eb17b9fdf6dfd546e25c45c7b9235,4,3,0.0,29.4975,0.8703555308033787,1.0,1.6094379124341003,3.4176447130407555,1,0.15411442893632582
aa762680c40618316a896838866140ea,3,3,0.0,87.0,0.0,1.0,1.3862943611198906,4.477336814478207,1,0.17369911035957586
aac29b1b99776be73c3049939652091d,138,98,0.0,48.95586956521739,46.56222003286339,0.13043478260869565,4.9344739331306915,3.9111400070041036,1,0.15593190852997502
aac51c486b672a9850d59f3e84b1cf88,13,10,0.0,56.02153846153846,46.88167607369952,0.46153846153846156,2.6390573296152584,4.043429064206801,1,0.20097094243037328
aae3bfea055532c57fb453ed3ec80b30,50,48,0.0,61.1584,34.52399324296075,0.1,3.9318256327243257,4.129685965702372,1,0.2052748463259928
aae5e7b457a3c72ee230a47d98fceda5,7,5,0.0,86.39999999999999,35.73373755990269,0.7142857142857143,2.0794415416798357,4.470495282661489,1,0.19719840674570732
aaed1309374718fdd995ee4c58c9dfcd,112,105,0.0,83.72276785714287,53.23104746912646,0.05357142857142857,4.727387818712341,4.439384371405639,1,0.18239667401808524
aafe36600ce604f205b86b5084d3d767,131,129,0.0,70.62137404580153,44.76569025566562,0.03816793893129771,4.882801922586371,4.271393549611071,1,0.16372528059279573
ab27bbbad5239bc31a34709275a70db4,11,3,0.0,34.809090909090905,0.9958591954639733,1.0,2.4849066497880004,3.5782017971784894,1,0.13649595563517175
ab3e0c171fe84a7ba7de130f19cfb485,10,7,0.3,86.342,19.18480429923644,0.6,2.3978952727983707,4.469831446810579,1,0.0655000869630894
ab91571efab27993ff2f6b36e38055c3,4,3,0.0,25.56,0.0,1.0,1.6094379124341003,3.279406324608233,1,0.14778003957397623
ab9db4cf53b08b828b64dccaafc2d9f0,5,5,0.2,55.534000000000006,31.539392892064352,0.6,1.791759469228055,4.034842227072993,1,0.08543941375038278
aba1721a889e04decc910aa13b768ef4,92,83,0.0,153.2967391304348,205.81073431415558,0.08695652173913043,4.532599493153256,5.038877625836891,1,0.15593276084191698
abbf6046bbdf1028606a5bc7f00c99e7,7,7,0.0,316.7357142857143,64.5527896613399,0.42857142857142855,2.0794415416798357,5.761219950083944,1,0.18756715603312946
abc015ebac1d283a323ca9db35ede4b9,13,12,0.0,85.13846153846154,42.47222691561625,0.3076923076923077,2.6390573296152584,4.455956019453256,1,0.22180901293946031
abcd2cb37d46c2c8fb1bf071c859fc5b,52,45,0.0,93.85038461538463,62.600061592545835,0.11538461538461539,3.970291913552122,4.552300751358406,1,0.20980001101450468
abe42c5d03695b4257b5c6cbf4e6784e,50,50,0.0,343.18,101.0064730598985,0.06,3.9318256327243257,5.841164776336765,1,0.16226679435625768
ac3508719a1d8f5b7614b798f70af136,104,103,0.0,122.84461538461538,43.806067763826945,0.038461538461538464,4.653960350157523,4.819027678079565,1,0.17047797085228705
ac51cac5e20d69ff485a54746488ef48,4,4,0.25,189.975,94.44576155127345,0.75,1.6094379124341003,5.252142529427424,1,0.05229159552185303
ac6417315ae5da8f9a38ee11de6f7780,8,8,0.125,98.6125,41.820671847185814,0.375,2.1972245773362196,4.601287658723867,1,0.13117209757366355
acadd4d36859671cb635527c6c977533,12,12,0.0,198.41666666666666,226.4065143104814,0.25,2.5649493574615367,5.295396438120373,1,0.17687884316320224
acb6c2ca5c82411c1fdb88d5fd5eb95e,11,10,0.0,37.625454545454545,19.262141561120902,0.36363636363636365,2.4849066497880004,3.653911503315773,1,0.19985125039036622
acce39e832338debb07b02385cde5967,44,44,0.0,107.91136363636365,28.646848279039606,0.06818181818181818,3.8066624897703196,4.6905343737728105,1,0.19963426276453644
aced59e9b31ef866a94f9e7f29d8d418,67,61,0.0,108.48507462686567,125.17720723066584,0.1044776119402985,4.219507705176107,4.695788235188733,1,0.18892431739631077
acf974e4d5950ad143a247471b831eb9,12,5,0.0,35.31666666666667,7.644151722431682,0.8333333333333334,2.5649493574615367,3.5922767727225193,1,0.1531433432138799
ad273c9eb54ecb4532de4bf75bae9e4e,11,10,0.0,58.63636363636363,29.515089291204397,0.36363636363636365,2.4849066497880004,4.088265516145719,1,0.21287046472746074
ad420dd0c4f92f8af951ac24b86d0cf5,46,42,0.0,102.28891304347826,70.9892754370644,0.13043478260869565,3.8501476017100584,4.637530042616073,1,0.20956296079161502
ad75519a07f039025e83795a4418470f,9,3,0.0,33.56666666666667,8.343846701478729,1.0,2.302585092994046,3.542889826567372,1,0.1440088517338422
ad781527c93d00d89a11eecd9dcad7c1,44,44,0.022727272727272728,156.8084090909091,13.446365839407823,0.06818181818181818,3.8066624897703196,5.061381696541424,1,0.15280082849270765
ad87df7699e83b8a91822a4a0b765c3a,7,6,0.14285714285714285,49.98571428571428,32.915494769460295,0.5714285714285714,2.0794415416798357,3.9315454814408013,1,0.10880130230669316
ad8b531ae67582f096925cff5630d0d1,3,3,0.3333333333333333,69.45,84.570217373888,1.0,1.3862943611198906,4.254903238344689,1,0.027675746115048305
ad97a199236354e53fcd91a5a913e9a2,18,17,0.0,733.661111111111,373.5768575375813,0.2222222222222222,2.9444389791664403,6.599409319567633,1,0.10975879144752743
adbc26658d6c7b4b6219f9d934598091,92,88,0.0,128.3304347826087,10.754581825703163,0.06521739130434782,4.532599493153256,4.862370639229348,1,0.17826615206927932
adbe70ab2c97442046d393988c8d1d27,5,5,0.0,57.9,4.0,0.6,1.791759469228055,4.075841090657541,1,0.19843499990935748
adcf50477d6a1f5d91bb9d54c4903cb5,38,19,0.0,37.503684210526316,40.122459415949166,0.3157894736842105,3.6635616461296463,3.650753930495285,1,0.17665556780446223
ade45994b717ccee333492330fbf037b,10,10,0.0,719.6,177.46278483107358,0.3,2.3978952727983707,6.580084198313993,1,0.14734626101993925
aded58c8142dedc5494a81f948431fab,5,4,0.0,57.9,20.396078054371163,0.8,1.791759469228055,4.075841090657541,1,0.18860268642533484
ae45df84722b1d15c5f32b23a095746c,12,9,0.0,75.1525,38.93380239265104,0.5,2.5649493574615367,4.332737908743186,1,0.20841662022533225
ae7ab174effdead6c241e547e4ca13f0,7,6,0.0,396.9428571428571,20.539916340270388,0.5714285714285714,2.0794415416798357,5.986308419958611,1,0.16709668702098945
ae8bfdbf1c2a2a2dee92d799db0a31c6,8,8,0.0,42.49,20.512191496766008,0.375,2.1972245773362196,3.772531026609547,1,0.2011992201183584
aeb36d67f1414f234d42a29e27cf1f17,4,4,0.0,815.95,146.2432989917826,0.75,1.6094379124341003,6.705577893476833,1,0.10721775794593041
af3ef48d0e13835e529c29ac573c63e5,21,21,0.0,66.93476190476191,18.727588413900293,0.14285714285714285,3.091042453358316,4.218547860919456,1,0.2098984677379267
af4a0e4cfe1d9c26b6712b1be25a72e5,26,21,0.0,336.8453846153846,257.80057267392937,0.23076923076923078,3.295836866004329,5.822588348858207,1,0.15331943345496968
af7cdac9d9897cddead9c6b08976c642,6,6,0.0,90.58999999999999,30.017550421933752,0.5,1.9459101490553132,4.5173220954148965,1,0.2059703070979732
afa6714acee029b2dfdf357e5579cc03,17,16,0.0,189.4564705882353,156.52045331262718,0.23529411764705882,2.8903717578961645,5.2494236676073,1,0.19826323159488873
afe0067131b73e40875c9b6c10bd2e21,46,46,0.021739130434782608,111.53043478260871,16.453305067282056,0.06521739130434782,3.8501476017100584,4.7232237164584205,1,0.15528301922671278
b01c2b7b8599b325103ebcddc67413e1,4,4,0.0,42.3625,0.9309773090682814,0.75,1.6094379124341003,3.769595012295868,1,0.18527793270432452
b0398568231ba5e6734af1881671a317,4,4,0.0,164.1925,115.6146315080838,0.75,1.6094379124341003,5.10711146054055,1,0.17073500560700222
b080809eaacb49e5ca07290981472431,11,11,0.0,38.54545454545455,7.4311829030675165,0.2727272727272727,2.4849066497880004,3.6774507582903135,1,0.1969739064229929
b0b346d3a89f5eb4c2968af3f083cd43,12,11,0.0,51.166666666666664,13.483529046787273,0.3333333333333333,2.5649493574615367,3.954443721312098,1,0.20961798287956934
b0f2a6122a90a93eb03e68653dd960e3,7,6,0.0,231.47142857142856,220.56541442578052,0.5714285714285714,2.0794415416798357,5.448767329611255,1,0.15903368327052314
b1204cfda1d4948679db3cfc0d3cb95c,11,7,0.0,263.97272727272724,217.81407872899769,0.6363636363636364,2.4849066497880004,5.579626904738039,1,0.14972926215290555
b127efdabeffb5d559349c7b172eb75d,10,10,0.0,30.85,4.8065060074860995,0.3,2.3978952727983707,3.4610373820181723,1,0.18737741617729714
b14db04aa7881970e83ffa9426897925,111,83,0.0,53.14054054054054,11.980670455891893,0.11711711711711711,4.718498871295094,3.991583268261555,1,0.1724355224518458
b16d3dadc47d4eb18be3d88bad0775ce,11,10,0.0,65.64545454545454,58.77190676499605,0.36363636363636365,2.4849066497880004,4.19938684543117,1,0.21158010097683216
b17b679f4f5ce2e03ce6968c62648246,57,55,0.03508771929824561,71.66228070175438,46.33444995565542,0.08771929824561403,4.060443010546419,4.285822414984096,1,0.14959723309271544
b18871c324516afa228a13e8f1ef0ae9,23,9,0.0,46.28695652173913,27.33350204813684,0.6521739130434783,3.1780538303479458,3.856234496829166,1,0.1642722230959548
b18dc380845b24038cfc48006478f099,54,44,0.0,154.69074074074072,86.51125995759918,0.2222222222222222,4.007333185232471,5.047871608482934,1,0.18937105888513556
b19f3ca2ea475913750f25a5c37c8d8f,24,24,0.041666666666666664,258.45458333333335,228.32190311376843,0.125,3.2188758248682006,5.558581671232327,1,0.11935832978166222
b1a81260566c1bac3114a6d124413f27,54,51,0.0,160.8275925925926,56.80420318743981,0.1111111111111111,4.007333185232471,5.086531525267816,1,0.2027264848926919
b1aaae6b66ad3c40f54b389d7ea4bee0,17,15,0.0,69.20588235294117,19.116368735542288,0.29411764705882354,2.8903717578961645,4.251432101722669,1,0.21731993294043023
b1ac6ea7895bc3dd6f0f6f4abbdd2821,41,40,0.0,76.5609756097561,19.850721901830045,0.0975609756097561,3.7376696182833684,4.351064409069915,1,0.20665563144873517
b1b3948701c5c72445495bd161b83a4c,18,18,0.1111111111111111,1372.177222222222,787.272159130681,0.16666666666666666,2.9444389791664403,7.224882474075023,-1,-0.0642699421894044
b1fc4f64df5a0e8b6913ab38803c57a9,121,107,0.0,66.07223140495867,15.564702835572405,0.10743801652892562,4.804021044733257,4.2057701193503565,1,0.16715895931515123
b1fecf4da1fa2689bccffa0121953643,20,19,0.0,183.482,58.953805695646174,0.2,3.044522437723423,5.21755189774559,1,0.21850570110944334
b2479f944e1b90cf8a5de1bbfde284d6,131,103,0.007633587786259542,36.27870229007634,15.569832221805903,0.09923664122137404,4.882801922586371,3.618422179395966,1,0.13588633351483398
b248792ac0b60ec3f93d80af1b4fae47,9,7,0.0,50.5,11.746867194656158,0.5555555555555556,2.302585092994046,3.9415818076696905,1,0.20645938085708776
b274baf5bbd142410eb2958cf685d684,7,7,0.0,83.7,7.1131668655489095,0.42857142857142855,2.0794415416798357,4.439115601658009,1,0.20848292549832437
b29d3380981c51df13fc6fbe87e1763d,7,6,0.0,62.18571428571429,35.547611073899525,0.5714285714285714,2.0794415416798357,4.146078235818968,1,0.20494284338022795
b2a6d334e2833acea353624840e25a0e,26,25,0.0,63.49923076923077,31.12808785091751,0.15384615384615385,3.295836866004329,4.166653297672173,1,0.21341551379924412
b2ac621f0d0322434d04a12b078b9369,30,30,0.0,319.18333333333334,307.4990537474149,0.1,3.4339872044851463,5.768893748406342,1,0.13347324566259972
b2ba3715d723d245138f291a6fe42594,363,337,0.011019283746556474,142.36055096418733,141.86240764655628,0.03305785123966942,5.8971538676367405,4.965362792440408,1,0.03030169809201466
b2c97074649f92197d9387d9033dda5f,11,10,0.0,62.24636363636364,23.157946710962268,0.36363636363636365,2.4849066497880004,4.147037634039707,1,0.2129651436193124
b2eecf5ea250510da76590ca79d60e5d,11,9,0.0,96.36363636363636,169.00902220525643,0.45454545454545453,2.4849066497880004,4.578452797649378,1,0.17462508971701646
b32be1695eb7ec5f10f72d9610a12527,46,45,0.0,584.2173913043479,409.65409125279245,0.08695652173913043,3.8501476017100584,6.3719833872695695,1,0.08234299963815794
b335c59ab742f751a85db9c411a86739,35,33,0.02857142857142857,82.09542857142857,46.72030151216661,0.14285714285714285,3.58351893845611,4.419989689174088,1,0.1765800076999522
b33aaadd1a8891d2dfef0c4c3bdf0371,17,16,0.0,88.47058823529412,19.79636819650579,0.23529411764705882,2.8903717578961645,4.493909948203076,1,0.22098328022416508
b33e7c55446eabf8fe1a42d037ac7d6d,155,152,0.0,290.22690322580644,172.25362505317088,0.03870967741935484,5.049856007249537,5.6741026995063315,1,0.10089067505873506
b347677812ea483b0f528eaf8cbc09b7,21,21,0.0,347.09476190476187,119.57973062908408,0.14285714285714285,3.091042453358316,5.852474747030409,1,0.1791175650080402
b372ee768ed69e46ca8cdbd267aa7a38,69,63,0.0,183.04347826086956,103.3890127852728,0.10144927536231885,4.248495242049359,5.215172024591774,1,0.19314760817219928
b37c4c02bda3161a7546a4e6d222d5b2,15,4,0.0,1605.0,385.6466430987485,0.9333333333333333,2.772588722239781,7.381501894506707,1,0.006610730830410638
b39d7fe263ef469605dbb32608aee0af,49,44,0.0,105.98163265306123,43.01401609949846,0.12244897959183673,3.912023005428146,4.672657162279054,1,0.21064522950861697
b3b17aab11f273023a5f22ca52e1eb70,13,7,0.0,526.9230769230769,250.59082847065545,0.5384615384615384,2.6390573296152584,6.268950585447098,1,0.1227338603114625
b3e2faf2c1004d674f16a3aa3197f0e1,3,3,0.0,20.49,5.656854249492381,1.0,1.3862943611198906,3.067587710654419,1,0.12834709136956435
b3f19518fcec265b2e97af287725f981,9,9,0.0,54.101111111111116,19.598437831421627,0.3333333333333333,2.302585092994046,4.009169881311469,1,0.20841318701511646
b410bdd36d5db7a65dcd42b7ead933b8,44,44,0.0,175.61136363636362,15.835492585114892,0.06818181818181818,3.8066624897703196,5.173951632851472,1,0.19094725089179704
b43d8b707f887a30f4675391098354a0,4,3,0.0,335.5,171.470843002535,1.0,1.6094379124341003,5.8185981490847825,1,0.11412120000099713
b44dbfbf62e52125f3c15d230569ea91,8,4,0.0,76.17125,73.66623860994602,0.875,2.1972245773362196,4.346026978342731,1,0.1639079007914942
b45d7ebfb7378630f1bcd74b6ff86ff7,5,5,0.2,201.49999999999997,120.57462419597253,0.6,1.791759469228055,5.310739886546593,1,0.0707681077050577
b494891378bd8f4560abe576c52deacd,22,20,0.0,134.49545454545455,62.105266042807806,0.22727272727272727,3.1354942159291497,4.9089380939670795,1,0.2199311230314131
b499c00f28f4b7069ff6550af8c1348a,187,152,0.0,55.22529411764707,36.26577820430388,0.08021390374331551,5.236441962829949,4.029366728914793,1,0.13996737720797636
b4a476fbd28de64b1e347abf9089366a,38,33,0.0,150.63263157894735,191.55480177366604,0.21052631578947367,3.6635616461296463,5.021460697928008,1,0.18232105277302352
b4b447d715f9ab302a188fb43d3e96b3,5,5,0.0,137.186,30.37857178999698,0.6,1.791759469228055,4.928600603741926,1,0.20293095003822892
b4f8921fcc4ff77b66bea6dda43dcd51,20,18,0.0,569.7524999999999,423.3573363232886,0.25,3.044522437723423,6.346955665601801,1,0.10842703090648542
b4ffb71f0cb1b1c3d63fad021ecf93e1,165,144,0.0,40.339939393939396,37.91784525103154,0.08484848484848485,5.111987788356544,3.7218290882133456,1,0.13290987100556034
b55638ad525e906c698fa2ce742c1742,12,11,0.0,91.23333333333333,75.73218529059417,0.3333333333333333,2.5649493574615367,4.524321598124771,1,0.21334786234668168
b561927807645834b59ef0d16ba55a24,95,85,0.0,47.38936842105263,40.545600755861784,0.07368421052631578,4.564348191467836,3.879280128871583,1,0.17830521756309575
b566ab0ef88016e00422755e305103c6,5,5,0.0,241.6,208.61505218943336,0.6,1.791759469228055,5.49141399650995,1,0.16047535911812377
b56828a9f9027f3c918c04ca720d9e3c,3,3,0.0,120.0,0.0,1.0,1.3862943611198906,4.795790545596741,1,0.16932550607559987
b56906f7fd1696e043f1bcce164c487b,42,40,0.0,51.1545238095238,16.512721099400206,0.11904761904761904,3.7612001156935624,3.9542109237923944,1,0.20129528788416662
b586cd24c010a13916af621b0325fbba,7,6,0.0,158.42000000000002,26.948961814087408,0.5714285714285714,2.0794415416798357,5.071542228999777,1,0.20051768843623335
b5abf4f36adc043117b4fca82c22984c,12,11,0.0,103.98333333333333,72.89999809480257,0.3333333333333333,2.5649493574615367,4.653801607399829,1,0.21545781424683652
b5e3e38609125694d2ea2417522a60b7,17,16,0.0,58.53176470588235,30.866957820962973,0.23529411764705882,2.8903717578961645,4.086510030701775,1,0.21672395793808086
b64d51f0435e884e8de603b1655155ae,23,17,0.0,18.094782608695652,13.907524041062846,0.34782608695652173,3.1780538303479458,2.9494151358886955,1,0.15282835033363545
b67d6c666e8dce1d078c882825e12704,8,7,0.0,44.105,32.44969683987818,0.5,2.1972245773362196,3.808993105108602,1,0.199951373691322
b6d44737c043328708f6749c2dbe50bd,80,62,0.0125,67.12,26.01468047084183,0.1625,4.394449154672439,4.221270855794487,1,0.17189307272527093
b6dc74ed30f124f95227bed4e43a3bed,13,11,0.0,39.919999999999995,14.735771233503657,0.38461538461538464,2.6390573296152584,3.7116189410834255,1,0.20327761034906738
b6e1504972665f739dec4facb9943775,14,14,0.0,106.03428571428572,81.77550879557712,0.21428571428571427,2.70805020110221,4.673149210372379,1,0.21563130881115905
b74d1c09cb380e1d03a6f859c6f4224b,39,31,0.0,56.96410256410256,53.83029219248157,0.20512820512820512,3.6888794541139363,4.059823897626984,1,0.2018324284517934
b76a1f8356322f12529c37b67d5c96c2,5,5,0.0,59.7,30.72718665937381,0.6,1.791759469228055,4.1059436980654525,1,0.2019301633730889
b76dba6c951ab00dc4edf0a1aa88037e,169,159,0.0,15.235384615384614,5.800318701711156,0.04142011834319527,5.135798437050262,2.7871930957814075,1,0.06744631118538635
b7cc6c5e001441ae8cdd5c69a480cbe4,6,6,0.16666666666666666,108.63333333333333,85.83318446589033,0.5,1.9459101490553132,4.697141464526902,1,0.0964152694169263
b7e1750c1157341d2abd0251e07c186b,4,3,0.0,39.9,12.747548783981953,1.0,1.6094379124341003,3.711130063048756,1,0.1634411219129751
b7ed9fb14c8eadb37adb9c45d67ab0fb,11,7,0.0,51.45454545454545,16.163672154577416,0.6363636363636364,2.4849066497880004,3.959946993709729,1,0.1884108837526624
b8114f2f589a6804810f04f99b36b498,11,8,0.0,127.23818181818181,52.216016668204496,0.5454545454545454,2.4849066497880004,4.853889330239013,1,0.2101604575875639
b81e3a6c866a764974fe849821abeebd,11,8,0.0,76.01363636363637,68.53548679635406,0.5454545454545454,2.4849066497880004,4.343982501805745,1,0.20402686668252107
b839e41795b7f3ad94cc2014a52f6796,36,33,0.0,1189.6944444444443,589.6912478127125,0.16666666666666666,3.6109179126442243,7.082291982656746,1,0.011004585328874827
b83cedfb587e7911540e3f576d6917ce,25,24,0.0,88.99799999999999,45.0546707900524,0.16,3.258096538021482,4.4997874478611255,1,0.21740032755151784
b8555308bfdb4ca1ed54325a58da9a97,28,26,0.0,108.82857142857144,20.413455946347472,0.17857142857142858,3.367295829986474,4.698920708600769,1,0.21400134105259516
b8578d2d823bd8e251f6fdd02b40902d,9,9,0.0,139.5111111111111,70.93948037970968,0.3333333333333333,2.302585092994046,4.945286568288293,1,0.21436431962535424
b8630e1121437d41cb08e3c749c2c2e2,12,12,0.0,582.3333333333334,631.1085925223609,0.25,2.5649493574615367,6.36875877824945,1,0.05567118243712854
b87a7ea0c30fad2dd6781b74a0064859,9,9,0.0,57.266666666666666,33.67164979623067,0.3333333333333333,2.302585092994046,4.065030174553326,1,0.20885044217096915
b88e7c57cb2d8b973b7dd4a2bfa14b36,4,4,0.0,88.475,102.98386706178789,0.75,1.6094379124341003,4.493959256652089,1,0.17296602576729175
b8a0adc91af209270c2c725168eb00fd,6,6,0.0,46.9,10.165300454651279,0.5,1.9459101490553132,3.8691155044168695,1,0.19416171580344865
b8bc237ba3788b23da09c0f1f3a3288c,47,45,0.0,291.1853191489362,24.918235982360912,0.10638297872340426,3.871201010907891,5.677388255579853,1,0.1749420874037696
b8d890108a7a80e4f5d59eea9f362438,3,2,0.0,29.899999999999995,4.76837158203125e-07,1.0,1.3862943611198906,3.4307561839036995,1,0.1319808903113071
b90e891671cffd9557f33a97dc523645,39,34,0.0,114.07692307692308,51.055216271026225,0.15384615384615385,3.6888794541139363,4.745600801072886,1,0.21454445590949534
b92e3c8f9738272ff7c59e111e108d7c,70,62,0.0,117.587,58.58362890164551,0.1,4.2626798770413155,4.775646868414123,1,0.20290370994407075
b94cc9f10ddc85e4ba73a6f7974e7101,39,39,0.0,649.9,87.70580193070289,0.07692307692307693,3.6888794541139363,6.4783560205783415,1,0.12295462540346092
b98b715fe9e276204e2a3464f48cd796,6,6,0.3333333333333333,75.09666666666668,39.74700016632981,0.5,1.9459101490553132,4.332004461893411,1,0.056820141977551475
b9a03475e6447e631b6799ec8274800f,11,10,0.0,122.64545454545454,78.16817957148972,0.36363636363636365,2.4849066497880004,4.817418232640337,1,0.215013623512966
b9c0ffa92f3ff9a5a3d45ef7213c0842,3,3,0.0,163.33333333333334,38.58612300930073,1.0,1.3862943611198906,5.101896885374581,1,0.16835383452347763
b9ca8e8baa5d4aa038394a700f63e69f,14,14,0.0,92.12642857142858,46.302011311935594,0.21428571428571427,2.70805020110221,4.533958016946395,1,0.22111498901788618
ba143b05f0110f0dc71ad71b4466ce92,86,85,0.0,71.05325581395348,27.54930807563391,0.046511627906976744,4.465908118654584,4.277405509682081,1,0.18299663095901786
ba5daa4041e1f15cdf34b76e3e18a450,15,15,0.0,53.78666666666667,26.109049942288003,0.2,2.772588722239781,4.003446855347099,1,0.21383713670532434
ba6b4a237f92479743cf0ca06b67a9ac,8,8,0.0,100.23625,42.09106732357235,0.375,2.1972245773362196,4.617456894295523,1,0.215115619887783
ba6b68b55fe8704377a7d43c8e5c0185,5,5,0.0,147.954,63.01442647521279,0.6,1.791759469228055,5.003637533447923,1,0.2004542976589907
ba6ce6de456f6c11d08c17701ba5c26f,7,6,0.0,106.33571428571429,45.69451134815799,0.5714285714285714,2.0794415416798357,4.675961439416422,1,0.20910041418501707
ba90964cff9b9e0e6f32b23b82465f7b,38,38,0.0,1163.4868421052631,579.9215020251279,0.07894736842105263,3.6635616461296463,7.06003579008088,1,0.010945798028936582
baa49d93c8c8841e27400a300f5d74b2,6,6,0.0,41.06666666666666,2.6087459737498175,0.5,1.9459101490553132,3.739255661439003,1,0.18447997429340401
bac692d6c0ed08467878018e6cc9c26c,3,1,0.0,159.0,0.0,1.0,1.3862943611198906,5.075173815233827,1,0.1253001526268589
bacb1f0ed56ad24198f5810d2b3fe9a5,42,42,0.07142857142857142,165.2488095238095,46.186945341853274,0.07142857142857142,3.7612001156935624,5.113485518751284,1,0.11812703997988533
bafc5aa11e413978be29040f51342e70,9,9,0.0,186.61666666666667,57.91106016029137,0.3333333333333333,2.302585092994046,5.234400874132703,1,0.2106601750765777
bb135baca94c82fcb731335ad5b04a03,38,18,0.0,27.626315789473683,29.15887906850769,0.42105263157894735,3.6635616461296463,3.3543264272624747,1,0.15684085412148063
bb2afe2061d53c6968aa0cffa233a8ec,6,5,0.0,91.56666666666666,40.51611476382646,0.6666666666666666,1.9459101490553132,4.5279291056446445,1,0.1965416558839923
bb3dca718920a4d7ec3cc9ffb025108b,3,2,0.0,36.0,0.0,1.0,1.3862943611198906,3.6109179126442243,1,0.1363382103910848
bb5bd94c8f59cc050072d2930c869cac,17,16,0.0,149.63941176470587,104.46752940341787,0.23529411764705882,2.8903717578961645,5.014888979433585,1,0.21516372861212268
bb7a14e229b1c95156719c3d9552eeee,11,11,0.0,290.0090909090909,147.77187242838784,0.2727272727272727,2.4849066497880004,5.673354506920952,1,0.1901451144039279
bba3293d6f5d5af2f415e004e8b93ae3,17,17,0.0,688.3588235294118,183.55373035715627,0.17647058823529413,2.8903717578961645,6.5357619243172715,1,0.14636227006219205
bba74270a87732727b5a3b4fd9ac1c39,41,36,0.0,146.38024390243902,162.9156415028403,0.1951219512195122,3.7376696182833684,4.993015940259719,1,0.1874245006004977
bbad7e518d7af88a0897397ffdca1979,85,69,0.0,52.49670588235294,31.965499909166237,0.16470588235294117,4.454347296253507,3.979620079713841,1,0.18381393815651442
bbaff50f3b708fda865918715276cd87,16,12,0.0,28.10625,10.868041955085564,0.4375,2.833213344056216,3.3709529277485504,1,0.17889516641163633
bbf9ad41dca6603e614efcdad7aab8c4,14,14,0.0,560.4285714285714,106.49326892593068,0.21428571428571427,2.70805020110221,6.330484555807994,1,0.16459436155616042
bc07d855eac23aab5ac8a120f21d16b2,13,12,0.0,98.70076923076923,51.743784236375625,0.3076923076923077,2.6390573296152584,4.602173392392083,1,0.2219727124059327
bc2ac6b95e1accce9858528ee566c17e,22,18,0.0,92.95454545454545,29.124306113821333,0.2727272727272727,3.1354942159291497,4.542811106323453,1,0.22303200874573642
bc302730ea8cf49b5c74f579febb5bbf,11,11,0.0,240.0818181818182,315.9603092685185,0.2727272727272727,2.4849066497880004,5.485136370405793,1,0.15305055952956464
bc30de0d71bd6260b936a026b5cf7200,3,3,0.0,130.79,45.31140253843399,1.0,1.3862943611198906,4.881209746655798,1,0.17007941337795984
bc47d5d1490df2b36add65d733eafaba,25,24,0.08,40.192,30.77082930309159,0.16,3.258096538021482,3.7182440627438402,1,0.12818979646030088
bc503e244f187939d10c92a5c8e378ce,16,7,0.0,39.854375000000005,15.287809673376191,0.75,2.833213344056216,3.7100139147145152,1,0.1658757162713289
bca9230d3bbb4efa51872bf605a2f1ad,5,5,0.0,23.514,2.8723481683110865,0.6,1.791759469228055,3.199244382918973,1,0.16542479728621695
bcc9dd23e2a8bd8267cf92b19304a1b9,3,3,0.0,67.59666666666668,7.500045925785279,1.0,1.3862943611198906,4.228243942686348,1,0.17512874801298872
bccf933e006e9b94a6184af782963e77,46,45,0.0,90.49434782608695,41.23583981737532,0.08695652173913043,3.8501476017100584,4.51627719798099,1,0.20756210079543075
bce6a5ecf98e99fd2a8868b15c51f04b,15,14,0.0,230.99333333333334,225.53574873078446,0.26666666666666666,2.772588722239781,5.44670863562125,1,0.18086372168152637
bcf5566870987da7bc811fbc8c5b9fd9,4,1,1.0,24.0,0.0,1.0,1.6094379124341003,3.2188758248682006,-1,-0.06223815267125643
bd0389da23d89b726abf911cccc54596,90,87,0.0,83.024,42.925738531147545,0.06666666666666667,4.51085950651685,4.431102472320474,1,0.19310379528456684
bd0a1b0aadca9a83d9304f7e8ff5fbd5,4,4,0.0,37.65,15.303185942802898,0.75,1.6094379124341003,3.654546775033431,1,0.18548808049811466
bd149ed516d4c5d418d5781f8e18919f,9,8,0.0,46.0,17.407852634180166,0.4444444444444444,2.302585092994046,3.8501476017100584,1,0.20311968353013998
bd15ee794d5e640d9dd71b665b2ab15b,12,12,0.0,31.23333333333333,3.4480268109295538,0.25,2.5649493574615367,3.473001113791139,1,0.18431660904518155
bd1d49a326abfa9b1036772e40445430,13,12,0.0,49.05384615384616,24.160253927111047,0.3076923076923077,2.6390573296152584,3.9130993490394017,1,0.21197165992589068
bd23da7354813347129d751591d1a6e2,90,89,0.011111111111111112,117.1588888888889,59.72140858360487,0.044444444444444446,4.51085950651685,4.7720302347334895,1,0.1596030573351453
bd4431c1a8dfa744b59e1e2a8bc99b9e,7,7,0.0,115.64285714285714,61.524858092199665,0.42857142857142855,2.0794415416798357,4.759116763355206,1,0.2118868624790763
bd4889b5e9133b35b66e42a8665cea5c,42,36,0.0,149.33095238095237,218.36413460100388,0.16666666666666666,3.7612001156935624,5.012839212888433,1,0.1772754756895028
bd4ff04377f974574f7f0bf9d6ce7dde,4,4,0.0,41.24,5.448623679425842,0.75,1.6094379124341003,3.743367639398006,1,0.18602515844095519
bd697db56ff8e7c9cd1abeb7f72029b2,22,22,0.0,139.53545454545454,57.562398769214965,0.13636363636363635,3.1354942159291497,4.945459802459275,1,0.2148060703698857
bdae679a9b282249bc23b9b69dae9a99,12,6,0.0,55.262499999999996,41.27932697388206,0.6666666666666666,2.5649493574615367,4.030028238619051,1,0.18135334651404322
bdb3edbaee43a761e2d4f258dc08f348,5,5,0.0,51.9,31.08054053584012,0.6,1.791759469228055,3.9684033388642534,1,0.20052588059138066
bdf0d02d36a1d839d0c39c4a887cdd49,7,5,0.0,17.142857142857142,4.969293465978883,0.7142857142857143,2.0794415416798357,2.8982769374032777,1,0.1387270176207513
be3b4b0f050a6aa1b2d901c4b77e979f,8,3,0.0,72.27499999999999,80.85471152010871,1.0,2.1972245773362196,4.294219486596956,1,0.14112778471301718
be8e909810184b9b19e886129149d8e5,15,15,0.0,41.99,8.717797887081348,0.2,2.772588722239781,3.76096753050819,1,0.203783256268472
be9a160a9011f627c3e121d076c1ec7b,7,7,0.0,419.14285714285717,170.5038152664278,0.42857142857142855,2.0794415416798357,6.040594789498682,1,0.16126360185386046
beadbee30901a7f61d031b6b686095ad,68,64,0.0,64.32323529411764,33.168676641088794,0.10294117647058823,4.23410650459726,4.179347796791768,1,0.19969950206020698
bf00385a5f7fc1ef39a13c2e9ee50a5f,29,29,0.0,30.010344827586206,15.347320215989775,0.10344827586206896,3.4011973816621555,3.434320852933996,1,0.18042687951569675
bf100ecb7997df312b285358fb32f92c,21,20,0.0,94.85238095238095,41.82215884577866,0.19047619047619047,3.091042453358316,4.562809309583563,1,0.2212534331188698
bf3c6d2a28b2b5501e6c15448982dcc9,43,35,0.0,92.01162790697674,48.45502450392014,0.23255813953488372,3.784189633918261,4.532724516595314,1,0.19976279172732625
bf84056e679dbe9c69929847a40e338f,40,36,0.0,50.601,4.805159102464733,0.15,3.713572066704308,3.9435410521446914,1,0.19830290865814548
bf961104a38e01b9062ee026bb657dee,4,4,0.0,146.39,0.0,0.75,1.6094379124341003,4.993082134848667,1,0.1842189933274596
bfd27a966d91cfaafdb25d076585f0da,118,117,0.0,168.82203389830508,92.55924638186352,0.03389830508474576,4.77912349311153,5.134751029288479,1,0.15372204051670185
bfd938b22bc99bce1ae60dc602889f52,12,6,0.0,76.9,56.824290580701486,0.75,2.5649493574615367,4.355425952876702,1,0.18007111901036027
bff9deb0ec77d437f3305a79cf25529e,5,5,0.0,32.39,1.2000000000000228,0.6,1.791759469228055,3.508256453955563,1,0.18138077794018592
c003204e1ab016dfa150abc119207b24,202,197,0.0,124.29747524752476,31.760087257996126,0.0297029702970297,5.313205979041787,4.830690712038399,1,0.12418243438276788
c00396cbdd2e088fe4281baa5920aef1,3,1,0.0,277.47,0.0,1.0,1.3862943611198906,5.629310333636944,1,0.10651111523245926
c0098efcf800861dcae589affca31408,9,9,0.0,132.14222222222222,93.86282139114601,0.3333333333333333,2.302585092994046,4.891417896901692,1,0.2080191733429454
c013e57c075a06e5b5c48ee03c525719,45,42,0.0,43.81222222222222,10.573108213006769,0.13333333333333333,3.828641396489095,3.8024809196733407,1,0.19511683337633923
c03121937e54a93fcc1825c3098bbb6e,7,7,0.0,149.0,0.0,0.42857142857142855,2.0794415416798357,5.0106352940962555,1,0.19364219590539578
c04d70d515d15a7e3db3a73320598566,4,3,0.0,39.55,0.6062177826491596,1.0,1.6094379124341003,3.702535780561422,1,0.15944167460310638
c0563dd588b775f2e37747ef6ad6c92c,28,28,0.0,132.04285714285714,12.63700429496725,0.10714285714285714,3.367295829986474,4.890671310472299,1,0.20431338181450648
c0aff2da32c17759d30b22fb0af6649d,5,4,0.0,37.760000000000005,26.25235989392192,0.8,1.791759469228055,3.6573887870225654,1,0.17750810405626521
c0e6839516f5398edc34adf5f1d53d1a,3,3,0.0,144.30666666666667,77.3480537713925,1.0,1.3862943611198906,4.978846451606733,1,0.15507841227527203
c0f783394e37cd9c9d7f5f81141450fa,6,6,0.0,41.56666666666666,7.453559924999321,0.5,1.9459101490553132,3.751071474370384,1,0.18935921429418606
c113b8df1fc375bc3d73d29c1b1144d1,5,3,0.0,66.6,15.20000000000003,1.0,1.791759469228055,4.213607983048918,1,0.17313709931156418
c12b92bf1c350f3e6bf88d3596219c86,17,17,0.0,282.8694117647059,99.54122122610009,0.17647058823529413,2.8903717578961645,5.648514314682707,1,0.1982239632793985
c157bdeedcbc9a8e3c8bf0d87ff24428,10,7,0.0,51.427,34.67853372044441,0.6,2.3978952727983707,3.9594217257980215,1,0.19569398536178728
c161d1327ebc3a156c09582ab2f59f6c,3,3,0.3333333333333333,17.663333333333334,3.303536825215596,1.0,1.3862943611198906,2.9265608146926922,1,0.010069319665599319
c1849d4d32d7a6cecd5aa471809d3135,3,3,0.0,129.66,162.21924813864314,1.0,1.3862943611198906,4.872598529412604,1,0.12578334832990573
c1d1ebb4745cc43cb6f05e9c8a705c9a,3,3,0.6666666666666666,11.5,2.1602468994692847,1.0,1.3862943611198906,2.5257286443082556,-1,-0.0495555415731902
c1ed9e3daf6154542826a6996af0fb8c,17,9,0.058823529411764705,57.13235294117647,42.37043552087202,0.5882352941176471,2.8903717578961645,4.0627223581205785,1,0.14758761077797528
c1f12f926d0ba950578b4fa41115cbb6,4,2,0.0,119.9,17.320508075688775,1.0,1.6094379124341003,4.794963757620747,1,0.14591250752833984
c24173065483e421f9e5e7f599de101d,9,9,0.0,41.54555555555556,11.14660995909728,0.3333333333333333,2.302585092994046,3.7505753972854987,1,0.20027203888477713
c26a2be5b53b7db6b276280da212a779,18,13,0.0,415.6666666666667,60.09252125773302,0.4444444444444444,2.9444389791664403,6.032286541628237,1,0.16893603383572187
c26ba52cf8d2f34915f2f6b7ffa0a3f3,4,4,0.0,31.490000000000002,13.0,0.75,1.6094379124341003,3.480932349681009,1,0.17937308941315588
c273175f7c6c80fb02f051e2fc6d0d72,14,14,0.0,84.87357142857142,44.477640386915276,0.21428571428571427,2.70805020110221,4.4528761149289915,1,0.22080471547368657
c2d70ce2c5d0a2eb75e78668236e6dc8,15,13,0.0,164.72666666666666,213.9862128476713,0.3333333333333333,2.772588722239781,5.110339844897925,1,0.1833614121004506
c31eff8334d6b3047ed34bebd4d62c36,123,122,0.0,107.2479674796748,25.87694865084787,0.032520325203252036,4.820281565605037,4.684424590537039,1,0.15811444010935172
c32fc744b9160ac853450488e3cfea93,3,3,0.0,61.9,41.085277168348284,1.0,1.3862943611198906,4.141546163706395,1,0.1682091836072731
c33847515fa6305ce6feb1e818569f13,128,114,0.0,121.248828125,34.23638807114381,0.0546875,4.859812404361672,4.806058542419466,1,0.1683594899954624
c33a5c3c983090c8b78a28e65052a20d,9,9,0.1111111111111111,69.9,0.0,0.3333333333333333,2.302585092994046,4.2612704335380815,1,0.11249443612803262
c35672b10ad50968f567ea3f4b91e877,22,18,0.0,52.29863636363636,22.818223637230783,0.3181818181818182,3.1354942159291497,3.9759107466725925,1,0.2089760886951757
c35affa65afd250151285c5917fc1c8a,9,9,0.0,586.6566666666666,161.1762320498212,0.3333333333333333,2.302585092994046,6.376142877135745,1,0.15305674515556378
c37b2059d4f90d4feead554e5246565e,16,12,0.0,52.45625,9.088245756882925,0.4375,2.833213344056216,3.978863562346955,1,0.19901696584185902
c3867b4666c7d76867627c2f7fb22e21,259,245,0.019305019305019305,143.44942084942085,93.50215754150035,0.03474903474903475,5.560681631015528,4.972929417554403,1,0.06169058086629331
c394e193cda3b4225ff2094d32184849,12,3,0.0,284.99,0.0,1.0,2.5649493574615367,5.655956845173597,1,0.12060623893838285
c3aad7dc65449ae90a5e9c3c6c1e78e0,6,6,0.0,85.0,11.180339887498949,0.5,1.9459101490553132,4.454347296253507,1,0.2021323001865492
c3acdfac4e3e97ff87529454fbc03642,12,12,0.0,1399.0,535.4126134736335,0.25,2.5649493574615367,7.24422751560335,1,0.03639252254797942
c3cfdc648177fdbbbb35635a37472c53,307,278,0.0,140.22208469055374,76.08669124906545,0.03257328990228013,5.730099782973574,4.950333719985713,1,0.0944420281282925
c3e1abd72a42fe690fcd89cf5720fe29,13,13,0.0,138.35461538461539,34.20872237296403,0.23076923076923078,2.6390573296152584,4.937021874187623,1,0.21799603675819162
c3ee2331a724e6fc02c4b698b57a73f3,3,2,0.0,449.0,0.0,1.0,1.3862943611198906,6.1092475827643655,1,0.09881601789627875
c3f5668699a1b04c0fa61ecea1e2bff6,3,3,0.0,135.93666666666667,17.905623573491003,1.0,1.3862943611198906,4.919518531835875,1,0.17294496769526863
c3fe93ba3085f92855c97e57f38c8c05,7,7,0.14285714285714285,35.0,13.07691531997184,0.42857142857142855,2.0794415416798357,3.58351893845611,1,0.098308324117315
c42fd8e4d47dfb18ce5222f2dd7752f9,11,7,0.0,42.45363636363636,30.86889645897698,0.6363636363636364,2.4849066497880004,3.771694538972157,1,0.18398053852973356
c447f8dd3ed213f291d65ef074a268eb,8,7,0.0,81.875,44.64705337421496,0.5,2.1972245773362196,4.417333448506026,1,0.21134334670155036
c458e2045a8aa8964f8879af03fdcce6,9,4,0.0,54.99,47.784237289438174,0.8888888888888888,2.302585092994046,4.025173103360802,1,0.15964761568879954
c4af86330efa7a2620772227d2d670c9,4,4,0.0,1349.0,86.60254037844386,0.75,1.6094379124341003,7.2078598714324755,1,0.09419324666046724
c4d51195486dc781531876a7d00453d8,17,17,0.0,674.6458823529412,528.1343823203781,0.17647058823529413,2.8903717578961645,6.515669096116292,1,0.07346577406809962
c4f7fee5b0db50e87766f5a4d1b1b758,9,8,0.4444444444444444,1329.0922222222223,1085.6455796312346,0.4444444444444444,2.302585092994046,7.1930035588286,-1,-0.1211922221522036
c4fabeea6e569d42d02993bb1f4f1cbc,11,11,0.0,78.11818181818182,16.941386558142046,0.2727272727272727,2.4849066497880004,4.370942706997098,1,0.21537334093917204
c4fb51fb1c5b7c07bc5e67be6e7e8f6e,16,15,0.0,97.99375,73.67373572676698,0.25,2.833213344056216,4.595056716828593,1,0.22000380739947045
c500367424994318b9e779ff1ae9a330,9,9,0.0,482.9333333333333,653.8681161620692,0.3333333333333333,2.302585092994046,6.1819471561826305,1,0.05591904071409848
c510bc1718f0f2961eaa42a23330681a,13,13,0.0,942.3846153846154,1245.2688091617028,0.23076923076923078,2.6390573296152584,6.849474063090113,-1,-0.046043459616421645
c522be04e020c1e7b79f3acff36513d5,7,7,0.0,105.70428571428572,30.1695886884898,0.42857142857142855,2.0794415416798357,4.670061323520622,1,0.21234699902988818
c53bcd3be457a342a97e39e5a9f0be22,5,5,0.0,101.9,14.696938456699131,0.6,1.791759469228055,4.633757642840004,1,0.2045591621503695
c54679b132454625907c773d273d4126,8,7,0.0,129.0,60.0,0.5,2.1972245773362196,4.867534450455582,1,0.21043626598390408
c5e60e39c0f42b8e827daa13cff74afa,8,6,0.0,16.75,4.933305180099846,0.625,2.1972245773362196,2.8763855159214247,1,0.1387054796775813
c5ebe6598748b0aeaa61cfb820478b92,3,3,0.0,99.0,17.84656829757475,1.0,1.3862943611198906,4.605170185988092,1,0.1782425910331455
c5f7e746b7e6d07def6c0dae9903279b,11,10,0.0,129.9090909090909,116.73237032199653,0.36363636363636365,2.4849066497880004,4.874503119771676,1,0.2074051741392524
c5f7feb04a6a1fb3596322bfc3cf1917,11,11,0.0,156.4181818181818,96.59715616161999,0.2727272727272727,2.4849066497880004,5.058905842769455,1,0.20971589199537732
c60b801f2d52c7f7f91de00870882a75,41,41,0.0,314.9634146341463,296.85626788643395,0.07317073170731707,3.7376696182833684,5.755626430410079,1,0.1232056561294752
c6218512d16fcac0af02fe92691cf274,8,8,0.0,84.25,39.327948077671174,0.375,2.1972245773362196,4.445588116163626,1,0.2155511782218587
c6381b1321d7d97717a5bb4ed5b77882,3,2,0.0,22.0,8.48528137423857,1.0,1.3862943611198906,3.1354942159291497,1,0.1131752712269844
c6381d2d013342748761e906d45aff76,28,15,0.0,72.96357142857143,19.52577329990247,0.42857142857142855,3.367295829986474,4.3035726940033,1,0.19582604725303177
c64a2aec32cc408a8a4c6d7c46017f91,9,9,0.0,357.94444444444446,81.47441467671665,0.3333333333333333,2.302585092994046,5.883167625662001,1,0.18697635392844109
c66dccfb3f109511246da627dd5a2498,45,45,0.0,282.4122222222222,135.30901717326543,0.06666666666666667,3.828641396489095,5.64690245343398,1,0.16790937716853166
c679fb69a36e1d8349e8c50a217b4d58,17,14,0.0,107.39294117647059,111.30610187621743,0.35294117647058826,2.8903717578961645,4.6857629685870155,1,0.20565412980627257
c68fb906c8f4b4b946d8386bfa6e5467,48,45,0.0,94.6075,52.326384736415086,0.125,3.8918202981106265,4.560251268863013,1,0.21113778464123395
c6a7539d424a8402232c2228d7a03c5e,15,10,0.0,40.5,0.0,0.5333333333333333,2.772588722239781,3.7256934272366524,1,0.17916115225944557
c6bda72e4dbf5c5866b13cb1810c6d03,59,59,0.0,238.29457627118646,324.9760716214586,0.05084745762711865,4.0943445622221,5.477695329681236,1,0.1123806149136447
c70a353f02429c00775a46a75fb787da,6,6,0.0,40.333333333333336,4.054901012629282,0.5,1.9459101490553132,3.721669276936927,1,0.1868341082650848
c70c1b0d8ca86052f45a432a38b73958,338,261,0.0,108.09872781065087,6.600256215431868,0.04437869822485207,5.82600010738045,4.692253232007068,1,0.08835270178042376
c714262700f93defc16bf17a51a4cb23,4,4,0.0,105.45,37.27726921328866,0.75,1.6094379124341003,4.667675391339489,1,0.193441355582688
c72de06d72748d1a0dfb2125be43ba63,22,21,0.0,796.4545454545455,904.4297916001464,0.18181818181818182,3.1354942159291497,6.681424836739408,-1,-0.011394937208837996
c731d18cea9bf687ffee82a241c25b11,26,24,0.0,140.84615384615384,66.07495295710793,0.19230769230769232,3.295836866004329,4.954743046655002,1,0.2166261526914286
c79151301b9d90985d1fa52879213105,8,4,0.125,40.2875,5.649211781301865,0.875,2.1972245773362196,3.720559790716908,1,0.0908761359311942
c794dab4928dd97beb41d05514441e86,16,16,0.0,82.02499999999999,73.07885723654962,0.1875,2.833213344056216,4.41914176726281,1,0.2169408345265258
c7a0a13cbcf29d5ce51c8f80afdc0b89,9,8,0.0,53.675555555555555,51.997485433028636,0.4444444444444444,2.302585092994046,4.001416727563893,1,0.20533024339025258
c7bb64409aa480bb7d0335faaaf3d242,4,4,0.0,24.4,10.500000000000005,0.75,1.6094379124341003,3.2347491740244907,1,0.16625419480625525
c7c7b2682c648339a0e9846bb1023a39,3,2,0.0,56.0,0.0,1.0,1.3862943611198906,4.04305126783455,1,0.14353299230962902
c7dcd301ecfe5ab7f778ac172cf74be7,4,4,0.0,114.4225,107.18721481011623,0.75,1.6094379124341003,4.748599309072505,1,0.17171940430724836
c7fdb77fdbff3c41981bc52f787e959e,12,10,0.08333333333333333,58.02666666666667,26.77211899636552,0.4166666666666667,2.5649493574615367,4.07798931919583,1,0.14499883120371554
c826c40d7b19f62a09e2d7c5e7295ee2,373,354,0.0,122.36927613941018,36.530737592064355,0.024128686327077747,5.924255797414532,4.815182102670604,1,0.07172924868836339
c840d3fdbba0790404fdae73d253b253,14,9,0.0,323.02,361.3559414206441,0.42857142857142855,2.70805020110221,5.780805242282272,1,0.1249535347238746
c8417879a15366a17c30af34c798c332,36,26,0.0,49.108333333333334,32.683128292744556,0.3611111111111111,3.6109179126442243,3.9141873282575226,1,0.18520078423272623
c84592044b180dec206770c38603814b,15,15,0.06666666666666667,34.129333333333335,32.54452303469134,0.2,2.772588722239781,3.5590364889651123,1,0.12814809469138067
c8467937e403e76a8ee9f0ab13f6f5ef,33,30,0.0,56.17545454545454,56.16318869319413,0.18181818181818182,3.5263605246161616,4.046124689950782,1,0.20658227690057074
c847e075301870dd144a116762eaff9a,43,42,0.023255813953488372,356.946511627907,447.25399648471813,0.09302325581395349,3.784189633918261,5.88038356637749,1,0.0676507360180516
c864036feaab8c1659f65ea4faebe1da,58,58,0.0,180.2448275862069,42.22131824831443,0.05172413793103448,4.07753744390572,5.199848755872173,1,0.19281432563314244
c8660dcf9ba70575f45d80fe28c27713,7,4,0.0,47.857142857142854,6.9985421222376685,0.8571428571428571,2.0794415416798357,3.8889005880072918,1,0.17894067931850033
c878515173c84a492ebe50d6b493230b,10,9,0.0,111.88399999999999,95.95838475089086,0.4,2.3978952727983707,4.726360742777815,1,0.20786791612277472
c89cf7c468a48af70aada384e722f9e2,14,14,0.0,53.214285714285715,42.32725999607712,0.21428571428571427,2.70805020110221,3.9929444477803715,1,0.21183424552296715
c8b0e2b0a7095e5d8219575d5e7e1181,85,84,0.0,143.1789411764706,56.33259908840848,0.047058823529411764,4.454347296253507,4.971055175187993,1,0.18279605239598196
c8b3445d737de6befde0c88ede534a5e,36,30,0.0,87.47333333333333,44.2210639853905,0.25,3.6109179126442243,4.482701188340993,1,0.21060981009638446
c8c1bea22194a4eefa2dc9a9fa89f536,13,7,0.0,97.38461538461539,56.24334280132588,0.6923076923076923,2.6390573296152584,4.588884444117306,1,0.18483414238683793
c8cc60ffd415254af5d9b9f34f32c369,9,8,0.0,80.24444444444445,38.74896732992766,0.4444444444444444,2.302585092994046,4.397462442803721,1,0.21395997357487623
c8e135e7b21ecbc36c1153a29d2f5a06,7,7,0.0,166.5,60.7742191581736,0.42857142857142855,2.0794415416798357,5.120983351265121,1,0.20841106627869882
c990d6cf976a5718aaedc539f383ab88,11,10,0.0,18.263636363636365,8.520272373716347,0.36363636363636365,2.4849066497880004,2.958219192475883,1,0.15480699440224777
c9a06ece156bb057372c68718ec8909b,14,14,0.07142857142857142,334.9214285714285,110.57380326907357,0.21428571428571427,2.70805020110221,5.816877289080126,1,0.12511709521668185
c9aafcd0621b2207c10e32c649cada4d,52,44,0.0,57.63942307692308,55.49079699905413,0.21153846153846154,3.970291913552122,4.07140721914192,1,0.1857548818552625
c9c7905cffc4ef9ff9f113554423e671,139,127,0.0,76.67035971223022,54.82904156695776,0.06474820143884892,4.941642422609304,4.3524737137100065,1,0.1705174229681793
c9e5ad1f6647f5dbd1172adf6ae3cada,4,4,0.0,64.7575,11.928584104997556,0.75,1.6094379124341003,4.185973732993628,1,0.19592672807384526
ca3bd7cd9f149df75950150d010fe4a2,138,71,0.007246376811594203,70.52065217391305,71.3440231107879,0.18840579710144928,4.9344739331306915,4.26998624958645,1,0.14773080059419946
ca4b77513ac2040591b0d8fae6958380,15,14,0.0,118.16333333333334,32.65843324812475,0.26666666666666666,2.772588722239781,4.780495101046756,1,0.22346231188905963
ca77545ca4d2dfd1431bf61334e2fa3c,10,6,0.0,76.0,8.431488599292598,0.7,2.3978952727983707,4.343805421853684,1,0.1855321259457613
ca7c6bd577e559472af1c699de9e764e,8,6,0.0,18.5,0.0,0.625,2.1972245773362196,2.970414465569701,1,0.13549555807800107
caa9bc43a9fe8cf9c564ddd8a03cc4a6,14,13,0.0,57.419285714285714,28.212028960378316,0.2857142857142857,2.70805020110221,4.067646070152319,1,0.2165561835245043
cab85505710c7cb9b720bceb52b01cee,209,206,0.0,54.4933014354067,10.601622747956915,0.028708133971291867,5.3471075307174685,4.016262318610641,1,0.11546364453360997
cac4c8e7b1ca6252d8f20b2fc1a2e4af,83,75,0.0,50.21903614457832,50.56237304306119,0.08433734939759036,4.430816798843313,3.9361112626438763,1,0.18772984390044717
cac4e0bc1a3269fa2b6ea5e763f6115b,3,2,0.0,19.293333333333333,4.8519778326872975,1.0,1.3862943611198906,3.010292424885321,1,0.10348537906101818
cac63f48c38cd7d002a7e846dcd99a23,10,10,0.0,87.4,5.12347538297971,0.3,2.3978952727983707,4.481871969643598,1,0.2100134182852207
cac876b37d3abcd6bd76caca30277996,33,27,0.0,67.56878787878787,73.20233771551024,0.2727272727272727,3.5263605246161616,4.22783744400408,1,0.19711504593476276
cb3dd9ce66268c7a3ca7241ac70ab58c,52,50,0.019230769230769232,55.38,34.50625823951806,0.09615384615384616,3.970291913552122,4.032114485685967,1,0.17038785123602346
cb41bfbcbda0aea354a834ab222f9a59,12,12,0.0,333.5,92.66471820493493,0.25,2.5649493574615367,5.8126368795682835,1,0.1903106140130339
cb5df0dcb9e280b1780e9d589889f2c7,19,16,0.0,154.45894736842106,54.657281394323654,0.3157894736842105,2.995732273553991,5.046381692702481,1,0.2193219287734074
cb5ff1b9715e99589f3e0c7a6afab9e3,4,4,0.0,21.25,8.1967981553775,0.75,1.6094379124341003,3.1023420086122493,1,0.15145840589992848
cb6c9f5888a7a090c75beaf615925792,11,11,0.0,70.8990909090909,34.77917753602931,0.2727272727272727,2.4849066497880004,4.275263620823575,1,0.2161059090526639
cb8bcce248bb1fb274ba762d8b971456,69,68,0.0,136.26376811594204,22.898794164913983,0.057971014492753624,4.248495242049359,4.921904389500167,1,0.18739342476338838
cb9fb4ca75d7ba8437480e8dde64fe98,10,10,0.0,53.214,13.479572841896731,0.3,2.3978952727983707,3.9929391776742578,1,0.2051011838887335
cbd996ad3c1b7dc71fd0e5f5df9087e2,196,165,0.0,42.91346938775511,19.059484280131315,0.05612244897959184,5.2832037287379885,3.782221092788198,1,0.13061088046181885
cbf09e831b0c11f6f23ffb51004db972,10,10,0.0,153.52,181.65037186859814,0.3,2.3978952727983707,5.040323537798081,1,0.19226268823270876
cc3d14116804f7209f3884f6367f1152,30,27,0.0,182.59333333333333,58.09539817308157,0.2,3.4339872044851463,5.212723166706512,1,0.2106129121886352
cc419e0650a3c5ba77189a1882b7556a,1775,1706,0.0050704225352112674,58.75403943661972,23.1911643244837,0.007323943661971831,7.4821189235521155,4.090236794160265,-1,-0.10475397685663235
cc5a78bbad32776dc4e3af205218368c,38,33,0.0,112.34684210526316,134.94233082292018,0.21052631578947367,3.6635616461296463,4.730452516885372,1,0.18969216945461376
cc63f0dd2acba93ffed4fe9f8e0321fa,63,55,0.0,112.64619047619048,46.96793916382802,0.1111111111111111,4.1588830833596715,4.733090029949603,1,0.2044439662965773
cca3071e3e9bb7d12640c9fbe2301306,830,712,0.0012048192771084338,77.12034939759036,48.515984994622166,0.020481927710843374,6.7226297948554485,4.358250578573878,-1,-0.016086263258576983
ccada0ef508e698917a6eab263375905,3,3,0.0,57.6,44.14272306960685,1.0,1.3862943611198906,4.070734696582967,1,0.16293497744826524
ccb83a794700270fde70898fe9ff368b,12,12,0.0,921.8333333333334,32.302820654273084,0.25,2.5649493574615367,6.827448647594912,1,0.13296221540761521
ccc4bbb5f32a6ab2b7066a4130f114e3,192,187,0.0,385.44072916666664,186.64009482794683,0.041666666666666664,5.262690188904886,5.956978503529494,1,0.07321037299854172
cce6ab8d1682639fe45ab70234f1665f,66,63,0.015151515151515152,38.22272727272727,2.430101348088947,0.09090909090909091,4.204692619390966,3.669256356155946,1,0.14290631229224832
ccf8813e5a7d6c84d865cd38bfc2b130,26,26,0.0,101.36538461538461,11.815209959646626,0.11538461538461539,3.295836866004329,4.62854861459133,1,0.20851812789040497
cd06602b43d8800bd0afad514919d35c,53,44,0.018867924528301886,48.83150943396227,67.12192211126174,0.1320754716981132,3.9889840465642745,3.908647503505456,1,0.16859440477106247
cd3d09fbe6e3e9ff0c0ac0c300e93ae7,12,12,0.0,54.25333333333333,24.776638302149784,0.25,2.5649493574615367,4.011928670403009,1,0.21090556761864426
cd52a8efd71af3336b14b5039b951cc1,3,3,0.0,56.93333333333334,1.4613540144518966,1.0,1.3862943611198906,4.059292924163182,1,0.16975748684306036
cd68562d3f44870c08922d380acae552,132,125,0.007575757575757576,140.67954545454546,102.23410800308929,0.045454545454545456,4.890349128221754,4.9535677852152356,1,0.13847930066971142
cd6efc47efaabf134f8bdb654e10b4f1,32,31,0.0,129.9546875,33.18566840373027,0.125,3.4965075614664802,4.874851366418439,1,0.2129102521045917
cd843d4cf8ef32827de0396605163ba3,5,5,0.0,383.0,58.51495535331117,0.6,1.791759469228055,5.950642552587727,1,0.16732467821747848
cda598c48d7c614bc1cad7d8ff6f0010,18,17,0.0,62.14444444444445,26.846647260613416,0.2222222222222222,2.9444389791664403,4.145424870966856,1,0.21604517291165154
ce20a2ec1514c25e16f2b5b39bc818f0,7,4,0.0,41.0,0.0,0.8571428571428571,2.0794415416798357,3.7376696182833684,1,0.1668636993523167
ce248b21cb2adc36282ede306b7660e5,66,65,0.015151515151515152,230.75848484848484,326.2850544420473,0.06060606060606061,4.204692619390966,5.445695815851206,1,0.0866225960239505
ce27a3cc3c8cc1ea79d11e561e9bebb6,164,135,0.0,65.13810975609756,46.4829584766724,0.1524390243902439,5.10594547390058,4.191745127709165,1,0.14282723170617323
ce616e1913288884e7742faac9d981db,24,15,0.0,15.2125,20.376790565493874,0.5,3.2188758248682006,2.7857825496425623,1,0.11738895798990617
ce69a8021d18961dd2a40269b7c2c293,19,19,0.0,253.57894736842104,261.15528175467875,0.15789473684210525,2.995732273553991,5.5396109936565425,1,0.16589666156818816
ce7d1888639e6fb06b2749cbfdac1ff7,84,78,0.0,140.4034523809524,13.337977062833913,0.08333333333333333,4.442651256490317,4.951617168871291,1,0.1863082012093341
cea729054f157f5870bdd321a958d994,26,24,0.0,95.46538461538461,70.50399848076101,0.19230769230769232,3.295836866004329,4.569184235344739,1,0.21691512730222678
ceaec5548eefc6e23e6607c5435102e7,211,203,0.009478672985781991,250.7923222748815,88.89412328872221,0.03317535545023697,5.356586274672012,5.528604629782713,1,0.07473386955501826
cee48807215b30a12ca2ca10ffb5f250,40,39,0.0,180.30575000000002,145.14498909517164,0.1,3.713572066704308,5.200184832646741,1,0.1902353069542943
cf1313c6e2c01c2f4b014f97db4bcd2b,5,5,0.0,63.14,4.765123293263301,0.6,1.791759469228055,4.161068194265009,1,0.20109735755542313
cf2384dd2f1dddea3f838efed0945e65,16,16,0.0,131.34375,10.774563143696462,0.1875,2.833213344056216,4.885402704286428,1,0.2168626194474509
cf654707ed6a99f112c7ec3d6f314b8b,4,3,0.0,189.0,0.0,1.0,1.6094379124341003,5.247024072160486,1,0.1588521950775198
cf8ab1616079e2793aa29d524df01bb1,9,9,0.0,1599.0,0.0,0.3333333333333333,2.302585092994046,7.3777589082278725,1,0.0932795331326543
cfa5ab0e4d3fc212fd0b3410e7081c62,21,16,0.047619047619047616,294.32380952380953,295.9215774568241,0.38095238095238093,3.091042453358316,5.68807241375496,1,0.09168769440980745
cfb1a033743668a192316f3c6d1d2671,184,147,0.005434782608695652,69.585,57.27884090322876,0.04891304347826087,5.220355825078324,4.256817657336163,1,0.13431530545346126
cfd7ddab722b902f7ac5b5f3ba6d723d,13,12,0.0,260.3869230769231,263.6194695851933,0.3076923076923077,2.6390573296152584,5.566001773454146,1,0.16533860491538
cfe94489ddd337d1e29e12f2a7205d10,24,20,0.0,99.0,0.0,0.2916666666666667,3.2188758248682006,4.605170185988092,1,0.20173451380866203
d03698c2efd04a549382afa6623e27fb,21,18,0.0,422.16523809523807,354.5839721704598,0.2857142857142857,3.091042453358316,6.04776273656365,1,0.12958569649308815
d05ae8f7a5bd1d2a690a44cd079e4e27,81,78,0.012345679012345678,165.87654320987653,55.56230686001222,0.07407407407407407,4.406719247264253,5.117254276811389,1,0.16855258318111632
d06d019f72a04e5497a0b64190af170c,17,17,0.0,142.1135294117647,77.97467220316038,0.17647058823529413,2.8903717578961645,4.963638227248882,1,0.2190116412896767
d0d70d21e2234dd7cd3cf63fe414148a,9,8,0.0,66.48888888888888,35.97546832200597,0.4444444444444444,2.302585092994046,4.211962975275429,1,0.210713419763277
d101c6da914ae3d53f7bee42283f2fe2,16,13,0.0,81.0875,29.946240895144086,0.375,2.833213344056216,4.407785751517091,1,0.21934689645766225
d12c926d74ceff0a90a21184466ce161,99,78,0.0,39.84020202020202,21.18502262914939,0.15151515151515152,4.605170185988092,3.7096669399101367,1,0.17285504359505105
d13e50eaa47b4cbe9eb81465865d8cfc,69,67,0.0,103.6963768115942,69.50988687826377,0.07246376811594203,4.248495242049359,4.651064511848809,1,0.19808420359368306
d149de2f383552baea37a7198c2296ce,3,3,0.0,106.90000000000002,0.0,1.0,1.3862943611198906,4.6812048722640895,1,0.17225923196434012
d1582f4043306e6b91afa6a8a884f898,9,9,0.0,110.0,0.0,0.3333333333333333,2.302585092994046,4.709530201312334,1,0.20001400427404714
d17f467e4bf608a510c20d82f4ba3b6b,12,12,0.0,251.80499999999998,197.09345391209732,0.25,2.5649493574615367,5.532618440558124,1,0.18813696646442746
d197aa8fbc64087f61984deef05f6227,7,6,0.0,74.1557142857143,40.71901621641481,0.5714285714285714,2.0794415416798357,4.319562151707602,1,0.20738604368722613
d1b65fc7debc3361ea86b5f14c68d2e2,41,40,0.024390243902439025,285.44073170731707,249.3490264805172,0.0975609756097561,3.7376696182833684,5.657531644622688,1,0.10806275003209742
d1b9d4be4b6f9ebd85f8acd6745ba612,11,11,0.0,104.94090909090909,30.612803160693616,0.2727272727272727,2.4849066497880004,4.662881477266169,1,0.2192391604709466
d1c281d3ae149232351cd8c8cc885f0d,240,215,0.0,112.26083333333332,67.61118607626176,0.04583333333333333,5.484796933490655,4.729693418360633,1,0.12783800270614087
d1c7fa84e48cfa21a0e595167c1c500e,12,12,0.0,96.33583333333333,53.28060426620763,0.25,2.5649493574615367,4.578167198201827,1,0.21974569126693866
d1ef48b38baca7e831711c4a0aeb398f,35,29,0.0,41.97485714285714,43.11776308612288,0.2,3.58351893845611,3.760615227071582,1,0.2014316729202691
d20b021d3efdf267a402c402a48ea64b,106,90,0.009433962264150943,39.058207547169815,28.48393426017649,0.08490566037735849,4.672828834461906,3.6903335850321723,1,0.1498561961077245
d23019c84ffae2d5ef2270367b8605fc,39,39,0.0,748.8487179487179,848.5937310910765,0.07692307692307693,3.6888794541139363,6.619871476782569,-1,-0.011876876361964883
d2374cbcbb3ca4ab1086534108cc3ab7,631,524,0.001584786053882726,33.63537242472266,20.212807886938794,0.03803486529318542,6.448889394146858,3.5448754842599115,1,0.0009051998117197702
d25aa0aaacb370e912f8cf6efeba38b3,21,17,0.0,126.59285714285713,19.342530524076533,0.2857142857142857,3.091042453358316,4.84884439083958,1,0.2173612343008749
d29ba1220fb8634fa3a107e54497b8a4,9,9,0.0,80.5488888888889,50.79915691436105,0.3333333333333333,2.302585092994046,4.401202704067875,1,0.21601777440842973
d2e753bb80b7d4faa77483ed00edc8ca,15,14,0.0,88.04666666666667,11.210166021171217,0.26666666666666666,2.772588722239781,4.48916057688085,1,0.22130627552841853
d2f3e277560ed4c6361284429b00f037,7,7,0.0,45.792857142857144,31.566012786940746,0.42857142857142855,2.0794415416798357,3.845730566122572,1,0.20375427178386352
d32e3909cfb714fb2a6cb092c85b9c5f,11,10,0.0,257.08181818181816,187.10464654927884,0.36363636363636365,2.4849066497880004,5.5532766593839265,1,0.18277417439211896
d354c38a7182125a748cb10474fe963b,20,18,0.0,80.5165,76.71288557178644,0.25,3.044522437723423,4.400805453743504,1,0.21622923036578823
d3674f271c91f824f82d24d92011f669,20,20,0.0,85.91499999999999,63.36214386366674,0.15,3.044522437723423,4.464930629573503,1,0.2178443964756357
d379f449f2a3b271bc01c0782020f705,29,28,0.0,152.5193103448276,199.71842502902956,0.13793103448275862,3.4011973816621555,5.0338263594070956,1,0.18746654365727755
d3dcf0604eabf0224fbd5948b5e02f69,9,9,0.0,322.4777777777778,225.9888924398118,0.3333333333333333,2.302585092994046,5.77913041846796,1,0.16209718390324457
d3f39f05462b79a4562d35893a28f159,38,34,0.0,63.45526315789474,17.414674655353174,0.18421052631578946,3.6635616461296463,4.1659713887025696,1,0.20867261174421337
d4910f1cdcfdabd48d6b316e395d4a23,12,11,0.0,95.57333333333334,0.9728766051708613,0.3333333333333333,2.5649493574615367,4.570302650659015,1,0.20724695092250567
d4a5e99e0dd915df64ba55a7fbd583fd,6,2,0.0,10.858333333333334,7.621265023311781,1.0,1.9459101490553132,2.4730308553078064,1,0.09032158376738203
d4e12e7884759a14fa0f5f896c791cae,32,29,0.0,43.75,10.82078439855447,0.1875,3.4965075614664802,3.8010914447208646,1,0.20483513526642194
d4e4b5192cba4e0e66eb12a9d347239d,12,12,0.0,36.81666666666667,20.209149468055852,0.25,2.5649493574615367,3.6327499225577413,1,0.19748302932152262
d4f117125b59ce73c3302f88ee40c458,17,17,0.0,46.07588235294117,6.171486672663729,0.17647058823529413,2.8903717578961645,3.8517608179244602,1,0.2047629092118085
d4ffeb15b67e81ff9af2b4252d99fb7e,12,11,0.0,116.7,48.496030765414176,0.3333333333333333,2.5649493574615367,4.768139014266231,1,0.21998607397018605
d50d79cb34e38265a8649c383dcffd48,70,70,0.0,185.8917142857143,147.0748573246332,0.04285714285714286,4.2626798770413155,5.2305293811391325,1,0.16972049270864276
d51e0a403fe2e689ece6c73359d96e12,26,19,0.0,299.61538461538464,107.477395449203,0.2692307692307692,3.295836866004329,5.705831655701137,1,0.1899529629005426
d52cbce9845184537284a23c3bc3da0e,4,2,0.0,18.75,10.256095748383007,1.0,1.6094379124341003,2.9831534913471307,1,0.11014548549088954
d558ebe531605a1285ab2b1bc3256dfb,3,3,0.0,236.33333333333334,68.82506003549058,1.0,1.3862943611198906,5.469465622743866,1,0.14995771905459643
d566c37fa119d5e66c4e9052e83ee4ea,73,65,0.0,70.48904109589041,74.77909670863879,0.0821917808219178,4.30406509320417,4.269544166566555,1,0.19592430248131
d57e18d5f73c7ccb7f7339b61166898d,63,61,0.0,50.598412698412695,20.222284518106946,0.07936507936507936,4.1588830833596715,3.943490910355699,1,0.19342893266323768
d594982fd877af63ace38ea1fca27c76,7,7,0.0,31.005714285714287,9.346553004248385,0.42857142857142855,2.0794415416798357,3.4659144582863184,1,0.1901732133546944
d5b9a084373da994a6e37f732169a853,7,7,0.0,252.71428571428572,62.62065904136997,0.42857142857142855,2.0794415416798357,5.536208774496802,1,0.19974470763547209
d5ba419e26d246a0719437cf37d9b46d,35,34,0.0,116.04,48.45796528951661,0.11428571428571428,3.58351893845611,4.762515756711869,1,0.21290782027319494
d5c530f4884a75ae0dba9c148718d278,9,6,0.0,31.20888888888889,13.822293140225357,0.6666666666666666,2.302585092994046,3.4722424669048615,1,0.1744394245809469
d624126b9206f595fb3fbb6ba03b28a8,28,23,0.0,257.1,271.9042990780816,0.2857142857142857,3.367295829986474,5.553347106724568,1,0.15129908746577897
d650b663c3b5f6fb392b6326366efa9a,60,60,0.0,320.71500000000003,180.86711219843147,0.05,4.110873864173311,5.773666060450471,1,0.14832477073991984
d65f31d2413268e671989503f6cf9993,3,2,0.3333333333333333,162.93333333333334,20.89024227294224,1.0,1.3862943611198906,5.099459841113982,1,0.021160320827072532
d66c11a9572221d92fbb8c4897db5f9b,16,16,0.0,48.535,37.3633637404343,0.1875,2.833213344056216,3.9026794904249935,1,0.21206367162802786
d66c305afaec317ebee552073a674429,47,41,0.02127659574468085,103.96723404255319,108.72285805000824,0.1702127659574468,3.871201010907891,4.653648244720099,1,0.1641171034670737
d673a59aac7a70d8b01e6902bf090a11,84,79,0.0,46.535000000000004,55.666240378322144,0.07142857142857142,4.442651256490317,3.8614662818109937,1,0.17813003953904993
d6ab728cf30867cf3f1a2e216ae2f9b7,14,12,0.0,143.0,194.02429892008004,0.35714285714285715,2.70805020110221,4.969813299576001,1,0.18682323775947168
d6b1ce66b035a475f00c017792ff9769,108,92,0.0,113.67962962962963,48.53358594496847,0.10185185185185185,4.6913478822291435,4.742142411411328,1,0.18394200450789755
d6b664fa0667064c6d76394e7848d790,6,6,0.0,1013.3333333333334,171.76890159617224,0.5,1.9459101490553132,6.921986861228861,1,0.10824857252330289
d6cd01c59123df02fc226eadbadb5f89,3,2,0.6666666666666666,81.63333333333334,8.296719565922093,1.0,1.3862943611198906,4.4144131503730355,-1,-0.031507267811382356
d71d863e5ef30d94e440c11be17dcd8f,36,29,0.0,330.5805555555555,373.0084031071958,0.2777777777777778,3.6109179126442243,5.8038707832896055,1,0.11122620003857903
d73cbd89533ce8b041a9190241453ac8,4,4,0.25,92.15,37.41907935799597,0.75,1.6094379124341003,4.5342110970475975,1,0.07170480919311417
d7485b33791774c36108f8c69602d48d,10,10,0.0,39.982,14.823779410123459,0.3,2.3978952727983707,3.7131329459146407,1,0.19977636125465625
d79e8478eed9999493990b44955fb22e,5,5,0.0,144.378,73.32213264765288,0.6,1.791759469228055,4.9793372469113715,1,0.19786163704295356
d7ab82074b5f1dfba46db123df101bff,3,2,0.0,12.89,0.0,1.0,1.3862943611198906,2.6311691567662523,1,0.0834623405003676
d7b2377bae6ace1b11fc69a11900ac36,4,4,0.0,82.4,8.2915619758885,0.75,1.6094379124341003,4.423648309364701,1,0.19777251313546834
d8c7ba53e7e38711eaef8c2849d6d2e1,22,22,0.0,54.13045454545454,37.2868895405821,0.13636363636363635,3.1354942159291497,4.00970227754229,1,0.20880379267320515
d8cf3b6a2151949f930d0252b180ec42,19,6,0.0,32.82631578947369,16.41606536951124,0.7368421052631579,2.995732273553991,3.5212390732108,1,0.1560054457698754
d8d9567d0bfb0bc7eb845a205ba42657,4,4,0.0,18.65,2.165063509461097,0.75,1.6094379124341003,2.9780773383152703,1,0.13698947895692515
d90fe2229fee1a5da999ccd0c06c1667,3,3,0.0,150.0,98.99494936611666,1.0,1.3862943611198906,5.017279836814924,1,0.1453442733905515
d91fb3b7d041e83b64a00a3edfb37e4f,536,535,0.0,76.28682835820895,81.35251165301612,0.007462686567164179,6.285998094508865,4.347523544673341,1,0.017457169722642996
d921b68bf747894be13a97ae52b0f386,77,77,0.0,203.1922077922078,63.98610597202576,0.03896103896103896,4.356708826689592,5.319061745316902,1,0.17207854289819996
d93844a9c55ba7ce353388bcf849ea56,14,12,0.0,193.46428571428572,65.83537484994412,0.35714285714285715,2.70805020110221,5.270248525191857,1,0.21514081671589502
d93919c944be9cff128f6c9cb899eacb,33,33,0.0,80.80909090909091,16.211413181933672,0.09090909090909091,3.5263605246161616,4.404388373241533,1,0.20544052632990156
d9442042130b7fe579d1295f9f4a248f,22,19,0.0,35.098181818181814,8.939260512614947,0.2727272727272727,3.1354942159291497,3.5862424989231503,1,0.19756291292315958
d94a40fd42351c259927028d163af842,110,101,0.0,125.67090909090908,18.275623831932126,0.05454545454545454,4.709530201312334,4.841592456314416,1,0.1713309285339063
d94ba08b99bedd6a5f6c875ecc4a6fac,10,9,0.0,59.9,0.0,0.4,2.3978952727983707,4.109233174715851,1,0.19920045916377516
d97df38225e5abadaff1e72cb72b823c,29,29,0.0,63.6551724137931,70.81606863342819,0.10344827586206896,3.4011973816621555,4.169068108418037,1,0.20516478448702907
d98eec89afa3380e14463da2aabaea72,183,168,0.0,38.07939890710382,14.012110498504287,0.04918032786885246,5.214935757608986,3.6655954459688767,1,0.12673655523927818
d9a84e1403de8da0c3aa531d6d108ba6,59,54,0.0,24.15593220338983,15.077194262954272,0.13559322033898305,4.0943445622221,3.225093741630314,1,0.1606586907849638
d9bd94811c3338dceb4181f3dbc0c73e,61,54,0.0,113.29540983606559,53.96013752044628,0.13114754098360656,4.127134385045092,4.738786411079812,1,0.20579174093352903
d9cb0052a666de5308b32f32ad5f1b1c,3,3,0.0,77.3,15.566845109612478,1.0,1.3862943611198906,4.360547602996758,1,0.17838066709017952
d9cd369bffa979d1634f8e1318bf2f1b,3,3,0.0,226.0,45.51922670696417,1.0,1.3862943611198906,5.424950017481403,1,0.15672013540467106
d9d43faf741ceaa8da52fdbb81d9e0e3,8,6,0.0,26.25,7.628073151196179,0.625,2.1972245773362196,3.305053521109253,1,0.17319493026356253
d9e7e7778b32987280a6f2cb9a39c57d,13,11,0.0,55.57692307692308,30.31618389436836,0.38461538461538464,2.6390573296152584,4.035601182579955,1,0.2150074737938294
d9e8c084b68fe958861d8f2c21202e6b,12,9,0.0,254.16666666666666,490.0715650687039,0.5,2.5649493574615367,5.541916926429629,1,0.0950548271822691
da03c298e3999e9d828591fc2179d109,5,4,0.0,157.54000000000002,10.091897740266441,0.8,1.791759469228055,5.06600692740901,1,0.18225927832146477
da20530872245d6cd9d2f5725613c430,3,2,0.0,104.98666666666668,7.768746502635982,1.0,1.3862943611198906,4.663313300036802,1,0.15198212413399959
da6a60cc8cc724fe51be021ff8be779c,13,12,0.0,56.060769230769225,18.766324365136484,0.3076923076923077,2.6390573296152584,4.044116826780521,1,0.21259447645934665
da7039f29f90ce5b4846ffc0fcc93beb,18,17,0.0,69.94999999999999,27.607451691325853,0.2222222222222222,2.9444389791664403,4.261975403606051,1,0.2169875202539288
da8622b14eb17ae2831f4ac5b9dab84a,1551,1314,0.0,103.31177949709866,68.67309305631804,0.009026434558349452,7.347299700743164,4.647384294240368,-1,-0.07941667971956645
dace965ca58120f92f8d742a9fa1864b,8,8,0.0,180.25,20.87911636061258,0.375,2.1972245773362196,5.199877293734784,1,0.20224469272083923
daeb5653dd96c1b11860f72209795012,41,40,0.0,56.24146341463415,97.52588393284526,0.0975609756097561,3.7376696182833684,4.047278520654837,1,0.18898253581041985
daf565f087a52def0fd5c5825b3661bc,9,9,0.0,90.43333333333334,43.99737365899116,0.3333333333333333,2.302585092994046,4.515610109275448,1,0.2170509011032703
db1f0f7c7e5e87f40b62226f020bb297,3,3,0.0,19.669999999999998,9.90724987067552,1.0,1.3862943611198906,3.028683373693677,1,0.12723896968143988
db2956745b3a8e9f3785c99f34b5d25e,48,47,0.0,179.14583333333334,30.63017955065806,0.08333333333333333,3.8918202981106265,5.193766708052539,1,0.19930269880032725
db4350fd57ae30082dec7acbaacc17f9,146,137,0.0,22.81719178082192,9.22485911413008,0.04794520547945205,4.990432586778736,3.1704076636447756,1,0.10230458393256242
db46ca7bce82b11f7e247539271fc390,16,16,0.0,58.373125,35.93628262612002,0.1875,2.833213344056216,4.083841682908812,1,0.21621290107556812
dbb9b48c841a0e39e21f98e1a6b2ec3e,118,108,0.0,60.90550847457627,37.68866427152814,0.05084745762711865,4.77912349311153,4.1256091656274085,1,0.17309614637439674
dbbcfe2c8d026742134ac3e28ccde274,4,4,0.0,77.1475,64.20092108957628,0.75,1.6094379124341003,4.358598066592527,1,0.18700398700563564
dbc22125167c298ef99da25668e1011f,429,406,0.009324009324009324,78.73375291375291,26.74217098938794,0.023310023310023312,6.063785208687608,4.378692995690753,1,0.033153965789143425
dbd66278cbfe1aa1000f90a217ca4695,99,85,0.0,49.78686868686869,24.879290996688557,0.08080808080808081,4.605170185988092,3.9276378307540596,1,0.18283511785853374
dbdd0ec73a4817971d962698f2fea022,16,16,0.0,399.0,0.0,0.1875,2.833213344056216,5.991464547107982,1,0.16889349250962865
dbec9a0a7efeff029d4d9dce7dc4cc95,3,3,0.0,390.0,14.142135623730951,1.0,1.3862943611198906,5.968707559985366,1,0.13678846124370952
dc317f341ab0e22f39acbd9dbf9b4a1f,58,55,0.0,327.38620689655176,156.58600308288865,0.10344827586206896,4.07753744390572,5.79419037577219,1,0.15417751395152435
dc4a0fc896dc34b0d5bfec8438291c80,249,231,0.0,97.11152610441768,57.849215141176465,0.028112449799196786,5.521460917862246,4.586104853088647,1,0.11802184230004908
dc50afafdfa325eadc890c7fa42a8f4e,4,4,0.0,106.05,55.266332427618195,0.75,1.6094379124341003,4.6732960150356915,1,0.18876451319506615
dc64d75cc406bb0697be983831430e60,4,4,0.0,203.25,14.289419162443238,0.75,1.6094379124341003,5.319344733740112,1,0.1841071194964481
dc7192adf8ba09569261f4a8d576afe0,8,7,0.0,114.625,43.36166942127574,0.5,2.1972245773362196,4.75035219583259,1,0.21292674838406117
dc8798cbf453b7e0f98745e396cc5616,51,41,0.0196078431372549,40.31960784313725,14.676084582399454,0.1568627450980392,3.9512437185814275,3.7213371534788413,1,0.15848514821828563
dcf3755cefcdc158ad0b7bdde51e871b,3,3,0.0,89.90000000000002,0.0,1.0,1.3862943611198906,4.509760001183434,1,0.17411259147538177
dd2bdf855a9172734fbc3744021ae9b9,113,108,0.017699115044247787,95.72300884955753,67.94079021484531,0.061946902654867256,4.736198448394496,4.571851314689059,1,0.1406655492237478
dd4d95ba2d15c071e6c695e2ef6ce169,4,4,0.0,437.0,0.0,0.75,1.6094379124341003,6.082218910376446,1,0.14541518486642857
dd533b429f380718b70ad9922c294bae,45,41,0.0,62.66155555555555,87.48091420940672,0.15555555555555556,3.828641396489095,4.153580856923859,1,0.19733644174222215
dd55f1bb788714a40e7954c3be6df745,37,35,0.0,190.31783783783783,114.88646412249051,0.13513513513513514,3.6375861597263857,5.253936117461585,1,0.2037926775382834
dd7ddc04e1b6c2c614352b383efe2d36,143,122,0.0,64.18538461538462,56.762871147749266,0.055944055944055944,4.969813299576001,4.177235281463748,1,0.16640416567482713
ddd51ae8cda92f3995a51fc0f0f3eec7,25,8,0.0,33.708,5.449764765565593,0.64,3.258096538021482,3.5469702079312433,1,0.15164867990880454
de09d00cfc265b8804c7df34075a68fa,3,3,0.0,261.3333333333333,53.26871084938678,1.0,1.3862943611198906,5.569615959749293,1,0.14956272143922428
de0c78824586e9a5f5f04fd84e25df39,16,14,0.0,155.58125,79.80701894844522,0.3125,2.833213344056216,5.053575044587512,1,0.214174721092996
de23c3b98a88888289c6f5cc1209054a,181,164,0.0055248618784530384,145.85453038674035,87.10837281071053,0.06077348066298342,5.204006687076795,4.98944250760622,1,0.1196619688715112
de66a66f2dd06bb9ec37aa96987466a3,8,7,0.0,44.165,2.9877876430563317,0.5,2.1972245773362196,3.8103224506018067,1,0.19766123020268112
de722cd6dad950a92b7d4f82673f8833,379,339,0.0,146.2430079155673,36.631060431195806,0.04221635883905013,5.940171252720432,4.992084336959909,1,0.07137940063000625
de9727ca376d1be6ec121b110aa7954c,12,10,0.0,88.22500000000001,45.610070616769114,0.4166666666666667,2.5649493574615367,4.491161269376224,1,0.21776468849841563
debe6615cd90cc0c2eac2b8988e1f628,5,5,0.0,55.7,20.282011734539566,0.6,1.791759469228055,4.037774210733707,1,0.20156568612093717
dee656f0f566ed1aa85bd137c943f08f,95,93,0.0,66.02084210526316,39.59672287511625,0.05263157894736842,4.564348191467836,4.205003647214755,1,0.1866498674930997
df0f42bc4c2142eacf0eaf2cffd0cfbb,16,14,0.0,103.375,1.653594569415369,0.3125,2.833213344056216,4.64799018317102,1,0.20852535080787843
df47da4ae86fa4db890d05aaf24e21d8,5,5,0.0,62.1,6.400000000000003,0.6,1.791759469228055,4.144720769547168,1,0.20173117144399128
df560393f3a51e74553ab94004ba5c87,29,28,0.0,126.24758620689656,68.58590699991646,0.13793103448275862,3.4011973816621555,4.846134686346175,1,0.2115530971656912
df56d7b40d437f88407c5f78b63bc328,25,22,0.0,111.6512,34.80017739265132,0.24,3.258096538021482,4.724296319284899,1,0.2173728084003711
df91910b6a03bb2e3358fa6a35e32f6f,14,14,0.0,165.15,68.3279774323812,0.21428571428571427,2.70805020110221,5.112890994800603,1,0.21910106919650657
dfa0c4c6229ab200a4a1336b4d7128ff,86,77,0.0,55.54767441860466,44.039846457350635,0.08139534883720931,4.465908118654584,4.035084077377061,1,0.1931997005296867
dfc475d54e1b6dbeeb7d7d9bdaa63827,21,19,0.0,85.41714285714286,55.59706074304023,0.23809523809523808,3.091042453358316,4.4591860688272265,1,0.22058483630179254
dfc5fb7259bb2b599ca565e6e9448f0f,34,33,0.0,180.13617647058823,28.927079824021913,0.11764705882352941,3.5553480614894135,5.199249104578876,1,0.20869804620938293
e067ad2c1c0b48758eb1b5228bcf7a68,61,54,0.0,82.66475409836066,46.21233543385365,0.11475409836065574,4.127134385045092,4.426817790820251,1,0.2053856179838594
e06f09ec0a4aca210779cf1cfc63cf19,31,29,0.0,170.30612903225807,170.322574880865,0.16129032258064516,3.4657359027997265,5.1434521842128165,1,0.19107878654118776
e0878efa0e0b7e5313ac0b43bc04c081,29,27,0.0,174.6655172413793,103.35092971525863,0.1724137931034483,3.4011973816621555,5.168581716633891,1,0.2079784987029562
e09887ca8c7bf8a4621ce481820414ef,4,3,0.0,29.990000000000002,10.0,1.0,1.6094379124341003,3.433664571799657,1,0.15956600738420196
e0a366315b1b726b6c7832d664c0f530,51,43,0.0,145.09980392156862,69.4458573275725,0.1568627450980392,3.9512437185814275,4.984289976672034,1,0.20661227546132893
e0eabded302882513ced4ea3eb0c7059,8,8,0.0,122.30000000000001,127.92905260338637,0.375,2.1972245773362196,4.814620410170298,1,0.19564623338532316
e1643dff33666ca629e3644c02738179,3,3,0.0,56.666666666666664,33.46972097616325,1.0,1.3862943611198906,4.054679305829669,1,0.1690219120058376
e1b12447a7563944843191754aeb5562,10,9,0.0,47.246,31.651106204997006,0.4,2.3978952727983707,3.876312922794067,1,0.21243152042051267
e1dc0754bada9ee4cfe9713f22f61292,12,12,0.0,73.75,18.610592861772755,0.25,2.5649493574615367,4.314149212270796,1,0.2133526425465468
e21a1e8be4715b0fcfd5385643bc49c4,24,21,0.0,29.316666666666663,9.137453450253831,0.25,3.2188758248682006,3.4116976162960215,1,0.19155196207379416
e24d3429d294b2eb200b064ebb035879,22,19,0.0,85.39,62.13296007171014,0.2727272727272727,3.1354942159291497,4.458871928370793,1,0.22101244436006062
e24fc9fcd865784fb25705606fe3dfe7,56,52,0.0,231.0,176.24110919824741,0.125,4.04305126783455,5.44673737166631,1,0.17106993217996475
e250d617a0ad591ba9bd663e584a895d,20,8,0.0,45.206,59.42886372798994,0.75,3.044522437723423,3.833109659785168,1,0.15071866654549887
e256a62e0ac58c0edfba09966142d561,14,12,0.0,105.29357142857144,60.17001028124306,0.35714285714285715,2.70805020110221,4.666204807776663,1,0.21955160086033082
e26901d5ab434ce92fd9b5c256820a4e,221,202,0.004524886877828055,54.25746606334842,29.442386426138132,0.03167420814479638,5.402677381872279,4.012003463636603,1,0.10455193701220944
e2a1ac9bf33e5549a2a4f834e70df2f8,5,5,0.0,2999.89,0.0,0.6,1.791759469228055,8.006664190320059,1,0.07933126386622458
e2aee0892199b1d92530e371abd825bf,41,38,0.024390243902439025,138.11146341463416,83.56613599816194,0.14634146341463414,3.7376696182833684,4.93527550685393,1,0.17431023821195912
e2c92f9c1c7746d899d18f2e158bbff7,14,14,0.0,135.3357142857143,35.753673280674604,0.21428571428571427,2.70805020110221,4.915120331420588,1,0.22106421949363764
e333046ce6517bd8bb510291d44f0130,74,68,0.0,98.21621621621621,76.70552153744624,0.0945945945945946,4.31748811353631,4.59730147085261,1,0.2001718354174965
e38db885400cd35c71dfd162f2c1dbcf,32,30,0.0,64.5875,1.7399263633843818,0.15625,3.4965075614664802,4.18338512901283,1,0.19966850302948747
e3a386fc36e22064434e1fa256f6a9fa,17,16,0.0,46.699999999999996,14.045639892863573,0.23529411764705882,2.8903717578961645,3.8649313978942956,1,0.21158500691741872
e3b4998c7a498169dc7bce44e6bb6277,3,3,0.0,2299.2999999999997,3136.7640406423093,1.0,1.3862943611198906,7.740794828193973,-1,-0.1056836500129742
e3d3b3efac954a60d61be70b7e05b49b,3,3,0.0,427.34999999999997,85.84780136963357,1.0,1.3862943611198906,6.059940618410053,1,0.11918808638353717
e3dd723429d1b23614b7fa85e2c7a853,8,7,0.0,58.88125,40.7157796307218,0.5,2.1972245773362196,4.092363434417046,1,0.20423463148188753
e3e15e2c0b9700561efac21c6be48066,4,3,0.5,24.31,0.4481071300481151,1.0,1.6094379124341003,3.2311995745570328,-1,-0.0049995692231649125
e3e290b38963293022cdcd6db8328103,3,3,0.0,45.23333333333333,20.741798914805408,1.0,1.3862943611198906,3.833701038652676,1,0.17008431772320998
e439f7176d763f92de325271111b2fd5,7,7,0.14285714285714285,192.62857142857143,151.20780133205255,0.42857142857142855,2.0794415416798357,5.2659417436466995,1,0.08461590531739549
e45edf75f568ed2f93f78d060e246e25,7,6,0.0,23.471428571428568,0.9035079029053372,0.5714285714285714,2.0794415416798357,3.1975062562747607,1,0.16351043842880353
e48b04bf1aa1ef711caebeb7aede6180,25,25,0.0,127.484,41.24300357636435,0.12,3.258096538021482,4.855804382964133,1,0.21048480970035005
e48cc16ab70bfa09e1401740dce0b3d7,17,14,0.0,63.813529411764705,30.860664653201663,0.35294117647058826,2.8903717578961645,4.171514368783802,1,0.2126900777446608
e49c26c3edfa46d227d5121a6b6e4d37,36,35,0.027777777777777776,101.50694444444444,88.92660031419936,0.1111111111111111,3.6109179126442243,4.629930546960996,1,0.16875755653531505
e4ebd3f87bf70440014f07ddda7fbe03,7,7,0.0,95.92857142857143,27.238927726205908,0.42857142857142855,2.0794415416798357,4.5739743302196105,1,0.21261738998387336
e4fc40017a6d22c46a14ac2e17f87c3e,3,3,0.0,129.0,0.0,1.0,1.3862943611198906,4.867534450455582,1,0.16961442259858467
e504a4e2efaa45cbff7e268a2c58c956,12,11,0.0,99.06666666666668,2.7638539919627965,0.3333333333333333,2.5649493574615367,4.605836630531252,1,0.2101175731054329
e51f22821f0c12a16ad5c020cdcd55e9,4,4,0.0,224.6775,116.69682094534541,0.75,1.6094379124341003,5.419106989000338,1,0.16883698635490235
e53d5b9b29d1218281f4a907ada18626,5,4,0.0,70.134,70.12725735404173,0.8,1.791759469228055,4.264565422226854,1,0.18279174402421428
e5475dcab1e07b63d7f6e902d8f5eda8,19,19,0.0,115.36842105263158,234.1421544200324,0.15789473684210525,2.995732273553991,4.756761201691006,1,0.17237961227711063
e5899683388855d3dabe8913bbe365de,3,3,0.0,150.96,23.66008171301747,1.0,1.3862943611198906,5.023617328319425,1,0.1743234051535264
e58a5b390e28abc0b216cfb0e07d27d7,7,7,0.0,146.0857142857143,110.00246008380813,0.42857142857142855,2.0794415416798357,4.991015507226604,1,0.20033503366447625
e59aa562b9f8076dd550fcddf0e73491,84,70,0.0,375.8845238095238,220.20181408688302,0.14285714285714285,4.442651256490317,5.9319388376351885,1,0.12215251620345602
e59e489e2ea74bd409b798b5daf49de3,5,3,0.0,99.0,0.0,1.0,1.791759469228055,4.605170185988092,1,0.1678465591421337
e5a3438891c0bfdb9394643f95273d8e,255,224,0.00392156862745098,30.34647058823529,13.80218650247616,0.050980392156862744,5.545177444479562,3.4451016798236878,1,0.07775459821024955
e5a38146df062edaf55c38afa99e42dc,125,121,0.0,122.88056,84.2719435950447,0.048,4.836281906951478,4.819317875598498,1,0.1674271699071358
e5bd51692380fd8cabb19b756b95e714,3,3,0.3333333333333333,39.9,0.0,1.0,1.3862943611198906,3.711130063048756,1,0.029826783399074852
e5c84227854980f1db19a58958c551d9,4,4,0.0,18.2025,6.6706835294443385,0.75,1.6094379124341003,2.9550404788907,1,0.14021744906201622
e5d4b2b0c3bca22085f7a19a28de0c42,4,4,0.0,51.45,18.841510024411527,0.75,1.6094379124341003,3.9598603348423063,1,0.19235291427926615
e5e33c0d8e7e002f398f5dc4cbbb338f,29,28,0.034482758620689655,230.9896551724138,315.87887120270466,0.13793103448275862,3.4011973816621555,5.446692780898078,1,0.10763993189191051
e5f9e61ceb5f523cc966e0f34095032f,4,4,0.0,559.5,110.5,0.75,1.6094379124341003,6.328829242512215,1,0.1268238706777886
e601b04acf48b4576e73ddca9481f0dc,16,15,0.0,30.74625,17.311503355789178,0.25,2.833213344056216,3.457774608126917,1,0.19713693644407954
e603cf3fec55f8697c9059638d6c8eb5,11,8,0.09090909090909091,27.0,0.0,0.5454545454545454,2.4849066497880004,3.332204510175204,1,0.1125862017685364
e627629ba868740e287800f1a9be81c2,13,13,0.15384615384615385,38.80769230769231,24.820694267190138,0.23076923076923078,2.6390573296152584,3.684060167677987,1,0.08249540904734598
e62b2d6ac10570a035a30bafcf01d263,71,62,0.0,75.21676056338029,59.17120137875045,0.08450704225352113,4.276666119016055,4.333581393406072,1,0.20542362911815426
e63e8bfa530fb16910dd6956e592bb81,43,42,0.0,30.504651162790697,1.869455024228938,0.09302325581395349,3.784189633918261,3.4501351908931284,1,0.1705989475244607
e644cbadf7eeb30d0d29f335ce7d52ec,10,8,0.0,87.89,31.712615786150437,0.5,2.3978952727983707,4.487399650253583,1,0.21417226717700288
e64d65bc8dbec2accda90c58de5d1246,12,12,0.0,139.9,22.360679774997898,0.25,2.5649493574615367,4.948050418904635,1,0.21371479013454842
e6a69c4a27dfdd98ffe5aa757ad744bc,29,24,0.034482758620689655,71.59310344827585,126.46712815653606,0.27586206896551724,3.4011973816621555,4.28486992349315,1,0.1463016320082966
e70053bf73d1b5863932e53a9fa47496,7,7,0.0,575.0,286.674030913161,0.42857142857142855,2.0794415416798357,6.3561076606958915,1,0.12061972773059104
e73bf2cea7fe4b0b4d287a7568ed1099,5,4,0.0,147.54000000000002,136.2261149706619,0.8,1.791759469228055,5.000854282241151,1,0.1645745220136539
e7d5b006eb624f13074497221eb37807,63,28,0.0,55.22111111111111,43.03735266210339,0.5079365079365079,4.1588830833596715,4.029292328910109,1,0.13965781460479765
e7df4cd29ab5abab70fb0783ddb53987,24,23,0.0,400.3625,512.868606315253,0.16666666666666666,3.2188758248682006,5.9948650089786035,1,0.08430166571549669
e7f3bf1ecd8526eb7f3b18059e6716e5,19,18,0.05263157894736842,77.44947368421053,33.755320278311885,0.21052631578947367,2.995732273553991,4.362454770223592,1,0.1638562194098792
e819bcfade7b5d88a27325eb6cfd62c5,11,5,0.0,18.44545454545454,3.7986513483229523,0.8181818181818182,2.4849066497880004,2.9676133432899894,1,0.12177335999771538
e81e1f9c3e762e620f3fb60a51499e16,18,17,0.0,248.11055555555555,146.87791228213325,0.2222222222222222,2.9444389791664403,5.517896796141748,1,0.19797189970868778
e82de6494d91d3c4c54450f59b227a94,3,3,0.0,39.63333333333333,2.309882151876022,1.0,1.3862943611198906,3.704588747819116,1,0.1586650836287345
e83c76265fc54bf41eac728805e4da77,8,8,0.0,29.662499999999998,6.9188036357451255,0.375,2.1972245773362196,3.4230404095846074,1,0.18716979279702062
e83e93b71371817b11d78a63ff156aee,3,2,0.0,95.33333333333333,5.185449728701505,1.0,1.3862943611198906,4.567814399444322,1,0.15128184657862181
e84ad2127668df3aafc6b73531a0beb8,23,19,0.0,42.91304347826087,26.417900787942784,0.30434782608695654,3.1780538303479458,3.7822113939061555,1,0.20494600021728443
e882b2a25a10b9c057cc49695f222c19,58,57,0.0,880.3024137931035,664.1451316472367,0.06896551724137931,4.07753744390572,6.781400829002469,-1,-0.016526505532841185
e883aa812c37a7413226856f4579fe91,29,26,0.0,141.2793103448276,119.73315554789075,0.20689655172413793,3.4011973816621555,4.957792099899738,1,0.20447091619648594
e88c9b79e592e370d6bd852eeefbf057,9,8,0.0,27.985555555555557,19.265451006118074,0.4444444444444444,2.302585092994046,3.3667976216101008,1,0.18674984255109078
e89c4adbe7b1d0819dbb636e16461cf1,25,24,0.0,127.25200000000001,44.22247500988604,0.16,3.258096538021482,4.853997078471195,1,0.21501371380714746
e8a85b5f3df47be0984c55fd4064dbb4,14,8,0.0,53.07142857142857,100.95647172753944,0.6428571428571429,2.70805020110221,3.99030592382219,1,0.1579814212365268
e8b3a3a38279a82f0e5d006d5e5b7d2c,92,87,0.0,142.9858695652174,130.10405248970474,0.06521739130434782,4.532599493153256,4.969715166741808,1,0.16887096859932438
e8b4225284fbb02d16f200513f1f395d,31,31,0.0,186.72645161290325,59.88269158884783,0.0967741935483871,3.4657359027997265,5.234985858612347,1,0.20584896028445993
e8dba4d70f7f2b20e775d09cae01142d,9,9,0.0,95.10111111111111,51.97744050054459,0.3333333333333333,2.302585092994046,4.5654008779397,1,0.2169044092992119
e8f6dc8e6a1dcde89d20e3995c8d90b3,48,36,0.0,47.007083333333334,25.049759975424703,0.25,3.8918202981106265,3.871348569465036,1,0.18680971390472217
e9511df20ccd82658a30c37b7fb343af,30,22,0.0,69.88666666666667,49.708957833461845,0.3,3.4339872044851463,4.26108235755483,1,0.20542525376948367
e96498ed8daaa3e9c23f7a62da76591c,34,34,0.0,282.9144117647059,221.15462344638604,0.08823529411764706,3.5553480614894135,5.648672825715355,1,0.1556068093893383
e9729944ba65dc3ce425e0c5a22ae7b2,4,4,0.0,229.175,128.61250668189308,0.75,1.6094379124341003,5.438839889173909,1,0.16455081651326203
e9779976487b77c6d4ac45f75ec7afe9,750,657,0.0013333333333333333,57.550599999999996,53.13423497808797,0.021333333333333333,6.621405651764134,4.069891337642799,-1,-0.013937367311087967
e99e927c81e3f51739c94fcdfca9f10f,25,22,0.0,108.11319999999999,58.74953962168554,0.24,3.258096538021482,4.692385875437842,1,0.21844272454569474
e9bc59e7b60fc3063eb2290deda4cced,269,216,0.0037174721189591076,127.66936802973977,61.42534923463516,0.055762081784386616,5.598421958998375,4.857246075626119,1,0.10756735049948246
e9c2dc0dd4ac38448289be644ac94f42,3,3,0.0,39.46333333333333,21.80058154168269,1.0,1.3862943611198906,3.7003962142416027,1,0.16163902190661034
e9c6969d40e6a3d2d0f90013165c2b98,10,10,0.0,523.9979999999999,322.4278058976925,0.3,2.3978952727983707,6.263394453060558,1,0.1326653973101033
e9d99831abad74458942f21e16f33f92,149,130,0.0,33.036778523489936,15.984557491926173,0.09395973154362416,5.0106352940962555,3.527441661256387,1,0.13733313938308722
e9e446d01bd10a97a8ffcfc4a3a20cb2,4,4,0.0,15.0125,3.9853442448551424,0.75,1.6094379124341003,2.7733696672228527,1,0.12736341140635443
ea00f977a203ff88adf7057cb7806998,19,19,0.0,20.51157894736842,11.261109725234332,0.15789473684210525,2.995732273553991,3.068591345856102,1,0.1618239981129101
ea1776927851da2532aa70d6a32c095a,3,3,0.3333333333333333,106.26666666666667,100.92770790135987,1.0,1.3862943611198906,4.675317945890173,1,0.02300456122584682
ea3ebea5317b0efbc663ecc8ce5e9bc2,3,3,0.0,99.90000000000002,39.59797974644662,1.0,1.3862943611198906,4.6141299273595635,1,0.17200108681173593
ea4e9ce63a2134743b4a92777437fcdd,4,3,0.0,79.15,51.24146270355676,1.0,1.6094379124341003,4.383899879055562,1,0.16229752042277346
ea566164622c6b439516ab18062c42cd,52,50,0.0,198.2580769230769,368.81260549143207,0.09615384615384616,3.970291913552122,5.294600853476476,1,0.12122443013604428
ea65d8b58316a6f2362f2a9e4b3e86ad,16,9,0.0,128.8375,220.61574874371502,0.625,2.833213344056216,4.86628366855393,1,0.14111661306208761
ea67327e24487bdfac5fbfa37ea124df,34,32,0.0,183.82882352941178,122.3626799546117,0.14705882352941177,3.5553480614894135,5.219430118524798,1,0.2025594808081133
ea6b12bf9ffe2bac34602ec631d97a47,11,11,0.18181818181818182,238.70909090909092,385.11982422132525,0.2727272727272727,2.4849066497880004,5.4794260669167825,1,0.03145192452801815
ea846a0e7ad98a741783e886d89dfa44,3,2,0.0,45.666666666666664,16.499158227686106,1.0,1.3862943611198906,3.8430301339411947,1,0.1447480929788964
ea8482cd71df3c1969d7b9473ff13abc,1203,1146,0.0008312551953449709,30.90400665004156,18.483762434156,0.007481296758104738,7.093404625868766,3.4627316022185224,-1,-0.08840591827630262
ead2bab70821ea148476ae9bc08548ac,9,9,0.0,45.78888888888889,23.259141306612925,0.3333333333333333,2.302585092994046,3.845645757831663,1,0.2052824293249323
eaf6d55068dea77334e8477d3878d89e,3,3,0.0,17.0,0.0,1.0,1.3862943611198906,2.8903717578961645,1,0.11618244573289399
eb3071b9f0b0ddaa2df5ea130f09f26b,11,9,0.0,566.3636363636364,113.79988235117146,0.45454545454545453,2.4849066497880004,6.341000432135672,1,0.14932429068924885
eb4df17aed01d918c65f0f8d650900c0,11,11,0.0,339.98818181818183,59.54100265106565,0.2727272727272727,2.4849066497880004,5.831847819258248,1,0.1956294317489244
eb5b6204dde3a6e03b5f1bb8479f055b,21,19,0.0,21.53333333333333,7.901989703222938,0.23809523809523808,3.091042453358316,3.114995694380809,1,0.1676553479948361
eb72802c83dc7547529c9546d1a9b8ef,8,8,0.0,132.99,71.45103218288732,0.375,2.1972245773362196,4.8977651703005165,1,0.21204461649114675
eb9cd5b35d95206585e2185318cb5c61,3,2,0.0,183.33333333333334,9.428090415820334,1.0,1.3862943611198906,5.216745712854225,1,0.14249976874322529
eba88037e1dca898cd02881f67ced679,6,6,0.0,139.68333333333334,41.596651173969384,0.5,1.9459101490553132,4.946511501761619,1,0.20106761255293915
ebd2d60905fb58271facef5596b620d3,88,84,0.0,90.24681818181818,52.65742588884943,0.07954545454545454,4.48863636973214,4.5135681226143065,1,0.19591593054755152
ebef8d8c92b4fd3226e5d407bbff21ac,3,3,0.0,84.56666666666668,56.48205221326701,1.0,1.3862943611198906,4.449295799208985,1,0.16425138388128607
ec21206b7894c503788a684a7bc822a6,3,3,0.3333333333333333,82.60000000000001,44.0118923322625,1.0,1.3862943611198906,4.426043520090656,1,0.03643290203519256
ec2e006556300a79a5a91e4876ab3a56,8,4,0.25,15.65,7.275816105427624,0.875,2.1972245773362196,2.8124102164264526,1,0.01998016813339254
ec4608a1f76453166bb312b2968aeaf4,35,18,0.17142857142857143,33.76428571428571,5.127065039412633,0.4,3.58351893845611,3.54859058722415,1,0.05886317564650845
ec5c1d94df153d473b37f880977ae58e,3,2,0.0,66.55666666666667,32.90403555121401,1.0,1.3862943611198906,4.212966751863112,1,0.14566423081373825
ec80e49e69745ab6c14f984bf2149423,12,12,0.0,309.0833333333333,67.21539795480075,0.25,2.5649493574615367,5.736841078558622,1,0.19779200886264947
ec8463980a4e0ea9f8517aea1ed0c419,8,2,0.0,29.9,0.0,1.0,2.1972245773362196,3.4307561839036995,1,0.1272692994794869
ec8879960bd2221d5c32f8e12f7da711,36,36,0.0,112.84444444444445,55.376461327316704,0.08333333333333333,3.6109179126442243,4.734832994168882,1,0.2055750208629029
ec933281fb017b5020d06df29c3f77e8,8,8,0.0,179.0,8.2915619758885,0.375,2.1972245773362196,5.19295685089021,1,0.19906822433995847
ecccfa2bb93b34a3bf033cc5d1dcdc69,19,15,0.05263157894736842,70.45473684210526,22.5486627841165,0.3684210526315789,2.995732273553991,4.2690641980791035,1,0.1634048524998682
ececbfcff9804a2d6b40f589df8eef2b,104,98,0.0,65.31153846153846,15.947510703339756,0.057692307692307696,4.653960350157523,4.194363916160324,1,0.17997340402841044
ed4311e67debd72b8610a5347a743087,26,25,0.0,139.84615384615384,40.76828736208909,0.15384615384615385,3.295836866004329,4.947668187212974,1,0.21594915088530153
ed46f1eb4a638113deb2a1137b5f22e9,4,4,0.0,867.5,282.5,0.75,1.6094379124341003,6.766767585681159,1,0.0702843609670264
ed4acab38528488b65a9a9c603ff024a,40,32,0.0,318.98625,702.5138786625055,0.225,3.713572066704308,5.768278026120589,1,0.03920654057955664
ed859002ad59dbf8cf3602696a6c3000,13,7,0.0,186.28461538461536,77.65657975148169,0.6153846153846154,2.6390573296152584,5.232629467179584,1,0.18788042745141803
ed8cb7b190ceb6067227478e48cf8dde,17,15,0.0,33.73529411764706,18.78101297701769,0.29411764705882354,2.8903717578961645,3.547756291581201,1,0.1991498350676556
ed9eef5be0992d413d251fadba1a410d,9,3,0.0,44.9,0.0,1.0,2.302585092994046,3.8264651170664994,1,0.14358562262473235
edb1ef5e36e0c8cd84eb3c9b003e486d,175,166,0.0,453.0545714285714,461.8269086470933,0.05714285714285714,5.170483995038151,6.118217392202259,1,0.02270856441932445
edc518ba25576a0188a0e8f2c3af186f,8,6,0.0,205.92374999999998,230.069650754804,0.625,2.1972245773362196,5.3323503679171615,1,0.15171715167785393
edd066cd02126d7800f9b66e980e9931,6,6,0.0,164.61666666666665,73.77236195818115,0.5,1.9459101490553132,5.109675881009262,1,0.19573430445131257
eddd1991bd6d9309995a480c39b95137,3,3,0.3333333333333333,288.6666666666667,33.4697209761632,1.0,1.3862943611198906,5.668730836597282,1,0.015280781140354693
ede0c03645598cdfc63ca8237acbe73d,50,46,0.02,50.367399999999996,26.743997517947847,0.14,3.9318256327243257,3.9390037299999205,1,0.17062892798648527
edf96ef93ed595084bbcbd9224bd2894,28,25,0.0,134.17857142857142,89.340461786611,0.21428571428571427,3.367295829986474,4.906596655696345,1,0.2102202262846702
ee2fbacc2fc3794e656cc4d933d59ce7,3,2,0.0,154.99,7.071067811865218,1.0,1.3862943611198906,5.049791902630777,1,0.14579038793102778
eeb6de78f79159600292e314a77cbd18,84,83,0.0,520.712380952381,551.5015678314265,0.047619047619047616,4.442651256490317,6.257116441685374,1,0.03339883185936254
eebb3372362aa9a46975164bed19a7e7,8,7,0.25,73.99,0.0,0.5,2.1972245773362196,4.317354771313298,1,0.06528943251259312
eec3469d83e142f9a104886655338c37,4,4,0.0,46.425000000000004,43.848339478251624,0.75,1.6094379124341003,3.859149515821078,1,0.18368197386486856
eed78ac17f7f795a19a709745f00cd4e,56,22,0.0,77.66964285714286,46.567631000677984,0.35714285714285715,4.04305126783455,4.365257348571635,1,0.18071136545810823
ef0ace09169ac090589d85746e3e036f,140,129,0.0,115.88071428571429,12.20566552541766,0.04285714285714286,4.948759890378168,4.761153878697849,1,0.16031496838701564
ef2fbc2b607d8492bcffe657a4645434,22,20,0.0,44.127272727272725,11.708318015146398,0.22727272727272727,3.1354942159291497,3.8094867805320813,1,0.20826864426198993
ef30892870c278497523264be1be2241,9,9,0.0,87.02222222222223,76.46571893887813,0.3333333333333333,2.302585092994046,4.477589307851597,1,0.20845320401468426
ef506c96320abeedfb894c34db06f478,340,324,0.0029411764705882353,28.7395,9.479487950771588,0.01764705882352941,5.831882477283517,3.392476128516772,1,0.03697637526476616
ef728fa1f17436c91ed1ccd03dcf9631,4,3,0.0,32.175,18.070054648506186,1.0,1.6094379124341003,3.5017965802182713,1,0.15857537829634943
ef990a83bbea832f36ebe81376335aa8,44,43,0.0,105.5134090909091,49.880623899975696,0.09090909090909091,3.8066624897703196,4.668270884180757,1,0.20961128238174342
ef9952469137ff190bacafe117f51537,5,5,0.0,200.53199999999998,13.05600000000019,0.6,1.791759469228055,5.3059481777109365,1,0.19186445912703443
efcd8d2104f1a05d028af7bad20d974b,51,47,0.0,47.54470588235294,11.350607024095927,0.11764705882352941,3.9512437185814275,3.882485144143809,1,0.19677857299961288
efff9341f3f8f5237b44ff67ed36a7bf,5,5,0.0,174.598,81.73575971384862,0.6,1.791759469228055,5.168197291614515,1,0.1937052783533066
f00e21b1e91a79653163b7fd8f293ff1,31,31,0.0,125.80935483870968,68.7979658802583,0.0967741935483871,3.4657359027997265,4.842684815612304,1,0.20818512015030471
f021c962aaba8ef6eb527a9c2c8394d1,5,5,0.0,879.7,622.960801335044,0.6,1.791759469228055,6.780717045811413,1,0.01984617797112387
f049a72cf58fd31b11f8919cade515e7,4,3,0.0,34.6875,17.968179338764404,1.0,1.6094379124341003,3.574800487416229,1,0.16159510206226946
f0837c8d71434931d9e38e7b79234797,23,22,0.0,149.86521739130436,310.061676345201,0.17391304347826086,3.1780538303479458,5.016386838152692,1,0.15181483270177026
f08a5b9dd6767129688d001acafc21e5,18,11,0.0,781.6461111111112,268.759485354861,0.5555555555555556,2.9444389791664403,6.662680628448331,1,0.08918336472222566
f08c008c8a8d31417763738a1788a2a8,23,22,0.0,56.16173913043478,15.061417351218966,0.17391304347826086,3.1780538303479458,4.045884778253728,1,0.21281796523321078
f0b47fbbc6dee9aafe415a6e33051b3f,86,68,0.0,44.13848837209302,22.72377709337512,0.13953488372093023,4.465908118654584,3.809735283280885,1,0.18329516490558573
f0e103c63864d5405b958d984b6e94c9,11,11,0.0,86.51818181818182,54.24878412012934,0.2727272727272727,2.4849066497880004,4.47184656398555,1,0.22125296234856556
f125f3a310c2e5f822d116147de1e474,22,16,0.0,125.51818181818182,49.37875542784879,0.4090909090909091,3.1354942159291497,4.840386027627437,1,0.20446309705430232
f12d3c2a14729ae461b920c11fe20fdc,11,9,0.0,33.13181818181818,17.20141739306905,0.45454545454545453,2.4849066497880004,3.5302300337475225,1,0.18925089697969477
f12ff17ad8bbf01ec5c33b17e506649b,29,29,0.034482758620689655,215.20689655172413,182.54453954570872,0.10344827586206896,3.4011973816621555,5.376235803640492,1,0.140199953056372
f181738b150df1f37cb0bd72e705b193,37,36,0.0,149.45135135135135,96.2593614166228,0.10810810810810811,3.6375861597263857,5.013639785098536,1,0.2046589252762373
f19516b9ff26bfeb091b30108db4ddbd,5,5,0.0,145.52,186.78966138413548,0.6,1.791759469228055,4.987161937910614,1,0.16733232873335557
f1b854361f4e15d5851b494df66f22b2,4,3,0.0,292.2,13.136304655419652,1.0,1.6094379124341003,5.680854970012496,1,0.1447344532828032
f1b93673502375d491780bb49d615dbc,10,8,0.0,263.893,102.2266837034246,0.5,2.3978952727983707,5.579325970862813,1,0.1889066924687896
f1c1ac3f3efc07e659c035008e615e66,14,4,0.35714285714285715,182.99714285714285,177.5281547662057,0.9285714285714286,2.70805020110221,5.214920229538115,-1,-0.009858696037548187
f1ed6bd0a9b11b581f16c851c6a5a527,18,17,0.0,90.15388888888889,15.482399734640971,0.2222222222222222,2.9444389791664403,4.512549164930839,1,0.22122999490413664
f1fd5ab1181f827ffad998c1a5de7d74,15,15,0.0,469.73266666666666,371.1613600662415,0.2,2.772588722239781,6.154290346183138,1,0.13005319041937558
f205b1a3ca9a34e0f8a228bae6e4c7b3,8,8,0.0,136.0,64.08587988004847,0.375,2.1972245773362196,4.919980925828125,1,0.2135681810275591
f214d28e8d8e3ef068748498ccc2f813,59,54,0.0,37.498474576271185,28.917400123048278,0.1016949152542373,4.0943445622221,3.650618619113237,1,0.18768309703804992
f22a247b79dd22ecd91dc8e3b2a1b07c,8,8,0.0,54.9925,34.774595881907814,0.375,2.1972245773362196,4.025217753194489,1,0.20625986148852948
f2336e113377dd21c744d9c4fc8293a9,4,4,0.0,890.75,455.0507526639199,0.75,1.6094379124341003,6.793185824239001,1,0.032841579109563424
f235413f677777a0738ff215d0184901,3,3,0.3333333333333333,565.5666666666667,43.02509061259705,1.0,1.3862943611198906,6.339594755215196,-1,-0.0025411343907452144
f25e239052084705e17a982bc600ab2a,8,8,0.0,922.5,951.6726065197001,0.375,2.1972245773362196,6.828170799639294,-1,-0.020994480717029695
f262cbc1c910c83959f849465454ddd3,207,192,0.004830917874396135,50.64169082125604,59.06700394562211,0.028985507246376812,5.337538079701318,3.944329307914457,1,0.10757638671040493
f27e33c6d29b5138fa9967bcd445b6d5,98,93,0.0,90.69693877551019,71.5206241898549,0.07142857142857142,4.59511985013459,4.518488995668227,1,0.19199684420718816
f326006815956455b2859abd58fe7e39,30,9,0.0,104.90533333333333,103.80180370087776,0.7666666666666667,3.4339872044851463,4.662545613315946,1,0.13551811903784905
f3295428338a40977a03f555246a70f4,7,7,0.0,92.14,146.71135655721116,0.42857142857142855,2.0794415416798357,4.534103737554231,1,0.1841856655673002
f35b3c613c4f7b2275f4185d0a3c59ec,9,9,0.0,449.69444444444446,175.83906354714188,0.3333333333333333,2.302585092994046,6.110789603116181,1,0.1637598597925372
f35becee938e982bd615edf8ef12bcfb,6,6,0.0,24.765,12.336049813453247,0.5,1.9459101490553132,3.2490169817801875,1,0.16910488896474407
f3b80352b986ab4d1057a4b724be19d0,92,87,0.0,114.1858695652174,132.77699560240237,0.08695652173913043,4.532599493153256,4.74654708071428,1,0.170931712791642
f3c38ab652836d21de61fb8314b69182,15,15,0.0,105.4,123.90684673038317,0.2,2.772588722239781,4.667205576907544,1,0.20329141766561037
f3da5b2ff499efb8d4a6d371d175d7dd,84,79,0.0,44.07488095238095,28.301372484556957,0.09523809523809523,4.442651256490317,3.8083251279850825,1,0.18190709271851951
f419677537694f0462a91990df6ca44f,6,6,0.0,36.75,13.87725957577119,0.5,1.9459101490553132,3.6309854756950335,1,0.18700937946451884
f41ce2e25237f9092cd8e6e7516c7a2f,28,27,0.0,72.53214285714286,20.7930285977129,0.14285714285714285,3.367295829986474,4.297722628407495,1,0.20889409721227686
f435898e493ba0356019a0b1cb8b55b1,12,10,0.0,54.14666666666667,66.62330139589969,0.4166666666666667,2.5649493574615367,4.009996302651954,1,0.2039036052423182
f44b6f775a2b390380e0e30b5c9d3eee,10,10,0.0,293.0,114.47270417003348,0.3,2.3978952727983707,5.683579767338681,1,0.1961706755401047
f44bdc12aa39f5271f0b95f66cd4c289,7,5,0.0,51.07142857142857,60.4440878424188,0.7142857142857143,2.0794415416798357,3.9526164023933994,1,0.18057356663369595
f45122a9ab94eb4f3f8953578bc0c560,200,187,0.0,110.39145,176.29473897821654,0.045,5.303304908059076,4.713050574098884,1,0.1066848873666677
f457c46070d02cadd8a68551231220dd,234,199,0.01282051282051282,81.59401709401709,18.522535549411046,0.03418803418803419,5.459585514144159,4.413937245627766,1,0.08991339488270961
f46490624488d3ff7ce78613913a7711,91,83,0.0,63.767582417582425,55.443158187099066,0.10989010989010989,4.5217885770490405,4.17080520684717,1,0.18641125421710575
f4a04f7be452aa3bb31760bf00055dd0,18,18,0.0,72.89444444444445,39.88754292065273,0.16666666666666666,2.9444389791664403,4.302637648463086,1,0.21376968370224142
f4aba7c0bca51484c30ab7bdc34bcdd1,117,110,0.0,25.724700854700853,11.256876232656634,0.05128205128205128,4.770684624465665,3.285588263385444,1,0.1303924627812021
f4c4daa86e30c7e5a553a8d518ac03a5,20,20,0.05,315.0955,156.38067008025632,0.15,3.044522437723423,5.756044383118974,1,0.11465584007408608
f4ce8ca9fa7157e3b33f536ac9a4487d,4,4,0.0,102.4,57.60859310901454,0.75,1.6094379124341003,4.638604962074329,1,0.19027723011220293
f4db9b37944bcb8873e6b456ee190bbf,22,21,0.0,154.99,28.404545090850867,0.18181818181818182,3.1354942159291497,5.049791902630777,1,0.21708542979647621
f52c2422904463fdd7741f99045fecb6,13,12,0.0,43.676153846153845,49.74098968092482,0.3076923076923077,2.6390573296152584,3.7994398882699705,1,0.2076946947781222
f593898ec748b7a8cb81fc04edafd98a,23,20,0.0,122.30608695652174,87.73619022953092,0.2608695652173913,3.1780538303479458,4.814669775995758,1,0.2143472490928422
f5a590cf36251cf1162ea35bef76fe84,122,117,0.02459016393442623,436.0801639344262,354.1783504157924,0.04918032786885246,4.812184355372417,6.0801166197697984,1,0.025937234147548782
f5b44895715ddfe3087dc414f30268f3,19,19,0.0,19.936842105263157,2.731340624427544,0.15789473684210525,2.995732273553991,3.0415103872534313,1,0.15384867054476142
f5f1f2c5f923f36ad79ea1d07185ddc9,13,12,0.0,147.08846153846156,33.0660755379178,0.3076923076923077,2.6390573296152584,4.997809808302502,1,0.22009393486320794
f5f2ab9bdb6b30c14c61be68c5ed37da,18,18,0.0,118.59333333333335,46.83489522899683,0.16666666666666666,2.9444389791664403,4.784097098602835,1,0.21970886040227405
f5f46307a4d15880ca14fab4ad9dfc9b,10,9,0.0,142.294,104.57162915437435,0.4,2.3978952727983707,4.964898463755172,1,0.20768133218566792
f5fea3ffed6c2e889bab72705557c63a,3,3,0.0,353.3,35.15366268257099,1.0,1.3862943611198906,5.870144011871426,1,0.1406281960926148
f6122bc84774df1b372bdb3bb88ddb9f,3,3,0.0,1599.9566666666667,147.18469878202612,1.0,1.3862943611198906,7.378356646213589,1,0.041018920927734626
f615fe7efbef0f4f08fd3086bc7a3e60,24,23,0.041666666666666664,98.30291666666666,64.42501716977955,0.16666666666666666,3.2188758248682006,4.598174942892345,1,0.17081313686778343
f61c63d13f7cd800549d5acdd390ae72,26,26,0.0,118.16538461538462,97.07963797556856,0.11538461538461539,3.295836866004329,4.780512314935783,1,0.20628730121840533
f626e15b7314c267e4429010866f70e9,7,5,0.0,27.65,7.794228634059948,0.7142857142857143,2.0794415416798357,3.3551534431607486,1,0.17098986931642945
f62d7bb4a613ec758a03342d46b580b2,32,32,0.0,770.78125,31.797930725717045,0.09375,3.4965075614664802,6.648701154949905,1,0.12458130894265823
f63d8f293af3a6454377546bd9dd19ff,28,17,0.0,62.565,31.987577666963162,0.35714285714285715,3.367295829986474,4.152063004402086,1,0.20200149441573872
f650a9708fa1bab22bdd8d3a818cc415,5,5,0.2,101.55,14.824417695140705,0.6,1.791759469228055,4.63035048451839,1,0.09434110027282733
f67efa3f0b6761102a7f8c6b7b571f5d,32,31,0.0,162.14625,94.04457366556296,0.125,3.4965075614664802,5.0946470377920265,1,0.20820590344477935
f680f85bee2d253556ac91be391d2c82,54,45,0.0,95.99851851851852,162.52083391696115,0.16666666666666666,4.007333185232471,4.574695705381786,1,0.1801936328001349
f7496d659ca9fdaf323c0aae84176632,27,26,0.0,188.4285185185185,91.71141581285181,0.14814814814814814,3.332204510175204,5.2440117423764505,1,0.21082853424206088
f76a3b1349b6df1ee875d1f3fa4340f0,24,24,0.0,173.36625,57.12463010912337,0.125,3.2188758248682006,5.1611579721051415,1,0.2081822577647312
f7720c4fa8e3aba4546301ab80ea1f1b,78,60,0.0,26.710897435897433,11.156157456517409,0.21794871794871795,4.3694478524670215,3.321825745066343,1,0.14431575536990987
f783a638e9c6af4a7d0dbfde811e7a81,5,5,0.0,169.95999999999998,86.83318720397178,0.6,1.791759469228055,5.141429611010892,1,0.19219578975093987
f789d2c4f2c2eb38fc4373e7a4b35264,49,44,0.0,99.27020408163264,52.308199126683014,0.12244897959183673,3.912023005428146,4.607868582854723,1,0.21097528291178436
f7ba60f8c3f99e7ee4042fdef03b70c4,230,219,0.0,297.3695652173913,109.4416180864308,0.05217391304347826,5.442417710521793,5.698332869888636,1,0.08687721871622944
f7ccf836d21b2fb1de37564105216cc1,74,70,0.0,37.667567567567566,4.112279176955091,0.08108108108108109,4.31748811353631,3.655001201328064,1,0.17159670844570923
f7df46c1e0ec44eed5c6726478da4a17,3,3,0.3333333333333333,143.23333333333335,18.85618083164115,1.0,1.3862943611198906,4.97143235856273,1,0.03509777766315936
f805b96fa705ba7995a221f1749dc141,7,7,0.0,392.0628571428571,243.5550143023887,0.42857142857142855,2.0794415416798357,5.97396954091926,1,0.1404393182225645
f80edd2c5aaa505cc4b0a3b219abf4b8,128,119,0.0078125,71.1578125,32.36106024553033,0.046875,4.859812404361672,4.278855560716158,1,0.14558949724358067
f8201cab383e484733266d1906e2fdfa,10,10,0.0,88.9,9.695359714832659,0.3,2.3978952727983707,4.498697941477575,1,0.21136276732782566
f84a00e60c73a49e7e851c9bdca3a5bb,99,90,0.0,60.10040404040404,50.37174678909028,0.10101010101010101,4.605170185988092,4.112518478928256,1,0.1836211343616025
f84fa566034f5e8e880a07ec624c56af,102,91,0.0,49.93911764705882,10.512501717417628,0.06862745098039216,4.634728988229636,3.9306311479850944,1,0.1754563650007352
f88adb15807168d3c43d71021090ce4a,3,3,0.0,162.93333333333334,18.431916762929326,1.0,1.3862943611198906,5.099459841113982,1,0.1707615665920279
f8d5c7085db9a4ad2b8c1ffbeb2798c8,6,6,0.0,43.833333333333336,20.432136995973334,0.5,1.9459101490553132,3.802951910373784,1,0.19126399293632967
f8db351d8c4c4c22c6835c19a46f01b0,724,667,0.0013812154696132596,69.78674033149171,78.34564224279059,0.016574585635359115,6.586171654854675,4.2596716997064314,-1,-0.01599270948957021
f8e2c1b59cd4225a3e4fd0d013a76b93,3,2,0.0,73.26666666666667,23.523085587472497,1.0,1.3862943611198906,4.307662219385019,1,0.14838553532281357
f918546be4bec7104d117789ba758b2b,23,20,0.0,64.47826086956522,32.40084481616971,0.2608695652173913,3.1780538303479458,4.181718192430689,1,0.2165708190102042
f9244d45189d3a3605499abddeade7d5,21,21,0.0,749.1157142857143,743.2652548532782,0.14285714285714285,3.091042453358316,6.620227480343825,1,0.01063288456195799
f92d8c817434bd2d84d4e9c61322b7fa,5,5,0.0,34.968,4.166832850019273,0.6,1.791759469228055,3.582629654271226,1,0.18828080258270063
f97e2b0650c2068227e1d366140eb62f,21,16,0.0,174.0,118.54595251269802,0.38095238095238093,3.091042453358316,5.1647859739235145,1,0.19862791802915647
f9903dd0f812c7e771fcad47b6fff231,15,10,0.0,112.32333333333332,123.74525804607177,0.4666666666666667,2.772588722239781,4.730245089755017,1,0.18780084980933254
f9d010e39375d9c91dce3f40b73a2f84,5,4,0.0,242.4,102.44920692714025,0.8,1.791759469228055,5.494706180553427,1,0.16577007295344826
f9ec7093df3a7b346b7bcf7864069ca3,9,9,0.0,57.6888888888889,55.38384129457986,0.3333333333333333,2.302585092994046,4.072250422526813,1,0.2046720853454485
fa14641f57b655e933124a9ea49cd7a5,7,7,0.0,51.41857142857143,16.193977212506603,0.42857142857142855,2.0794415416798357,3.959260945112068,1,0.20360742089740924
fa1a9dec3a9940c072684a46728bf1fc,60,55,0.0,111.23333333333333,37.44536761143569,0.11666666666666667,4.110873864173311,4.7205800374989195,1,0.20077415937634635
fa1c13f2614d7b5c4749cbc52fecda94,586,585,0.0017064846416382253,331.12974402730373,313.3937324479349,0.006825938566552901,6.375024819828097,5.8055256878388715,-1,-0.0666641310541235
fa3a0b5aabb344b9a92e3524b0202123,7,7,0.0,255.57142857142858,48.99229427123391,0.42857142857142855,2.0794415416798357,5.547407099806832,1,0.1992613121849644
fa40cc5b934574b62717c68f3d678b6d,340,307,0.0029411764705882353,47.22314705882353,16.345082740748154,0.026470588235294117,5.831882477283517,3.875839135219475,1,0.0640068766808386
fa74b2f3287d296e9fbd2cc80f2d1cf1,11,11,0.0,223.62636363636364,93.17221418356317,0.2727272727272727,2.4849066497880004,5.41443841580923,1,0.2090595180387705
fac1a9017ade7bdc94058fc1c969f355,10,9,0.0,201.084,124.54172073646647,0.4,2.3978952727983707,5.308683452547214,1,0.19902234015244974
fac35d150712afb921ec59ac5f39bb11,6,5,0.0,116.0,2.8284271247461903,0.6666666666666666,1.9459101490553132,4.762173934797756,1,0.19071166831088732
fad44952713764836814be105382aee5,32,32,0.0,160.28125,25.991866967139934,0.09375,3.4965075614664802,5.083149735349001,1,0.20510459469789455
fadb07c842a2aef5d5a676b85f220e71,7,7,0.0,56.964285714285715,36.25629319053959,0.42857142857142855,2.0794415416798357,4.059827057339387,1,0.20766239521848107
fb3cfbc8a86f5d7fbb4d36b8df63f60d,15,10,0.0,67.15333333333334,3.6743918620032443,0.5333333333333333,2.772588722239781,4.221760068660759,1,0.19647156326850174
fb89df7f89fd1b8f03fa2acca1ba7364,25,22,0.0,88.8,58.7014480230258,0.24,3.258096538021482,4.497584975308154,1,0.21926846346394485
fbc14c0cf93505ef89f64665ffa4a7b5,18,18,0.0,679.3233333333333,517.5129628006111,0.16666666666666666,2.9444389791664403,6.522568175356589,1,0.07300223421070928
fc38b5dceee1a730fad8853453437fbd,5,5,0.0,23.84,9.816027709822341,0.6,1.791759469228055,3.212455257065278,1,0.17097446647130082
fc59392d66ef99377e50356ee4f3b4e1,5,5,0.0,103.998,49.335747850823154,0.6,1.791759469228055,4.653941302357068,1,0.2035094277703937
fc6295add6f51a0936407ead70c1001d,4,1,0.0,40.0,0.0,1.0,1.6094379124341003,3.713572066704308,1,0.12434538747015811
fc906263ca5083d09dce42fe02247800,119,114,0.0,37.79579831932773,4.399167128162982,0.05042016806722689,4.787491742782046,3.6583119500263863,1,0.14948827328468445
fc908879b9ca1bd65419e54e50432d38,4,4,0.0,29.799999999999997,1.0392304845414007,0.75,1.6094379124341003,3.4275146899795286,1,0.17355130367980504
fcb5ace8bcc92f75707dc0f01a27d269,73,62,0.0136986301369863,113.95383561643834,160.06946923073306,0.136986301369863,4.30406509320417,4.744530618346615,1,0.15320189607212636
fcba71d4d5db057f43249145e4eb1e27,3,3,0.0,164.85,10.731806309595273,1.0,1.3862943611198906,5.111083765393062,1,0.17118577255283135
fcdd820084f17e9982427971e4e9d47f,27,16,0.0,177.1848148148148,22.919131482860976,0.4444444444444444,3.332204510175204,5.18282129712302,1,0.18307761235569958
fce62094ffe6a4009188ec44e681dfdd,11,4,0.0,269.97272727272724,155.06081558190522,0.9090909090909091,2.4849066497880004,5.602018178445411,1,0.1332722997799688
fcf16b7a8697e559f0123190bb30177d,7,3,0.0,150.4,0.0,1.0,2.0794415416798357,5.019925341003349,1,0.1535519360035879
fd312b6bf05efac6c3772d5b52205d8a,4,2,0.0,29.674999999999997,0.3897114317031666,1.0,1.6094379124341003,3.423447990596975,1,0.1351724041943756
fd386aa7bed2af3c7035c65506c9b4a3,76,69,0.0,30.31776315789474,23.588723476688926,0.09210526315789473,4.343805421853684,3.4441854496032684,1,0.17076935966984153
fdaaf5bfda82b7b80535610c831b8d09,15,10,0.0,172.59333333333333,105.43472841315408,0.5333333333333333,2.772588722239781,5.156715399031099,1,0.19106644986754634
fdb9095204a334cd8872252ffec6f2db,61,46,0.0,133.70491803278688,41.01632792121723,0.14754098360655737,4.127134385045092,4.903086593757877,1,0.20273460393797105
fde0cc9ea29c8ccfc0a2c22256a58c71,35,35,0.0,112.05714285714286,30.661229923278704,0.08571428571428572,3.58351893845611,4.7278933798960106,1,0.20582612147338042
fe1b067411b8c5066e962aa146ccee03,8,8,0.0,105.9725,34.348466395896025,0.375,2.1972245773362196,4.67257179208355,1,0.21347964171960676
fe1bbc5feda5c8979a8a1b3b2512d5a6,10,9,0.0,72.47200000000001,39.81307945889138,0.4,2.3978952727983707,4.296904381257047,1,0.21631648878167736
fe2032dab1a61af8794248c8196565c9,306,294,0.0,215.55428104575162,71.63630123898122,0.02287581699346405,5.726847747587197,5.377841236782943,1,0.07450453533156276
fe26f3ecb51a15e6d8335cd92da42562,7,7,0.0,386.9942857142857,159.50546796334,0.42857142857142855,2.0794415416798357,5.960990611974322,1,0.16520077702656555
fe49ee029e61e789a1f3a5525f57ba8d,17,17,0.058823529411764705,148.68176470588233,82.59000738839552,0.17647058823529413,2.8903717578961645,5.008511471753913,1,0.15868029105738501
fe4cd9461203cee790d36792420b310f,3,3,0.0,130.38333333333333,12.794030726171734,1.0,1.3862943611198906,4.878119258837807,1,0.17407792217177492
fe701d88b67eaca109dffd464d1be9f9,11,11,0.0,140.8090909090909,57.911302940483615,0.2727272727272727,2.4849066497880004,4.954481722826452,1,0.2202816359931506
fe8055980a4ff7f64ed889c2b5926929,3,3,0.0,65.56666666666668,34.41253001774529,1.0,1.3862943611198906,4.19820395175366,1,0.17280666835196118
fe87f472055fbcf1d7e691c00b1560dc,6,6,0.0,180.96666666666667,95.58104182083156,0.5,1.9459101490553132,5.203823520119602,1,0.18923021627930137
febab0275244b9a49a623f0bd613ca2f,129,109,0.0,56.3753488372093,39.893506146116685,0.08527131782945736,4.867534450455582,4.049614748313587,1,0.16734739407179933
fec6275253471ace26d209bbaa64cd0f,10,9,0.0,284.0,0.0,0.4,2.3978952727983707,5.652489180268651,1,0.1793513802314724
fec8cd45395b3cb0c2b173d7739706a1,4,4,0.0,320.0,0.0,0.75,1.6094379124341003,5.771441123130016,1,0.1554794089081145
fedf2c1386e137f296b3bbf3b635e69d,5,2,0.0,26.348000000000003,10.939421191269668,1.0,1.791759469228055,3.3086434000515474,1,0.13666295634227255
ff063b022a9a0aab91bad2c9088760b7,96,94,0.0,125.796875,171.51009108621287,0.052083333333333336,4.574710978503383,4.84258639658902,1,0.15643215468016508
ff1e15b778c700abdd4d239b81ac466d,7,7,0.0,59.18571428571429,1.749635530559214,0.42857142857142855,2.0794415416798357,4.097435019929658,1,0.19860457090599992
ff1fb4c404b2efe68b03350a8dc24122,49,46,0.0,138.18367346938774,99.94359092056611,0.12244897959183673,3.912023005428146,4.935794452726881,1,0.2042779478968445
ff4e2d38692ce827b1a4f4b8196e680d,11,11,0.0,47.17272727272727,16.110645317987228,0.2727272727272727,2.4849066497880004,3.874793036700346,1,0.208582881149939
ff4ea69c2a729e83e63c7579e4ef8170,9,9,0.1111111111111111,779.6666666666666,103.87599444637036,0.3333333333333333,2.302585092994046,6.660148255489553,1,0.0690967109305134
ff69aa92bb6b1bf9b8b7a51c2ed9cf8b,20,20,0.0,1097.04,382.3670218520422,0.15,3.044522437723423,7.0012820512784195,1,0.06924945322574594
ff82e8873fba613f2261a9acc896fd84,4,4,0.0,31.150000000000002,22.46525094451429,0.75,1.6094379124341003,3.4704124506836287,1,0.17954681146177964
ffa6adafb71b807dc13159e26431354c,18,18,0.0,148.32777777777778,56.5153254097757,0.16666666666666666,2.9444389791664403,5.006143740673897,1,0.22143687913465232
ffad1e7127fb622cb64a900751590acd,15,10,0.0,58.95333333333333,35.82350935101448,0.5333333333333333,2.772588722239781,4.09356648181826,1,0.1991324145582019
ffc470761de7d0232558ba5e786e57b7,31,28,0.0,53.19387096774194,44.2234337002614,0.1935483870967742,3.4657359027997265,3.9925678202753954,1,0.20813378400467614
ffdd9f82b9a447f6f8d4b91554cc7dd3,20,18,0.0,105.05999999999999,64.66142126492429,0.25,3.044522437723423,4.664004971708984,1,0.22388231605942094
ffeee66ac5d5a62fe688b9d26f83f534,14,14,0.0,131.41857142857143,14.069796859708704,0.21428571428571427,2.70805020110221,4.885967901253727,1,0.21613997020689202
fffd5413c0700ac820c7069d66d98c89,61,60,0.01639344262295082,148.5622950819672,98.94512333004684,0.06557377049180328,4.127134385045092,5.007712995551262,1,0.16302647025692424
ffff564a4f9085cd26170f4732393726,20,20,0.2,71.315,74.25542084588841,0.15,3.044522437723423,4.281031576525695,1,0.06843963677754916
